solid auto-kdk-case
facet normal -0.0003378732591444617 -0.9999999428702109 0.000010061600891795718
outer loop
vertex 57.582847595214844 -64.54120635986328 -4
vertex 63.18284606933594 -64.54309844970703 -4
vertex 144.68284606933594 -64.57061004638672 -1.5078009366989136
endloop
endfacet
facet normal -0.0003375655841988593 -0.9999999430247366 0
outer loop
vertex 63.18284606933594 -64.54309844970703 -4
vertex 63.18284606933594 -64.54309844970703 -5
vertex 144.68284606933594 -64.57061004638672 -1.5078009366989136
endloop
endfacet
facet normal -2.001553476276817e-12 5.176976967450583e-12 1
outer loop
vertex 158.29324340820312 63.46815490722656 -1.695069952456496e-11
vertex 159.3434295654297 60.599937438964844 0
vertex 160.74893188476562 61.143341064453125 0
endloop
endfacet
facet normal -0.0003365108633803468 -0.9999999322014765 0.00014952418179365283
outer loop
vertex 51.18284606933594 -64.53904724121094 -4
vertex 56.78284454345703 -64.54093170166016 -4
vertex 38.53566360473633 -64.53477478027344 -3.8893399238586426
endloop
endfacet
facet normal -0.0003374176568375481 -0.9999999430746608 0
outer loop
vertex 56.78284454345703 -64.54093170166016 -4
vertex 56.78284454345703 -64.54093170166016 -1.6661243438720703
vertex 38.53566360473633 -64.53477478027344 -3.8893399238586426
endloop
endfacet
facet normal 9.323656540829057e-12 9.323656540829057e-12 1
outer loop
vertex 157.97494506835938 61.968421936035156 0
vertex 159.3434295654297 60.599937438964844 0
vertex 158.29324340820312 63.46815490722656 -1.695069952456496e-11
endloop
endfacet
facet normal -0.3753888299171614 0.9268667195314757 -0.001144813690254699
outer loop
vertex -158.3451385498047 43.20060729980469 -6.967592239379883
vertex -159.2361602783203 42.839725494384766 -6.976092338562012
vertex -158.36328125 43.20063018798828 -1
endloop
endfacet
facet normal -0.38205828381118867 0.9241382297776843 -0.000005883632377476253
outer loop
vertex -159.2361602783203 42.839725494384766 -6.976092338562012
vertex -159.28392028808594 42.81998062133789 -6.956488609313965
vertex -158.36328125 43.20063018798828 -1
endloop
endfacet
facet normal -0.7071067811865476 0.7071067811865476 0
outer loop
vertex -159.28392028808594 42.81998062133789 -6.956488609313965
vertex -161.56939697265625 40.53450393676758 -7.026446342468262
vertex -159.28392028808594 42.81998062133789 -1
endloop
endfacet
facet normal -0.40515407059178127 -0.91424842306832 0
outer loop
vertex -159.47119140625 -64.03985595703125 -11.481549263000488
vertex -158.5281982421875 -64.45774841308594 -11.499794960021973
vertex -159.47119140625 -64.03985595703125 -1
endloop
endfacet
facet normal -0.0003376006351086909 -0.9999999430127209 -6.049909992985035e-7
outer loop
vertex 37.475006103515625 -64.53441619873047 -3.450000047683716
vertex -57.10447692871094 -64.50248718261719 -1.666095495223999
vertex 25.475004196166992 -64.53036499023438 -3.450000047683716
endloop
endfacet
facet normal -0.7406014065030971 -0.671944608346279 0
outer loop
vertex -161.61448669433594 -61.67756652832031 -11.398161888122559
vertex -159.50930786132812 -63.99784469604492 -11.499467849731445
vertex -161.61448669433594 -61.67756652832031 -1
endloop
endfacet
facet normal -0.0003375527493971755 -0.9999999430288986 -5.83891809609422e-7
outer loop
vertex 37.475006103515625 -64.53441619873047 -3.450000047683716
vertex 52.68284606933594 -64.53955078125 -1.5078009366989136
vertex -53.004478454589844 -64.50387573242188 -1.5075032711029053
endloop
endfacet
facet normal -0.9328985674502691 -0.360139227034817 0
outer loop
vertex -161.9499969482422 -60.808475494384766 -11.386215209960938
vertex -161.64012145996094 -61.61117172241211 -11.420197486877441
vertex -161.9499969482422 -60.808475494384766 -1
endloop
endfacet
facet normal 0.0012824850694492585 0.9999991088947144 0.0003707314714428867
outer loop
vertex -150.5043487548828 43.1905517578125 -6.968031406402588
vertex -158.3451385498047 43.20060729980469 -6.967592239379883
vertex -150.5044708251953 43.189266204833984 -3.5
endloop
endfacet
facet normal -0.003812490269892971 -0.9999927324325623 0
outer loop
vertex -155.5044708251953 -64.46927642822266 -5
vertex -155.5044708251953 -64.46927642822266 -4
vertex -158.5281982421875 -64.45774841308594 -11.499794960021973
endloop
endfacet
facet normal 0 0 1
outer loop
vertex 63.036399841308594 -63.19462203979492 0
vertex 62.87418746948242 -63.303009033203125 0
vertex 148.78285217285156 -63.571990966796875 0
endloop
endfacet
facet normal 0 0 1
outer loop
vertex -143.81314086914062 -63.233238220214844 0
vertex -63.004478454589844 -63.3023567199707 0
vertex -63.19581985473633 -63.2642936706543 0
endloop
endfacet
facet normal 0.15200312970854052 0.9883800122213932 -2.178598880791527e-7
outer loop
vertex 29.25110626220703 63.3570671081543 -1
vertex 27.630517959594727 63.60629653930664 -6.075545787811279
vertex 27.626258850097656 63.60695266723633 -1
endloop
endfacet
facet normal 0 0 1
outer loop
vertex -160.9499969482422 39.4167366027832 0
vertex -159.4499969482422 24.71765899658203 0
vertex -159.3434295654297 24.974937438964844 0
endloop
endfacet
facet normal -0.00033755219236346963 -0.9999999430100946 -0.000006190708558441817
outer loop
vertex -147.1383819580078 -64.47209930419922 -1.625314712524414
vertex -148.3582763671875 -64.47168731689453 -1.659115195274353
vertex -57.904476165771484 -64.5022201538086 -1.6661243438720703
endloop
endfacet
facet normal -0.00028446693808463047 -0.9999991838605201 -0.0012455347666685689
outer loop
vertex 38.975006103515625 -64.53492736816406 -9.949999809265137
vertex 158.20423889160156 -64.56690979003906 -11.503050804138184
vertex 155.18284606933594 -64.57415008544922 -5
endloop
endfacet
facet normal -0.00033776244210060897 -0.9999999429536646 0.000003033192782722993
outer loop
vertex 38.975006103515625 -64.53492736816406 -9.949999809265137
vertex 148.0367889404297 -64.57173919677734 -1.6591988801956177
vertex 146.8173370361328 -64.57132720947266 -1.6254957914352417
endloop
endfacet
facet normal 0 0 1
outer loop
vertex 155.14479064941406 -63.06346893310547 0
vertex 155.03639221191406 -63.22568130493164 0
vertex 157.9967803955078 -63.57509994506836 0
endloop
endfacet
facet normal 9.82826372625017e-17 1.4363490028013528e-14 1
outer loop
vertex 31.481647491455078 63.37390899658203 -6.250156167901706e-15
vertex 31.00563621520996 62.94202423095703 0
vertex 157.71766662597656 62.07499313354492 0
endloop
endfacet
facet normal 0 0 1
outer loop
vertex -159.3434295654297 -60.599952697753906 0
vertex -159.4499969482422 -60.342674255371094 0
vertex -158.87269592285156 -63.21128845214844 0
endloop
endfacet
facet normal 0 0 1
outer loop
vertex 4.1551642417907715 -62.075008392333984 0
vertex -51.504478454589844 -62.075008392333984 0
vertex 4.632968902587891 -62.27292251586914 0
endloop
endfacet
facet normal 0.0012825408711523642 0.9999991775441187 0
outer loop
vertex -148.30447387695312 43.18772888183594 -2.5
vertex -148.30447387695312 43.18772888183594 -1.100000023841858
vertex -74.24376678466797 43.092742919921875 -1
endloop
endfacet
facet normal 0 0 1
outer loop
vertex -143.5044708251953 -62.771297454833984 0
vertex -143.54254150390625 -62.96263885498047 0
vertex -63.504478454589844 -62.8023567199707 0
endloop
endfacet
facet normal -0.0003378727988463334 -0.9999999429209843 0
outer loop
vertex -149.10447692871094 -64.471435546875 -1.666095495223999
vertex -149.10447692871094 -64.471435546875 -4
vertex -143.5044708251953 -64.47332763671875 -4
endloop
endfacet
facet normal -0.00033733030595434096 -0.9999999431037644 8.559321566157746e-7
outer loop
vertex 60.93635559082031 -64.5423355102539 -1.5587413311004639
vertex 57.582847595214844 -64.54120635986328 -4
vertex 61.68284606933594 -64.54258728027344 -1.5075032711029053
endloop
endfacet
facet normal 0 0 1
outer loop
vertex 20.010364532470703 57.76845932006836 0
vertex 23.544464111328125 43.6257438659668 0
vertex 30.550004959106445 60.34265899658203 0
endloop
endfacet
facet normal -0.35974402222943747 0.9330510374412463 0
outer loop
vertex 30.947853088378906 64.23985290527344 -5.966757297515869
vertex 30.947853088378906 64.23985290527344 -1
vertex 31.8181095123291 64.57538604736328 -1
endloop
endfacet
facet normal -0.0003950300288833368 -0.9999999219021674 -0.000012121696837989551
outer loop
vertex 24.08918571472168 -64.52989959716797 -10.524024963378906
vertex 23.975004196166992 -64.52986145019531 -9.949999809265137
vertex -158.5281982421875 -64.45774841308594 -11.499794960021973
endloop
endfacet
facet normal -0.00033740259413156165 -0.999999943079743 0
outer loop
vertex 149.5828399658203 -64.57225799560547 -4
vertex 150.32904052734375 -64.572509765625 -1.659115195274353
vertex 149.5828399658203 -64.57225799560547 -1.666095495223999
endloop
endfacet
facet normal -0.0003376002476584906 -0.9999986364088966 -0.001616541499696172
outer loop
vertex -158.5281982421875 -64.45774841308594 -11.499794960021973
vertex -143.5044708251953 -64.47332763671875 -5
vertex -155.5044708251953 -64.46927642822266 -5
endloop
endfacet
facet normal 0 0 1
outer loop
vertex -157.71766662597656 26.449993133544922 0
vertex -136.46151733398438 26.449993133544922 0
vertex -135.6999969482422 27.211515426635742 0
endloop
endfacet
facet normal 0 0 1
outer loop
vertex -155.0044708251953 -63.271297454833984 0
vertex -158.29266357421875 -63.46833038330078 0
vertex -149.90447998046875 -63.47116470336914 0
endloop
endfacet
facet normal 0 0 1
outer loop
vertex 32.28234100341797 62.07499313354492 0
vertex 31.00563621520996 62.94202423095703 0
vertex 32.02505874633789 61.968421936035156 0
endloop
endfacet
facet normal 0 0 1
outer loop
vertex -70.68546295166016 38.48987579345703 0
vertex -73.29999542236328 22.48664093017578 0
vertex -70.51708984375 38.444759368896484 0
endloop
endfacet
facet normal -1.0968537537338629e-13 1.0968537537338629e-13 1
outer loop
vertex 30.656574249267578 60.599937438964844 0
vertex 32.02505874633789 61.968421936035156 0
vertex 29.53812599182129 62.40263748168945 -3.204072478255743e-13
endloop
endfacet
facet normal 0 0 1
outer loop
vertex -63.56964111328125 36.88313293457031 0
vertex -72.5321044921875 21.724042892456055 0
vertex -60.82514572143555 21.805017471313477 0
endloop
endfacet
facet normal 0 0 1
outer loop
vertex -149.90447998046875 -63.271297454833984 0
vertex -155.0044708251953 -63.271297454833984 0
vertex -149.90447998046875 -63.47116470336914 0
endloop
endfacet
facet normal 0.0008736410046212043 0.9999992591518845 -0.000847612575006197
outer loop
vertex 148.18284606933594 64.47587585449219 -3.5
vertex 31.83871078491211 64.57537078857422 -6.0343499183654785
vertex 147.98284912109375 64.47689819335938 -2.5
endloop
endfacet
facet normal 0 0 1
outer loop
vertex -51.504478454589844 -62.075008392333984 0
vertex -51.504478454589844 -62.8023567199707 0
vertex 4.685055732727051 -62.325008392333984 0
endloop
endfacet
facet normal 0.0012825559703533778 0.9999991775247532 0
outer loop
vertex -158.36328125 43.20063018798828 -1
vertex -150.70448303222656 43.1908073425293 -1.100000023841858
vertex -150.70448303222656 43.1908073425293 -2.5
endloop
endfacet
facet normal -0.0003376236999035107 -0.9999999430051171 0
outer loop
vertex -62.004478454589844 -64.50083923339844 -1
vertex -145.0044708251953 -64.47281646728516 -1
vertex -62.004478454589844 -64.50083923339844 -1.5078009366989136
endloop
endfacet
facet normal 0 0 1
outer loop
vertex 51.18284606933594 -62.62500762939453 0
vertex 4.975005149841309 -62.62500762939453 0
vertex 51.18284606933594 -62.841068267822266 0
endloop
endfacet
facet normal 0.6718894835230443 -0.740651417288279 0
outer loop
vertex 159.05239868164062 -64.2396469116211 -11.488762855529785
vertex 159.09011840820312 -64.20542907714844 -11.50289535522461
vertex 159.05239868164062 -64.2396469116211 -1
endloop
endfacet
facet normal -0.0003348010532081226 -0.9999999436792573 -0.00002344647169096429
outer loop
vertex 53.43080139160156 -64.53980255126953 -1.5590900182724
vertex 37.475006103515625 -64.53441619873047 -3.450000047683716
vertex 54.139732360839844 -64.5400390625 -1.5949000120162964
endloop
endfacet
facet normal 0.6719461530162588 -0.7406000050274443 0
outer loop
vertex 159.05239868164062 -64.2396469116211 -1
vertex 161.41458129882812 -62.096439361572266 -11.41081428527832
vertex 161.41458129882812 -62.096439361572266 -1
endloop
endfacet
facet normal -0.00033752939204517436 -0.9999999430369532 0
outer loop
vertex -63.504478454589844 -64.50032806396484 -5
vertex -63.504478454589844 -64.50032806396484 -4
vertex -149.10447692871094 -64.471435546875 -1.666095495223999
endloop
endfacet
facet normal 0 0 1
outer loop
vertex 159.45001220703125 -60.342674255371094 0
vertex 160.58612060546875 -61.49784469604492 0
vertex 160.74893188476562 61.143341064453125 0
endloop
endfacet
facet normal 0 0 1
outer loop
vertex -67.24176788330078 38.870182037353516 0
vertex 17.909740447998047 59.02914047241211 0
vertex 27.673307418823242 62.58795928955078 0
endloop
endfacet
facet normal 0 0 1
outer loop
vertex 63.18284606933594 -62.841068267822266 0
vertex 143.3292999267578 -63.22568130493164 0
vertex 143.2209014892578 -63.06346893310547 0
endloop
endfacet
facet normal -0.0003374776228883522 -0.9999999430544253 0
outer loop
vertex 51.18284606933594 -64.53904724121094 -4
vertex 38.975006103515625 -64.53492736816406 -4.949999809265137
vertex 51.18284606933594 -64.53904724121094 -5
endloop
endfacet
facet normal 0 0 1
outer loop
vertex 157.9967803955078 -63.57509994506836 0
vertex 158.5185089111328 -63.3737907409668 0
vertex 160.58612060546875 -61.49784469604492 0
endloop
endfacet
facet normal -0.6719452892081866 0.7406007887593196 0
outer loop
vertex 30.947853088378906 64.23985290527344 -5.966757297515869
vertex 30.333690643310547 63.68262481689453 -6.241451740264893
vertex 30.947853088378906 64.23985290527344 -1
endloop
endfacet
facet normal -0.00033784533785776805 -0.999999942930255 -1.191150093541105e-7
outer loop
vertex -151.8699951171875 -64.47049713134766 -1.6254957914352417
vertex -149.90447998046875 -64.47116088867188 -4
vertex -150.65052795410156 -64.47090911865234 -1.6591988801956177
endloop
endfacet
facet normal 0.15200105814172785 0.9883803308056996 4.592214887486066e-7
outer loop
vertex 28.629907608032227 63.45260238647461 -6.089568138122559
vertex 27.630517959594727 63.60629653930664 -6.075545787811279
vertex 29.25110626220703 63.3570671081543 -1
endloop
endfacet
facet normal 0 0 1
outer loop
vertex -67.84353637695312 38.433250427246094 0
vertex -62.53272247314453 38.817996978759766 0
vertex -62.30895233154297 38.98375701904297 0
endloop
endfacet
facet normal 0 0 1
outer loop
vertex -155.3580322265625 -63.12485122680664 0
vertex -158.29266357421875 -63.46833038330078 0
vertex -155.19581604003906 -63.233238220214844 0
endloop
endfacet
facet normal -0.000337520563782088 -0.9999999430392508 -0.0000011680005655985648
outer loop
vertex -158.5044708251953 -64.46826171875 -1
vertex -149.90447998046875 -64.47116088867188 -4
vertex -154.0044708251953 -64.46977996826172 -1.5078009366989136
endloop
endfacet
facet normal 0.1004132502146674 0.9949458172088199 0
outer loop
vertex -68.4328384399414 39.23674774169922 -7.295970439910889
vertex -68.56917572021484 39.25050735473633 -7.239981651306152
vertex -68.4328384399414 39.23674774169922 -1
endloop
endfacet
facet normal 0.4054901420117992 0.9140994173126088 0
outer loop
vertex 159.47142028808594 64.03958892822266 -6.0267438888549805
vertex 159.4215087890625 64.06172943115234 -6.0485687255859375
vertex 159.47142028808594 64.03958892822266 -1
endloop
endfacet
facet normal 0 0 1
outer loop
vertex -70.51708984375 38.444759368896484 0
vertex -73.29999542236328 22.48664093017578 0
vertex -70.4434814453125 38.43832015991211 0
endloop
endfacet
facet normal -0.0003378727988460428 -0.9999999429201241 -0.000001311611730785973
outer loop
vertex 149.5828399658203 -64.57225799560547 -4
vertex 155.18284606933594 -64.57415008544922 -4
vertex 153.68284606933594 -64.57364654541016 -1.5075032711029053
endloop
endfacet
facet normal 0 0 1
outer loop
vertex -73.29999542236328 38.96765899658203 0
vertex -73.29999542236328 22.48664093017578 0
vertex -70.68546295166016 38.48987579345703 0
endloop
endfacet
facet normal 0 0 1
outer loop
vertex 30.620710372924805 62.72819519042969 0
vertex 32.02505874633789 61.968421936035156 0
vertex 30.675710678100586 62.7429313659668 0
endloop
endfacet
facet normal 0 0 1
outer loop
vertex -68.53287506103516 38.24549865722656 0
vertex -73.29999542236328 22.48664093017578 0
vertex -67.84353637695312 38.433250427246094 0
endloop
endfacet
facet normal 0 0 1
outer loop
vertex -63.52862548828125 37.158573150634766 0
vertex -73.29999542236328 22.48664093017578 0
vertex -63.56964111328125 36.88313293457031 0
endloop
endfacet
facet normal 0.0011129426524673265 0.9999983528403188 -0.001433762637728965
outer loop
vertex 158.50543212890625 64.46797180175781 -1
vertex 148.18284606933594 64.47587585449219 -3.5
vertex 150.38284301757812 64.47486114501953 -2.5
endloop
endfacet
facet normal 0 0 1
outer loop
vertex -158.16531372070312 42.200374603271484 0
vertex -75.0323257446289 40.69999313354492 0
vertex -74.45628356933594 42.093017578125 0
endloop
endfacet
facet normal 0 0 1
outer loop
vertex -158.16531372070312 42.200374603271484 0
vertex -158.7176971435547 41.97198486328125 0
vertex -75.0323257446289 40.69999313354492 0
endloop
endfacet
facet normal 0.4053920630567727 0.9141415872177922 -0.0015600415087780378
outer loop
vertex 159.47142028808594 64.03958892822266 -1
vertex 158.48599243164062 64.4679946899414 -6.039038181304932
vertex 158.9239044189453 64.28239440917969 -1
endloop
endfacet
facet normal -0.0003375517126599515 -0.999999943029419 0
outer loop
vertex -148.3582763671875 -64.47168731689453 -1.659115195274353
vertex -57.904476165771484 -64.5022201538086 -4
vertex -57.904476165771484 -64.5022201538086 -1.6661243438720703
endloop
endfacet
facet normal 0 0 1
outer loop
vertex -158.7176971435547 41.97198486328125 0
vertex -160.7216339111328 39.96805191040039 0
vertex -133.96766662597656 40.69999313354492 0
endloop
endfacet
facet normal -0.0003387053558648071 -0.9999999410540785 -0.00005630738138084383
outer loop
vertex -53.75096893310547 -64.50362396240234 -1.5587413311004639
vertex -54.465763092041016 -64.50337982177734 -1.5949000120162964
vertex 37.475006103515625 -64.53441619873047 -3.450000047683716
endloop
endfacet
facet normal -0.0003375438409897205 -0.9999999430180885 0.000005289152786265633
outer loop
vertex -60.54759216308594 -64.50132751464844 -1.5949000120162964
vertex -145.0044708251953 -64.47281646728516 -1
vertex -59.869991302490234 -64.50155639648438 -1.6254957914352417
endloop
endfacet
facet normal 0 0 1
outer loop
vertex -160.9499969482422 39.4167366027832 0
vertex -157.71766662597656 26.449993133544922 0
vertex -135.6999969482422 38.96765899658203 0
endloop
endfacet
facet normal 0 0 1
outer loop
vertex 51.32929229736328 -63.19462203979492 0
vertex -51.65092468261719 -63.155906677246094 0
vertex 51.49150466918945 -63.303009033203125 0
endloop
endfacet
facet normal -0.0003945636501559368 -0.999999873132131 -0.0003131377459690246
outer loop
vertex -158.5281982421875 -64.45774841308594 -11.499794960021973
vertex 25.475004196166992 -64.53036499023438 -11.449999809265137
vertex 24.90097999572754 -64.5301742553711 -11.335819244384766
endloop
endfacet
facet normal 0 0 1
outer loop
vertex -63.504478454589844 -62.075008392333984 0
vertex -143.5044708251953 -62.771297454833984 0
vertex -63.504478454589844 -62.8023567199707 0
endloop
endfacet
facet normal 0 0 1
outer loop
vertex 27.673307418823242 62.58795928955078 0
vertex 20.010364532470703 57.76845932006836 0
vertex 30.550004959106445 60.34265899658203 0
endloop
endfacet
facet normal -0.00033740604387907686 -0.9999999430785792 0
outer loop
vertex 57.582847595214844 -64.54120635986328 -4
vertex 58.32904052734375 -64.54145812988281 -1.659115195274353
vertex 57.582847595214844 -64.54120635986328 -1.666095495223999
endloop
endfacet
facet normal -0.0003374668369054525 -0.9999999430580553 1.4160578895812532e-7
outer loop
vertex 37.475006103515625 -64.53441619873047 -3.450000047683716
vertex 56.78284454345703 -64.54093170166016 -1.6661243438720703
vertex 56.03678894042969 -64.54067993164062 -1.6591988801956177
endloop
endfacet
facet normal 0.9141214190736169 -0.4054405396489565 0
outer loop
vertex 161.41458129882812 -62.096439361572266 -11.41081428527832
vertex 161.4417266845703 -62.03523635864258 -11.434422492980957
vertex 161.41458129882812 -62.096439361572266 -1
endloop
endfacet
facet normal -0.00033757273056554107 -0.9999999430223102 1.6677999757713075e-7
outer loop
vertex 63.18284606933594 -64.54309844970703 -5
vertex 38.975006103515625 -64.53492736816406 -9.949999809265137
vertex 144.68284606933594 -64.57061004638672 -1.5078009366989136
endloop
endfacet
facet normal -0.7406014360099762 -0.6719445758244956 0
outer loop
vertex -161.61448669433594 -61.67756652832031 -1
vertex -159.47119140625 -64.03985595703125 -11.481549263000488
vertex -159.47119140625 -64.03985595703125 -1
endloop
endfacet
facet normal -0.0003374720088821282 -0.99999994305601 -7.873269283500059e-7
outer loop
vertex 148.0367889404297 -64.57173919677734 -1.6591988801956177
vertex 38.975006103515625 -64.53492736816406 -9.949999809265137
vertex 148.78285217285156 -64.57199096679688 -1.6661243438720703
endloop
endfacet
facet normal 0.7406002372609646 0.6719458970548811 3.3795138990649253e-7
outer loop
vertex -70.34344482421875 39.4295654296875 -1
vertex -70.90464782714844 40.04811096191406 -7.081939697265625
vertex -73.27838897705078 42.66438293457031 -6.960005760192871
endloop
endfacet
facet normal 0.0012825027873761918 0.999999177592962 0
outer loop
vertex -74.26323699951172 43.092769622802734 -6.9723005294799805
vertex -148.50460815429688 43.187984466552734 -6.968142986297607
vertex -148.50460815429688 43.187984466552734 -3.5
endloop
endfacet
facet normal 0.9141348571383637 -0.40541024033018463 2.1267978637380865e-7
outer loop
vertex 161.41458129882812 -62.096439361572266 -1
vertex 161.4417266845703 -62.03523635864258 -11.434422492980957
vertex 161.8429718017578 -61.1304931640625 -11.396458625793457
endloop
endfacet
facet normal -0.6719456867512381 0.7406004280692792 8.492735529339593e-8
outer loop
vertex 30.947853088378906 64.23985290527344 -1
vertex 30.333690643310547 63.68262481689453 -6.241451740264893
vertex 30.555278778076172 63.883670806884766 -1
endloop
endfacet
facet normal -0.00033762366406843967 -0.9999999430042333 0.0000013384876375019423
outer loop
vertex 61.68284606933594 -64.54258728027344 -1.5075032711029053
vertex 57.582847595214844 -64.54120635986328 -4
vertex 144.68284606933594 -64.57061004638672 -1.5078009366989136
endloop
endfacet
facet normal -0.0003374776228883522 -0.9999999430544254 0
outer loop
vertex 38.975006103515625 -64.53492736816406 -4.949999809265137
vertex 38.975006103515625 -64.53492736816406 -9.949999809265137
vertex 51.18284606933594 -64.53904724121094 -5
endloop
endfacet
facet normal -0.0003376040135316841 -0.9999999430117634 0
outer loop
vertex -51.504478454589844 -64.50437927246094 -4
vertex -51.504478454589844 -64.50437927246094 -5
vertex 23.975004196166992 -64.52986145019531 -4.949999809265137
endloop
endfacet
facet normal 0.0014461952834727595 0.9999989542588967 5.613198185996866e-7
outer loop
vertex -150.5044708251953 43.189266204833984 -3.5
vertex -158.3451385498047 43.20060729980469 -6.967592239379883
vertex -158.36328125 43.20063018798828 -1
endloop
endfacet
facet normal 0 0 1
outer loop
vertex 143.68284606933594 -63.372127532958984 0
vertex 63.18284606933594 -62.841068267822266 0
vertex 148.78285217285156 -63.571990966796875 0
endloop
endfacet
facet normal 0.7405990455371597 0.6719472105377114 1.908404612320091e-7
outer loop
vertex -70.34344482421875 39.4295654296875 -1
vertex -70.55901336669922 39.66716003417969 -7.156548023223877
vertex -70.83661651611328 39.97312545776367 -7.080065727233887
endloop
endfacet
facet normal -0.0003377223223429137 -0.9999999429718095 1.0191932449583458e-7
outer loop
vertex 150.32904052734375 -64.572509765625 -1.659115195274353
vertex 149.5828399658203 -64.57225799560547 -4
vertex 151.5489501953125 -64.57292175292969 -1.625314712524414
endloop
endfacet
facet normal -0.00033738876117926306 -0.9999999430844103 0
outer loop
vertex 153.68284606933594 -64.57364654541016 -1
vertex 153.68284606933594 -64.57364654541016 -1.5075032711029053
vertex 158.18284606933594 -64.57516479492188 -1
endloop
endfacet
facet normal 0 0 1
outer loop
vertex -73.29999542236328 38.96765899658203 0
vertex -70.68546295166016 38.48987579345703 0
vertex -70.84344482421875 38.563541412353516 0
endloop
endfacet
facet normal 0.1004090673080299 0.9949462393528221 9.232313248737917e-8
outer loop
vertex -68.4328384399414 39.23674774169922 -1
vertex -68.56917572021484 39.25050735473633 -7.239981651306152
vertex -68.99668884277344 39.29365158081055 -7.148826599121094
endloop
endfacet
facet normal -0.9238801416543463 0.3826819617603434 0
outer loop
vertex -161.56939697265625 40.53450393676758 -7.026446342468262
vertex -161.9499969482422 39.61565017700195 -7.0324907302856445
vertex -161.56939697265625 40.53450393676758 -1
endloop
endfacet
facet normal 0 0 1
outer loop
vertex -157.71766662597656 -62.075008392333984 0
vertex -157.97494506835938 -61.96843719482422 0
vertex -158.87269592285156 -63.21128845214844 0
endloop
endfacet
facet normal 0.10040692240274778 0.9949464558121232 7.092910538300901e-7
outer loop
vertex -69.58797454833984 39.35332489013672 -7.145666122436523
vertex -69.78767395019531 39.373477935791016 -7.144258499145508
vertex -68.4328384399414 39.23674774169922 -1
endloop
endfacet
facet normal 0 0 1
outer loop
vertex -160.9499969482422 39.4167366027832 0
vertex -157.97494506835938 26.34342384338379 0
vertex -157.71766662597656 26.449993133544922 0
endloop
endfacet
facet normal 0 0 1
outer loop
vertex 63.1447868347168 -63.032413482666016 0
vertex 63.036399841308594 -63.19462203979492 0
vertex 148.78285217285156 -63.571990966796875 0
endloop
endfacet
facet normal 0.15200577390456427 0.9883796055664414 0
outer loop
vertex 29.25110626220703 63.3570671081543 -1
vertex 29.25110626220703 63.3570671081543 -6.192280292510986
vertex 28.947999954223633 63.403682708740234 -6.11016321182251
endloop
endfacet
facet normal 0.10041286053314308 0.9949458565366139 -4.1820440849114515e-7
outer loop
vertex -69.20689392089844 39.31486511230469 -7.147345066070557
vertex -69.58797454833984 39.35332489013672 -7.145666122436523
vertex -68.4328384399414 39.23674774169922 -1
endloop
endfacet
facet normal 0 0 1
outer loop
vertex -155.46641540527344 -62.96263885498047 0
vertex -158.87269592285156 -63.21128845214844 0
vertex -155.3580322265625 -63.12485122680664 0
endloop
endfacet
facet normal 0 0 1
outer loop
vertex -73.29999542236328 38.96765899658203 0
vertex -73.8770523071289 41.83599853515625 0
vertex -73.40656280517578 39.224937438964844 0
endloop
endfacet
facet normal -0.2424130554150976 0.9701731336514081 -0.000036129263036919536
outer loop
vertex -67.67477416992188 39.792728424072266 -7.097970008850098
vertex 27.630517959594727 63.60629653930664 -6.075545787811279
vertex -67.63634490966797 39.802330017089844 -7.113104820251465
endloop
endfacet
facet normal 0.0008487719933945294 0.9999996385996401 -0.000048853784742911184
outer loop
vertex 147.98284912109375 64.47689819335938 -1.100000023841858
vertex 158.50543212890625 64.46797180175781 -1
vertex 150.38284301757812 64.47486114501953 -1.100000023841858
endloop
endfacet
facet normal 0 0 1
outer loop
vertex -160.74868774414062 -61.14360809326172 0
vertex -158.87269592285156 -63.21128845214844 0
vertex -159.4499969482422 -60.342674255371094 0
endloop
endfacet
facet normal -0.0003365113256019845 -0.9999999433785742 0.0000017251461319997947
outer loop
vertex -158.5044708251953 -64.46826171875 -1
vertex -155.5044708251953 -64.46927642822266 -4
vertex -149.90447998046875 -64.47116088867188 -4
endloop
endfacet
facet normal -0.28798265878300744 0.9576356239406875 0
outer loop
vertex 30.333690643310547 63.68262481689453 -6.241451740264893
vertex 29.886274337768555 63.54807662963867 -6.182485103607178
vertex 30.333690643310547 63.68262481689453 -1
endloop
endfacet
facet normal -0.24242990430129274 0.970168924208803 0
outer loop
vertex 27.626258850097656 63.60695266723633 -1
vertex -67.67477416992188 39.792728424072266 -7.097970008850098
vertex -67.67477416992188 39.792728424072266 -1
endloop
endfacet
facet normal -0.00026869777570495614 -0.999999963102717 -0.00003995084416263671
outer loop
vertex 38.86082458496094 -64.53488159179688 -10.524024963378906
vertex 38.53566360473633 -64.53477478027344 -11.010660171508789
vertex 158.20423889160156 -64.56690979003906 -11.503050804138184
endloop
endfacet
facet normal 0 0 1
outer loop
vertex 160.74893188476562 61.143341064453125 0
vertex 160.58612060546875 -61.49784469604492 0
vertex 160.84315490722656 -60.918277740478516 0
endloop
endfacet
facet normal -0.6719445849037511 0.7406014277724056 0
outer loop
vertex 30.333690643310547 63.68262481689453 -6.241451740264893
vertex 30.333690643310547 63.68262481689453 -1
vertex 30.555278778076172 63.883670806884766 -1
endloop
endfacet
facet normal 0.0008487716859196701 0.9999992763412826 -0.0008525863804247562
outer loop
vertex 148.18284606933594 64.47587585449219 -3.5
vertex 147.98284912109375 64.47689819335938 -2.5
vertex 150.38284301757812 64.47486114501953 -2.5
endloop
endfacet
facet normal 0 0 1
outer loop
vertex 4.975005149841309 -62.62500762939453 0
vertex -51.504478454589844 -62.8023567199707 0
vertex 51.22090530395508 -63.032413482666016 0
endloop
endfacet
facet normal -0.9238800823945196 0.3826821039870439 -0.000025352414786613684
outer loop
vertex -161.91595458984375 39.69783401489258 -7.062976360321045
vertex -161.9499969482422 39.61565017700195 -7.0324907302856445
vertex -161.56939697265625 40.53450393676758 -7.026446342468262
endloop
endfacet
facet normal 0 0 1
outer loop
vertex -74.45628356933594 42.093017578125 0
vertex -74.7750473022461 40.593421936035156 0
vertex -73.8770523071289 41.83599853515625 0
endloop
endfacet
facet normal -1.9022738573761544e-13 -3.5161216612202815e-13 1
outer loop
vertex 30.620710372924805 62.72819519042969 0
vertex 29.53812599182129 62.40263748168945 -3.204072478255743e-13
vertex 32.02505874633789 61.968421936035156 0
endloop
endfacet
facet normal 0 0 1
outer loop
vertex 155.03639221191406 -63.22568130493164 0
vertex 154.8741912841797 -63.33406448364258 0
vertex 157.9967803955078 -63.57509994506836 0
endloop
endfacet
facet normal 0.7406015064148397 0.6719444982259102 0
outer loop
vertex -70.34344482421875 39.4295654296875 -7.280045509338379
vertex -70.55901336669922 39.66716003417969 -7.156548023223877
vertex -70.34344482421875 39.4295654296875 -1
endloop
endfacet
facet normal 0 0 1
outer loop
vertex 17.909740447998047 59.02914047241211 0
vertex -67.84353637695312 38.433250427246094 0
vertex -62.30895233154297 38.98375701904297 0
endloop
endfacet
facet normal 0 0 1
outer loop
vertex -63.56964111328125 36.88313293457031 0
vertex -60.82514572143555 21.805017471313477 0
vertex -60.051292419433594 22.803131103515625 0
endloop
endfacet
facet normal 1.4428840591049456e-13 1.2107460014211473e-11 1
outer loop
vertex 158.29324340820312 63.46815490722656 -1.695069952456496e-11
vertex 32.00380325317383 63.57522964477539 -2.5000624671606825e-14
vertex 157.71766662597656 62.07499313354492 0
endloop
endfacet
facet normal 0 0 1
outer loop
vertex 4.685055732727051 -62.325008392333984 0
vertex -51.504478454589844 -62.8023567199707 0
vertex 4.975005149841309 -62.62500762939453 0
endloop
endfacet
facet normal 0 0 1
outer loop
vertex -75.0323257446289 40.69999313354492 0
vertex -158.7176971435547 41.97198486328125 0
vertex -133.96766662597656 40.69999313354492 0
endloop
endfacet
facet normal 0.7405995485050296 0.6719466561819817 0
outer loop
vertex 161.61488342285156 61.677127838134766 -1
vertex 159.47142028808594 64.03958892822266 -6.0267438888549805
vertex 159.47142028808594 64.03958892822266 -1
endloop
endfacet
facet normal 0 0 1
outer loop
vertex -149.10447692871094 -63.271297454833984 0
vertex -149.10447692871094 -63.471431732177734 0
vertex -143.81314086914062 -63.233238220214844 0
endloop
endfacet
facet normal 0 0 1
outer loop
vertex 157.71766662597656 -62.075008392333984 0
vertex 157.9967803955078 -63.57509994506836 0
vertex 160.58612060546875 -61.49784469604492 0
endloop
endfacet
facet normal -0.00033744218459987225 -0.9999999430574282 0.000004232258716046495
outer loop
vertex -148.3582763671875 -64.47168731689453 -1.659115195274353
vertex -149.10447692871094 -64.471435546875 -1.666095495223999
vertex -57.904476165771484 -64.5022201538086 -4
endloop
endfacet
facet normal -1 0 0
outer loop
vertex -161.9499969482422 39.61565017700195 -1
vertex -161.9499969482422 -60.72145462036133 -11.41330337524414
vertex -161.9499969482422 -60.808475494384766 -11.386215209960938
endloop
endfacet
facet normal -0.0003376763642455929 -0.9999999400525494 -0.00007661312270751688
outer loop
vertex -145.75096130371094 -64.47256469726562 -1.5587413311004639
vertex -146.46575927734375 -64.47232055664062 -1.5949000120162964
vertex -57.904476165771484 -64.5022201538086 -1.6661243438720703
endloop
endfacet
facet normal 0 0 1
outer loop
vertex 29.0993595123291 62.37034606933594 0
vertex 27.673307418823242 62.58795928955078 0
vertex 30.656574249267578 60.599937438964844 0
endloop
endfacet
facet normal 0 0 1
outer loop
vertex -51.813133239746094 -63.2642936706543 0
vertex -57.10447692871094 -63.50249099731445 0
vertex 56.78284454345703 -63.54093551635742 0
endloop
endfacet
facet normal 0.4055870948345401 0.9140554528870035 -0.0013181620585843272
outer loop
vertex -73.27838897705078 42.66438293457031 -1
vertex -74.26323699951172 43.092769622802734 -6.9723005294799805
vertex -74.24376678466797 43.092742919921875 -1
endloop
endfacet
facet normal -0.0003378687455952785 -0.9999999428667865 -0.000010542040918009585
outer loop
vertex 24.414344787597656 -64.5300064086914 -3.8893399238586426
vertex 24.90097999572754 -64.5301742553711 -3.564180612564087
vertex -57.10447692871094 -64.50248718261719 -1.666095495223999
endloop
endfacet
facet normal 0 0 1
outer loop
vertex -143.6509246826172 -63.12485122680664 0
vertex -143.81314086914062 -63.233238220214844 0
vertex -63.358028411865234 -63.155906677246094 0
endloop
endfacet
facet normal -0.0003382234976826265 -0.9999999386436482 -0.00009120068820394261
outer loop
vertex -60.54759216308594 -64.50132751464844 -1.5949000120162964
vertex -61.25652313232422 -64.50109100341797 -1.5590900182724
vertex -145.0044708251953 -64.47281646728516 -1
endloop
endfacet
facet normal 0 0 1
outer loop
vertex -160.9499969482422 39.4167366027832 0
vertex -135.5934295654297 39.224937438964844 0
vertex -134.22494506835938 40.593421936035156 0
endloop
endfacet
facet normal -0.00033772290279241856 -0.9999999428401605 -0.000016214707476836342
outer loop
vertex -145.0044708251953 -64.47281646728516 -1
vertex -61.25652313232422 -64.50109100341797 -1.5590900182724
vertex -62.004478454589844 -64.50083923339844 -1.5078009366989136
endloop
endfacet
facet normal 0 0 1
outer loop
vertex 159.45001220703125 60.34265899658203 0
vertex 159.45001220703125 -60.342674255371094 0
vertex 160.74893188476562 61.143341064453125 0
endloop
endfacet
facet normal -0.00033746677430327896 -0.999999943037013 0.000006492073993501832
outer loop
vertex -56.35828399658203 -64.50273895263672 -1.659115195274353
vertex -57.10447692871094 -64.50248718261719 -1.666095495223999
vertex 37.475006103515625 -64.53441619873047 -3.450000047683716
endloop
endfacet
facet normal 0.0013097637376625866 0.9999982388803359 -0.0013441559351388588
outer loop
vertex -74.24376678466797 43.092742919921875 -1
vertex -150.5044708251953 43.189266204833984 -3.5
vertex -148.30447387695312 43.18772888183594 -2.5
endloop
endfacet
facet normal 0 0 1
outer loop
vertex 51.49150466918945 -63.303009033203125 0
vertex -51.813133239746094 -63.2642936706543 0
vertex 51.68284606933594 -63.341068267822266 0
endloop
endfacet
facet normal 0 0 1
outer loop
vertex 159.45001220703125 -60.342674255371094 0
vertex 159.3434295654297 -60.599952697753906 0
vertex 160.58612060546875 -61.49784469604492 0
endloop
endfacet
facet normal 0 0 1
outer loop
vertex -63.46641540527344 -62.99369812011719 0
vertex -143.6509246826172 -63.12485122680664 0
vertex -63.358028411865234 -63.155906677246094 0
endloop
endfacet
facet normal -0.00033760068876834793 -0.9999999430111842 0.0000018448006453972665
outer loop
vertex 143.18284606933594 -64.57009887695312 -5
vertex 38.975006103515625 -64.53492736816406 -9.949999809265137
vertex 155.18284606933594 -64.57415008544922 -5
endloop
endfacet
facet normal 0 0 1
outer loop
vertex -63.004478454589844 -63.3023567199707 0
vertex -143.81314086914062 -63.233238220214844 0
vertex -57.904476165771484 -63.502220153808594 0
endloop
endfacet
facet normal -0.00033615588548839976 -0.9999999434459848 -0.00001035606830245198
outer loop
vertex 38.04903030395508 -64.53461456298828 -3.564180612564087
vertex 38.53566360473633 -64.53477478027344 -3.8893399238586426
vertex 56.78284454345703 -64.54093170166016 -1.6661243438720703
endloop
endfacet
facet normal 0 0 1
outer loop
vertex 18.1851806640625 58.988121032714844 0
vertex 19.844602584838867 57.992225646972656 0
vertex 27.673307418823242 62.58795928955078 0
endloop
endfacet
facet normal -0.0003403909196470706 -0.9999999420643431 0.000002309185750425479
outer loop
vertex 59.54894256591797 -64.5418701171875 -1.625314712524414
vertex 57.582847595214844 -64.54120635986328 -4
vertex 60.2215576171875 -64.54209899902344 -1.5949000120162964
endloop
endfacet
facet normal 0 0 1
outer loop
vertex -159.4499969482422 24.71765899658203 0
vertex -160.74868774414062 -61.14360809326172 0
vertex -159.4499969482422 -60.342674255371094 0
endloop
endfacet
facet normal -0.2424100868942406 0.970173820323187 -0.00032883345224677594
outer loop
vertex 27.630517959594727 63.60629653930664 -6.075545787811279
vertex -67.67477416992188 39.792728424072266 -7.097970008850098
vertex 27.626258850097656 63.60695266723633 -1
endloop
endfacet
facet normal -0.0003374939921059169 -0.999999943048488 9.089147800574721e-7
outer loop
vertex -149.10447692871094 -64.471435546875 -1.666095495223999
vertex -143.5044708251953 -64.47332763671875 -4
vertex -63.504478454589844 -64.50032806396484 -5
endloop
endfacet
facet normal 0 0 1
outer loop
vertex 56.78284454345703 -63.341068267822266 0
vertex 51.68284606933594 -63.341068267822266 0
vertex 56.78284454345703 -63.54093551635742 0
endloop
endfacet
facet normal -0.3820907933602309 0.9241247889919139 0
outer loop
vertex -158.36328125 43.20063018798828 -1
vertex -159.28392028808594 42.81998062133789 -6.956488609313965
vertex -159.28392028808594 42.81998062133789 -1
endloop
endfacet
facet normal 4.303439106965069e-12 1.0389130798945918e-11 1
outer loop
vertex 158.29324340820312 63.46815490722656 -1.695069952456496e-11
vertex 157.71766662597656 62.07499313354492 0
vertex 157.97494506835938 61.968421936035156 0
endloop
endfacet
facet normal -0.0003374185302748086 -0.9999999430565705 0.000005965828029441425
outer loop
vertex 24.08918571472168 -64.52989959716797 -4.375974655151367
vertex 24.414344787597656 -64.5300064086914 -3.8893399238586426
vertex -57.10447692871094 -64.50248718261719 -1.666095495223999
endloop
endfacet
facet normal -0.0003376851899673187 -0.9999999429822893 0.0000020324062917038127
outer loop
vertex 38.975006103515625 -64.53492736816406 -9.949999809265137
vertex 146.8173370361328 -64.57132720947266 -1.6254957914352417
vertex 146.1397247314453 -64.57109832763672 -1.5949000120162964
endloop
endfacet
facet normal 0 0 1
outer loop
vertex 23.544464111328125 43.6257438659668 0
vertex 24.249774932861328 43.07499313354492 0
vertex 30.550004959106445 60.34265899658203 0
endloop
endfacet
facet normal -0.00034121609041668866 -0.9848724142568525 -0.17328072947520234
outer loop
vertex 37.475006103515625 -64.53441619873047 -11.449999809265137
vertex -158.5281982421875 -64.45774841308594 -11.499794960021973
vertex 158.20423889160156 -64.56690979003906 -11.503050804138184
endloop
endfacet
facet normal -0.9238801416543464 0.3826819617603434 0
outer loop
vertex -161.56939697265625 40.53450393676758 -1
vertex -161.9499969482422 39.61565017700195 -7.0324907302856445
vertex -161.9499969482422 39.61565017700195 -1
endloop
endfacet
facet normal -0.00033652172455383 -0.9999986098244139 -0.0016331265623175328
outer loop
vertex -51.504478454589844 -64.50437927246094 -5
vertex -158.5281982421875 -64.45774841308594 -11.499794960021973
vertex 23.975004196166992 -64.52986145019531 -4.949999809265137
endloop
endfacet
facet normal 0.001282516350956217 0.9999991775755245 2.900038261609724e-7
outer loop
vertex -74.26323699951172 43.092769622802734 -6.9723005294799805
vertex -148.50460815429688 43.187984466552734 -3.5
vertex -74.24376678466797 43.092742919921875 -1
endloop
endfacet
facet normal 0.7406148491536234 0.6719297918727389 -0.0000026482713288888813
outer loop
vertex -70.83661651611328 39.97312545776367 -7.080065727233887
vertex -70.90464782714844 40.04811096191406 -7.081939697265625
vertex -70.34344482421875 39.4295654296875 -1
endloop
endfacet
facet normal 0 0 1
outer loop
vertex 143.4915008544922 -63.33406448364258 0
vertex 63.18284606933594 -62.841068267822266 0
vertex 143.68284606933594 -63.372127532958984 0
endloop
endfacet
facet normal 0.9999996154014164 -0.0008770387786365694 0
outer loop
vertex 161.8429718017578 -61.1304931640625 -11.396458625793457
vertex 161.84304809570312 -61.04350280761719 -11.427284240722656
vertex 161.8429718017578 -61.1304931640625 -1
endloop
endfacet
facet normal -0.591417689603108 0.8063653740237731 1.497687971961413e-7
outer loop
vertex -67.76970672607422 39.72310256958008 -7.10827112197876
vertex -67.84375 39.66879653930664 -7.105484485626221
vertex -67.67477416992188 39.792728424072266 -1
endloop
endfacet
facet normal -0.0003378727988463334 -0.9999999429209843 0
outer loop
vertex 148.78285217285156 -64.57199096679688 -1.6661243438720703
vertex 143.18284606933594 -64.57009887695312 -4
vertex 148.78285217285156 -64.57199096679688 -4
endloop
endfacet
facet normal 0.002396336738581801 -0.9999971287809957 0
outer loop
vertex 155.18284606933594 -64.57415008544922 -5
vertex 158.20423889160156 -64.56690979003906 -11.503050804138184
vertex 155.18284606933594 -64.57415008544922 -4
endloop
endfacet
facet normal 0 0 1
outer loop
vertex 62.87418746948242 -63.303009033203125 0
vertex 57.582847595214844 -63.54120635986328 0
vertex 148.78285217285156 -63.571990966796875 0
endloop
endfacet
facet normal -0.00033759562925343267 -0.999999943014372 6.661486087871212e-7
outer loop
vertex -57.10447692871094 -64.50248718261719 -1.666095495223999
vertex -51.504478454589844 -64.50437927246094 -4
vertex 23.975004196166992 -64.52986145019531 -4.949999809265137
endloop
endfacet
facet normal -0.0003378732591615641 -0.9999999429208288 0
outer loop
vertex -57.10447692871094 -64.50248718261719 -1.666095495223999
vertex -57.10447692871094 -64.50248718261719 -4
vertex -51.504478454589844 -64.50437927246094 -4
endloop
endfacet
facet normal -0.00033762366886900326 -0.9999999430051275 0
outer loop
vertex 144.68284606933594 -64.57061004638672 -1.5078009366989136
vertex 144.68284606933594 -64.57061004638672 -1
vertex 61.68284606933594 -64.54258728027344 -1
endloop
endfacet
facet normal -0.00033337917950723435 -0.9999999444177671 0.000004773414748757904
outer loop
vertex -152.54759216308594 -64.47026824951172 -1.5949000120162964
vertex -153.2565155029297 -64.47003173828125 -1.5590900182724
vertex -149.90447998046875 -64.47116088867188 -4
endloop
endfacet
facet normal -0.00033759438159750396 -0.9999999430147722 6.969531927834058e-7
outer loop
vertex 23.975004196166992 -64.52986145019531 -4.949999809265137
vertex 24.08918571472168 -64.52989959716797 -4.375974655151367
vertex -57.10447692871094 -64.50248718261719 -1.666095495223999
endloop
endfacet
facet normal -0.0003384445207113311 -0.9999999426504614 0.000012424987284615938
outer loop
vertex 38.86082458496094 -64.53488159179688 -4.375974655151367
vertex 38.975006103515625 -64.53492736816406 -4.949999809265137
vertex 51.18284606933594 -64.53904724121094 -4
endloop
endfacet
facet normal 0.9999996118436663 -0.0008810859866492365 -3.37641451922897e-8
outer loop
vertex 161.8429718017578 -61.1304931640625 -1
vertex 161.84304809570312 -61.04350280761719 -11.427284240722656
vertex 161.95040893554688 60.806827545166016 -6.107186794281006
endloop
endfacet
facet normal 0 0 1
outer loop
vertex -73.29999542236328 38.96765899658203 0
vertex -70.84344482421875 38.563541412353516 0
vertex -70.9862289428711 38.66352081298828 0
endloop
endfacet
facet normal 0 0 1
outer loop
vertex 159.3434295654297 -60.599952697753906 0
vertex 157.97494506835938 -61.96843719482422 0
vertex 160.58612060546875 -61.49784469604492 0
endloop
endfacet
facet normal 0 0 1
outer loop
vertex 149.5828399658203 -63.372127532958984 0
vertex 149.5828399658203 -63.572261810302734 0
vertex 154.8741912841797 -63.33406448364258 0
endloop
endfacet
facet normal -0.0003417438609963476 -0.9999999415983654 0.0000037946240399028564
outer loop
vertex 152.2215576171875 -64.57315063476562 -1.5949000120162964
vertex 149.5828399658203 -64.57225799560547 -4
vertex 152.9363555908203 -64.57339477539062 -1.5587413311004639
endloop
endfacet
facet normal -0.591413791419119 0.8063682330791949 -1.615202445399256e-8
outer loop
vertex -67.84375 39.66879653930664 -7.105484485626221
vertex -68.17892456054688 39.422969818115234 -7.177952289581299
vertex -67.67477416992188 39.792728424072266 -1
endloop
endfacet
facet normal 0 0 1
outer loop
vertex 157.71766662597656 -62.075008392333984 0
vertex 155.18284606933594 -62.872127532958984 0
vertex 157.9967803955078 -63.57509994506836 0
endloop
endfacet
facet normal -0.7406029227567775 -0.6719429371633169 -6.733288387524927e-7
outer loop
vertex -159.50930786132812 -63.99784469604492 -11.499467849731445
vertex -159.47119140625 -64.03985595703125 -11.481549263000488
vertex -161.61448669433594 -61.67756652832031 -1
endloop
endfacet
facet normal 0 0 1
outer loop
vertex 155.18284606933594 -62.075008392333984 0
vertex 155.18284606933594 -62.872127532958984 0
vertex 157.71766662597656 -62.075008392333984 0
endloop
endfacet
facet normal -0.0003951329648816795 -0.999999921934967 0
outer loop
vertex 23.975004196166992 -64.52986145019531 -4.949999809265137
vertex -158.5281982421875 -64.45774841308594 -11.499794960021973
vertex 23.975004196166992 -64.52986145019531 -9.949999809265137
endloop
endfacet
facet normal 0 0 1
outer loop
vertex 154.8741912841797 -63.33406448364258 0
vertex 149.5828399658203 -63.572261810302734 0
vertex 157.9967803955078 -63.57509994506836 0
endloop
endfacet
facet normal 0.10040825633705755 0.9949463211949294 1.674469682487538e-7
outer loop
vertex -68.4328384399414 39.23674774169922 -1
vertex -68.99668884277344 39.29365158081055 -7.148826599121094
vertex -69.20689392089844 39.31486511230469 -7.147345066070557
endloop
endfacet
facet normal -0.3525507179989964 0.9357915909535703 -0.0014455237727472082
outer loop
vertex 30.947853088378906 64.23985290527344 -5.966757297515869
vertex 31.8181095123291 64.57538604736328 -1
vertex 31.83871078491211 64.57537078857422 -6.0343499183654785
endloop
endfacet
facet normal 0 0 1
outer loop
vertex -74.7750473022461 40.593421936035156 0
vertex -73.40656280517578 39.224937438964844 0
vertex -73.8770523071289 41.83599853515625 0
endloop
endfacet
facet normal 0.1520037502255825 0.9883799167917889 1.2287236144327675e-7
outer loop
vertex 29.25110626220703 63.3570671081543 -1
vertex 28.947999954223633 63.403682708740234 -6.11016321182251
vertex 28.629907608032227 63.45260238647461 -6.089568138122559
endloop
endfacet
facet normal -0.000337787791839692 -0.9999999429496995 -7.148082025267968e-8
outer loop
vertex -152.54759216308594 -64.47026824951172 -1.5949000120162964
vertex -149.90447998046875 -64.47116088867188 -4
vertex -151.8699951171875 -64.47049713134766 -1.6254957914352417
endloop
endfacet
facet normal 0 0 1
outer loop
vertex -135.6999969482422 27.211515426635742 0
vertex -135.6999969482422 38.96765899658203 0
vertex -157.71766662597656 26.449993133544922 0
endloop
endfacet
facet normal -0.0013365011631118371 -0.9999986086147048 -0.0009982651428437001
outer loop
vertex -155.5044708251953 -64.46927642822266 -4
vertex -158.5044708251953 -64.46826171875 -1
vertex -158.5281982421875 -64.45774841308594 -11.499794960021973
endloop
endfacet
facet normal 0 0 1
outer loop
vertex -158.87269592285156 -63.21128845214844 0
vertex -158.29266357421875 -63.46833038330078 0
vertex -155.3580322265625 -63.12485122680664 0
endloop
endfacet
facet normal -0.00033747160248770875 -0.9999999430564571 0
outer loop
vertex -150.65052795410156 -64.47090911865234 -1.6591988801956177
vertex -149.90447998046875 -64.47116088867188 -4
vertex -149.90447998046875 -64.47116088867188 -1.6661243438720703
endloop
endfacet
facet normal 0 0 1
outer loop
vertex -157.71766662597656 -62.075008392333984 0
vertex -158.87269592285156 -63.21128845214844 0
vertex -155.5044708251953 -62.771297454833984 0
endloop
endfacet
facet normal -0.9328973064025389 -0.3601424936145238 0
outer loop
vertex -161.9499969482422 -60.808475494384766 -1
vertex -161.61448669433594 -61.67756652832031 -11.398161888122559
vertex -161.61448669433594 -61.67756652832031 -1
endloop
endfacet
facet normal -0.2879915525529317 0.9576329493378195 8.372586823908243e-7
outer loop
vertex 30.333690643310547 63.68262481689453 -1
vertex 29.886274337768555 63.54807662963867 -6.182485103607178
vertex 29.779050827026367 63.515830993652344 -6.16079044342041
endloop
endfacet
facet normal 8.852084746409726e-16 9.084141126340916e-14 1
outer loop
vertex 32.00380325317383 63.57522964477539 -2.5000624671606825e-14
vertex 31.481647491455078 63.37390899658203 -6.250156167901706e-15
vertex 157.71766662597656 62.07499313354492 0
endloop
endfacet
facet normal 0 0 1
outer loop
vertex -160.9499969482422 39.4167366027832 0
vertex -159.3434295654297 24.974937438964844 0
vertex -157.97494506835938 26.34342384338379 0
endloop
endfacet
facet normal 0.9141340088093851 -0.4054121531701819 0
outer loop
vertex 161.41458129882812 -62.096439361572266 -1
vertex 161.8429718017578 -61.1304931640625 -11.396458625793457
vertex 161.8429718017578 -61.1304931640625 -1
endloop
endfacet
facet normal -0.2879748174032256 0.9576379819850066 -0.0000011239515110438938
outer loop
vertex 29.779050827026367 63.515830993652344 -6.16079044342041
vertex 29.371479034423828 63.39326858520508 -6.16518497467041
vertex 30.333690643310547 63.68262481689453 -1
endloop
endfacet
facet normal 0 0 1
outer loop
vertex 31.00563621520996 62.94202423095703 0
vertex 32.28234100341797 62.07499313354492 0
vertex 157.71766662597656 62.07499313354492 0
endloop
endfacet
facet normal 0 0 1
outer loop
vertex -160.9499969482422 -60.622154235839844 0
vertex -159.4499969482422 24.71765899658203 0
vertex -160.9499969482422 39.4167366027832 0
endloop
endfacet
facet normal 0.0008478686317088048 0.9999996394919562 0.0000462032554864977
outer loop
vertex 31.8181095123291 64.57538604736328 -1
vertex 158.50543212890625 64.46797180175781 -1
vertex 147.98284912109375 64.47689819335938 -1.100000023841858
endloop
endfacet
facet normal 0 0 1
outer loop
vertex -155.5044708251953 -62.771297454833984 0
vertex -158.87269592285156 -63.21128845214844 0
vertex -155.46641540527344 -62.96263885498047 0
endloop
endfacet
facet normal 0.10040933728403721 0.994946212107042 1.7137606091294867e-7
outer loop
vertex -69.78767395019531 39.373477935791016 -7.144258499145508
vertex -70.21503448486328 39.41660690307617 -7.229247570037842
vertex -68.4328384399414 39.23674774169922 -1
endloop
endfacet
facet normal 0 0 1
outer loop
vertex -155.19581604003906 -63.233238220214844 0
vertex -158.29266357421875 -63.46833038330078 0
vertex -155.0044708251953 -63.271297454833984 0
endloop
endfacet
facet normal -0.00033760068876890684 -0.9999999430128398 3.035088493497042e-7
outer loop
vertex 51.18284606933594 -64.53904724121094 -5
vertex 38.975006103515625 -64.53492736816406 -9.949999809265137
vertex 63.18284606933594 -64.54309844970703 -5
endloop
endfacet
facet normal 0 0 1
outer loop
vertex -155.5044708251953 -62.075008392333984 0
vertex -157.71766662597656 -62.075008392333984 0
vertex -155.5044708251953 -62.771297454833984 0
endloop
endfacet
facet normal 0.0008478292362093582 0.9999996405926324 4.3850301556516716e-7
outer loop
vertex 147.98284912109375 64.47689819335938 -1.100000023841858
vertex 31.83871078491211 64.57537078857422 -6.0343499183654785
vertex 31.8181095123291 64.57538604736328 -1
endloop
endfacet
facet normal 0 0 1
outer loop
vertex -67.24176788330078 38.870182037353516 0
vertex -67.84353637695312 38.433250427246094 0
vertex 17.909740447998047 59.02914047241211 0
endloop
endfacet
facet normal 0.0008475660875948767 0.9999996408149896 0.0000012724148908001563
outer loop
vertex 158.48599243164062 64.4679946899414 -6.039038181304932
vertex 150.18276977539062 64.47502899169922 -3.5
vertex 158.50543212890625 64.46797180175781 -1
endloop
endfacet
facet normal 0.10040439265124027 0.9949467111025465 0.0000016004497696091206
outer loop
vertex -70.21503448486328 39.41660690307617 -7.229247570037842
vertex -70.34344482421875 39.4295654296875 -7.280045509338379
vertex -68.4328384399414 39.23674774169922 -1
endloop
endfacet
facet normal 0 0 1
outer loop
vertex -158.87269592285156 -63.21128845214844 0
vertex -157.97494506835938 -61.96843719482422 0
vertex -159.3434295654297 -60.599952697753906 0
endloop
endfacet
facet normal -0.0003948578486060689 -0.9999999210603734 -0.00004434553152790812
outer loop
vertex 24.414344787597656 -64.5300064086914 -11.010660171508789
vertex 24.08918571472168 -64.52989959716797 -10.524024963378906
vertex -158.5281982421875 -64.45774841308594 -11.499794960021973
endloop
endfacet
facet normal -0.28800210933462184 0.9576297745051625 0
outer loop
vertex 29.371479034423828 63.39326858520508 -6.16518497467041
vertex 29.25110626220703 63.3570671081543 -6.192280292510986
vertex 29.25110626220703 63.3570671081543 -1
endloop
endfacet
facet normal -0.0003376236688690032 -0.9999999430051275 0
outer loop
vertex 61.68284606933594 -64.54258728027344 -1
vertex 61.68284606933594 -64.54258728027344 -1.5075032711029053
vertex 144.68284606933594 -64.57061004638672 -1.5078009366989136
endloop
endfacet
facet normal 0 0 1
outer loop
vertex -67.84353637695312 38.433250427246094 0
vertex -63.52862548828125 37.158573150634766 0
vertex -62.53272247314453 38.817996978759766 0
endloop
endfacet
facet normal -0.28798276984816246 0.9576355905407541 4.914628788331049e-7
outer loop
vertex 30.333690643310547 63.68262481689453 -1
vertex 29.371479034423828 63.39326858520508 -6.16518497467041
vertex 29.25110626220703 63.3570671081543 -1
endloop
endfacet
facet normal 0 0 1
outer loop
vertex 63.18284606933594 -62.075008392333984 0
vertex 63.18284606933594 -62.841068267822266 0
vertex 143.18284606933594 -62.075008392333984 0
endloop
endfacet
facet normal 0 0 1
outer loop
vertex -67.84353637695312 38.433250427246094 0
vertex -73.29999542236328 22.48664093017578 0
vertex -63.52862548828125 37.158573150634766 0
endloop
endfacet
facet normal 0 0 1
outer loop
vertex -73.8770523071289 41.83599853515625 0
vertex -73.29999542236328 38.96765899658203 0
vertex -71.08209991455078 38.7593879699707 0
endloop
endfacet
facet normal 0 0 1
outer loop
vertex 63.18284606933594 -62.841068267822266 0
vertex 143.4915008544922 -63.33406448364258 0
vertex 143.3292999267578 -63.22568130493164 0
endloop
endfacet
facet normal -0.00033755274775271714 -0.9999999430290696 0
outer loop
vertex 52.68284606933594 -64.53955078125 -1
vertex -53.004478454589844 -64.50387573242188 -1.5075032711029053
vertex 52.68284606933594 -64.53955078125 -1.5078009366989136
endloop
endfacet
facet normal -0.0003378730289769568 -0.9999999428414826 -0.000012603483314620514
outer loop
vertex -63.504478454589844 -64.50032806396484 -4
vertex -57.904476165771484 -64.5022201538086 -4
vertex -149.10447692871094 -64.471435546875 -1.666095495223999
endloop
endfacet
facet normal 0 0 1
outer loop
vertex 4.685055732727051 -62.325008392333984 0
vertex 4.975005149841309 -62.62500762939453 0
vertex 4.975005149841309 -62.325008392333984 0
endloop
endfacet
facet normal -0.7071067811865476 0.7071067811865476 0
outer loop
vertex -159.28392028808594 42.81998062133789 -6.956488609313965
vertex -161.5152587890625 40.58864212036133 -7.053910732269287
vertex -161.56939697265625 40.53450393676758 -7.026446342468262
endloop
endfacet
facet normal 0.39833018356338534 0.9172420932941873 0.00008456747032467316
outer loop
vertex 159.4215087890625 64.06172943115234 -6.0485687255859375
vertex 158.48599243164062 64.4679946899414 -6.039038181304932
vertex 159.47142028808594 64.03958892822266 -1
endloop
endfacet
facet normal 0 0 1
outer loop
vertex 30.675710678100586 62.7429313659668 0
vertex 32.02505874633789 61.968421936035156 0
vertex 30.833690643310547 62.81660079956055 0
endloop
endfacet
facet normal -0.00026858596282373985 -0.9999999635843969 -0.000026320819418035495
outer loop
vertex 38.975006103515625 -64.53492736816406 -9.949999809265137
vertex 38.86082458496094 -64.53488159179688 -10.524024963378906
vertex 158.20423889160156 -64.56690979003906 -11.503050804138184
endloop
endfacet
facet normal 0.7405995723347139 0.6719466299176136 -2.250494549297465e-8
outer loop
vertex 161.61488342285156 61.677127838134766 -1
vertex 161.5624237060547 61.734947204589844 -6.127366542816162
vertex 159.47142028808594 64.03958892822266 -6.0267438888549805
endloop
endfacet
facet normal -0.00026890490864711733 -0.9999999597687703 -0.0000902917921360992
outer loop
vertex 38.53566360473633 -64.53477478027344 -11.010660171508789
vertex 38.04903030395508 -64.53461456298828 -11.335819244384766
vertex 158.20423889160156 -64.56690979003906 -11.503050804138184
endloop
endfacet
facet normal -0.5914015328984037 0.8063772236881456 -0.0000015546056404529382
outer loop
vertex -68.17892456054688 39.422969818115234 -7.177952289581299
vertex -68.4328384399414 39.23674774169922 -7.295970439910889
vertex -67.67477416992188 39.792728424072266 -1
endloop
endfacet
facet normal 0.7405985791797668 0.671947724541806 0
outer loop
vertex 161.61488342285156 61.677127838134766 -6.10126256942749
vertex 161.5624237060547 61.734947204589844 -6.127366542816162
vertex 161.61488342285156 61.677127838134766 -1
endloop
endfacet
facet normal -0.0003375049124344959 -0.9999986360848339 -0.001616761858242664
outer loop
vertex -143.5044708251953 -64.47332763671875 -5
vertex -158.5281982421875 -64.45774841308594 -11.499794960021973
vertex -63.504478454589844 -64.50032806396484 -5
endloop
endfacet
facet normal -1 0 0
outer loop
vertex -161.9499969482422 39.61565017700195 -7.0324907302856445
vertex -161.9499969482422 -60.72145462036133 -11.41330337524414
vertex -161.9499969482422 39.61565017700195 -1
endloop
endfacet
facet normal 0 0 1
outer loop
vertex 148.78285217285156 -63.372127532958984 0
vertex 143.68284606933594 -63.372127532958984 0
vertex 148.78285217285156 -63.571990966796875 0
endloop
endfacet
facet normal 0.9330589399400775 0.35972352522135037 4.724692212282814e-7
outer loop
vertex 161.95040893554688 60.806827545166016 -1
vertex 161.91844177246094 60.88975143432617 -6.1356401443481445
vertex 161.61488342285156 61.677127838134766 -6.10126256942749
endloop
endfacet
facet normal -0.9328824715442828 -0.36018091880582986 0.0000036902903334695786
outer loop
vertex -161.64012145996094 -61.61117172241211 -11.420197486877441
vertex -161.61448669433594 -61.67756652832031 -11.398161888122559
vertex -161.9499969482422 -60.808475494384766 -1
endloop
endfacet
facet normal 0 0 1
outer loop
vertex 155.18284606933594 -62.872127532958984 0
vertex 155.14479064941406 -63.06346893310547 0
vertex 157.9967803955078 -63.57509994506836 0
endloop
endfacet
facet normal 0.9999996118449127 -0.000881084572482831 0
outer loop
vertex 161.8429718017578 -61.1304931640625 -1
vertex 161.95040893554688 60.806827545166016 -6.107186794281006
vertex 161.95040893554688 60.806827545166016 -1
endloop
endfacet
facet normal 0 0 1
outer loop
vertex 4.632968902587891 -62.27292251586914 0
vertex -51.504478454589844 -62.075008392333984 0
vertex 4.685055732727051 -62.325008392333984 0
endloop
endfacet
facet normal 0.9330687609366878 0.3596980502644882 0
outer loop
vertex 161.95040893554688 60.806827545166016 -6.107186794281006
vertex 161.91844177246094 60.88975143432617 -6.1356401443481445
vertex 161.95040893554688 60.806827545166016 -1
endloop
endfacet
facet normal 0 0 1
outer loop
vertex -73.29999542236328 22.48664093017578 0
vertex -72.5321044921875 21.724042892456055 0
vertex -63.56964111328125 36.88313293457031 0
endloop
endfacet
facet normal -0.00033709354624038464 -0.999999943180606 -0.000002593435198808942
outer loop
vertex 152.9363555908203 -64.57339477539062 -1.5587413311004639
vertex 149.5828399658203 -64.57225799560547 -4
vertex 153.68284606933594 -64.57364654541016 -1.5075032711029053
endloop
endfacet
facet normal 0 0 1
outer loop
vertex -51.504478454589844 -62.8023567199707 0
vertex -51.542537689208984 -62.99369812011719 0
vertex 51.22090530395508 -63.032413482666016 0
endloop
endfacet
facet normal -0.00034039503363243826 -0.9999999420629299 0.0000023147791244043946
outer loop
vertex 151.5489501953125 -64.57292175292969 -1.625314712524414
vertex 149.5828399658203 -64.57225799560547 -4
vertex 152.2215576171875 -64.57315063476562 -1.5949000120162964
endloop
endfacet
facet normal 0 0 1
outer loop
vertex -51.542537689208984 -62.99369812011719 0
vertex -51.65092468261719 -63.155906677246094 0
vertex 51.32929229736328 -63.19462203979492 0
endloop
endfacet
facet normal 0.0008471769967805005 0.9999996411455037 0
outer loop
vertex 158.48599243164062 64.4679946899414 -6.039038181304932
vertex 150.18276977539062 64.47502899169922 -6.038730621337891
vertex 150.18276977539062 64.47502899169922 -3.5
endloop
endfacet
facet normal 0.0012825463867446368 0.9999991775287016 -0.0000040849003075503165
outer loop
vertex -148.30447387695312 43.18772888183594 -1.100000023841858
vertex -158.36328125 43.20063018798828 -1
vertex -74.24376678466797 43.092742919921875 -1
endloop
endfacet
facet normal 0 0 1
outer loop
vertex 159.3434295654297 60.599937438964844 0
vertex 159.45001220703125 60.34265899658203 0
vertex 160.74893188476562 61.143341064453125 0
endloop
endfacet
facet normal 0.0008478478658689665 0.9999996405769336 0
outer loop
vertex 31.83871078491211 64.57537078857422 -6.0343499183654785
vertex 147.98284912109375 64.47689819335938 -1.100000023841858
vertex 147.98284912109375 64.47689819335938 -2.5
endloop
endfacet
facet normal 2.3825032378043732e-12 1.6559126708602626e-12 1
outer loop
vertex 29.424755096435547 62.37226104736328 0
vertex 30.656574249267578 60.599937438964844 0
vertex 29.53812599182129 62.40263748168945 -3.204072478255743e-13
endloop
endfacet
facet normal 0 0 1
outer loop
vertex -51.65092468261719 -63.155906677246094 0
vertex -51.813133239746094 -63.2642936706543 0
vertex 51.49150466918945 -63.303009033203125 0
endloop
endfacet
facet normal -0.00033746315125664515 -0.9999999252945867 0.00018849255295351643
outer loop
vertex -146.46575927734375 -64.47232055664062 -1.5949000120162964
vertex -147.1383819580078 -64.47209930419922 -1.625314712524414
vertex -57.904476165771484 -64.5022201538086 -1.6661243438720703
endloop
endfacet
facet normal 0 0 1
outer loop
vertex 29.0993595123291 62.37034606933594 0
vertex 30.656574249267578 60.599937438964844 0
vertex 29.424755096435547 62.37226104736328 0
endloop
endfacet
facet normal -0.00033757726933519833 -0.9999999430108732 0.000004453957447738041
outer loop
vertex -145.0044708251953 -64.47281646728516 -1.5075032711029053
vertex -145.75096130371094 -64.47256469726562 -1.5587413311004639
vertex -57.904476165771484 -64.5022201538086 -1.6661243438720703
endloop
endfacet
facet normal 0.0008478449357878895 0.9999995839236931 0.0003366175952438658
outer loop
vertex 148.18292236328125 64.47673034667969 -6.038656711578369
vertex 31.83871078491211 64.57537078857422 -6.0343499183654785
vertex 148.18284606933594 64.47587585449219 -3.5
endloop
endfacet
facet normal -0.00033758538060687317 -0.9999999430180537 0
outer loop
vertex -145.0044708251953 -64.47281646728516 -1
vertex -145.0044708251953 -64.47281646728516 -1.5075032711029053
vertex -57.904476165771484 -64.5022201538086 -1.6661243438720703
endloop
endfacet
facet normal 0 0 1
outer loop
vertex 27.673307418823242 62.58795928955078 0
vertex 30.550004959106445 60.34265899658203 0
vertex 30.656574249267578 60.599937438964844 0
endloop
endfacet
facet normal -0.0003375527477527172 -0.9999999430290697 0
outer loop
vertex -53.004478454589844 -64.50387573242188 -1
vertex -53.004478454589844 -64.50387573242188 -1.5075032711029053
vertex 52.68284606933594 -64.53955078125 -1
endloop
endfacet
facet normal -0.0003370672952999238 -0.9999999429027964 0.000024084066240925334
outer loop
vertex 24.90097999572754 -64.5301742553711 -3.564180612564087
vertex 25.475004196166992 -64.53036499023438 -3.450000047683716
vertex -57.10447692871094 -64.50248718261719 -1.666095495223999
endloop
endfacet
facet normal -0.00033738876117926306 -0.9999999430844103 0
outer loop
vertex -158.5044708251953 -64.46826171875 -1
vertex -154.0044708251953 -64.46977996826172 -1.5078009366989136
vertex -154.0044708251953 -64.46977996826172 -1
endloop
endfacet
facet normal -0.000337476203731933 -0.9999999430504596 0.0000029815262020341635
outer loop
vertex -53.004478454589844 -64.50387573242188 -1.5075032711029053
vertex -53.75096893310547 -64.50362396240234 -1.5587413311004639
vertex 37.475006103515625 -64.53441619873047 -3.450000047683716
endloop
endfacet
facet normal 0.7406005471237467 0.6719455555325947 0
outer loop
vertex -70.34344482421875 39.4295654296875 -1
vertex -73.27838897705078 42.66438293457031 -6.960005760192871
vertex -73.27838897705078 42.66438293457031 -1
endloop
endfacet
facet normal 0 0 1
outer loop
vertex -143.81314086914062 -63.233238220214844 0
vertex -149.10447692871094 -63.471431732177734 0
vertex -57.904476165771484 -63.502220153808594 0
endloop
endfacet
facet normal 0.0012826860072476676 0.9999991773083713 0.000009959282222702575
outer loop
vertex -150.70448303222656 43.1908073425293 -1.100000023841858
vertex -158.36328125 43.20063018798828 -1
vertex -148.30447387695312 43.18772888183594 -1.100000023841858
endloop
endfacet
facet normal 0 0 1
outer loop
vertex -143.54254150390625 -62.96263885498047 0
vertex -143.6509246826172 -63.12485122680664 0
vertex -63.46641540527344 -62.99369812011719 0
endloop
endfacet
facet normal 0 0 1
outer loop
vertex -74.45628356933594 42.093017578125 0
vertex -75.0323257446289 40.69999313354492 0
vertex -74.7750473022461 40.593421936035156 0
endloop
endfacet
facet normal 0 0 1
outer loop
vertex -143.5044708251953 -62.075008392333984 0
vertex -143.5044708251953 -62.771297454833984 0
vertex -63.504478454589844 -62.075008392333984 0
endloop
endfacet
facet normal 0 0 1
outer loop
vertex -133.96766662597656 40.69999313354492 0
vertex -160.9499969482422 39.4167366027832 0
vertex -134.22494506835938 40.593421936035156 0
endloop
endfacet
facet normal -0.0003374876457122434 -0.9999999429673503 0.000012937732212290383
outer loop
vertex -145.0044708251953 -64.47281646728516 -1
vertex -58.650535583496094 -64.50196838378906 -1.6591988801956177
vertex -59.869991302490234 -64.50155639648438 -1.6254957914352417
endloop
endfacet
facet normal 0 0 1
outer loop
vertex 160.74893188476562 61.143341064453125 0
vertex 160.84315490722656 -60.918277740478516 0
vertex 160.95025634765625 60.621158599853516 0
endloop
endfacet
facet normal -0.0003381418274281458 -0.9999999401831081 -0.00007275908614481451
outer loop
vertex -58.650535583496094 -64.50196838378906 -1.6591988801956177
vertex -145.0044708251953 -64.47281646728516 -1
vertex -57.904476165771484 -64.5022201538086 -1.6661243438720703
endloop
endfacet
facet normal 0 0 1
outer loop
vertex -160.9499969482422 39.4167366027832 0
vertex -135.6999969482422 38.96765899658203 0
vertex -135.5934295654297 39.224937438964844 0
endloop
endfacet
facet normal -0.00033840761769325775 -0.9999999418768919 -0.00004155114100461066
outer loop
vertex -54.465763092041016 -64.50337982177734 -1.5949000120162964
vertex -55.13837814331055 -64.5031509399414 -1.625314712524414
vertex 37.475006103515625 -64.53441619873047 -3.450000047683716
endloop
endfacet
facet normal 0.40538940175072624 0.9141427678846955 -0.0015597667440553735
outer loop
vertex 158.48599243164062 64.4679946899414 -6.039038181304932
vertex 158.50543212890625 64.46797180175781 -1
vertex 158.9239044189453 64.28239440917969 -1
endloop
endfacet
facet normal -0.0003376436530750942 -0.9999999429945285 -0.000002775477983247703
outer loop
vertex -55.13837814331055 -64.5031509399414 -1.625314712524414
vertex -56.35828399658203 -64.50273895263672 -1.659115195274353
vertex 37.475006103515625 -64.53441619873047 -3.450000047683716
endloop
endfacet
facet normal 0 0 1
outer loop
vertex -160.7216339111328 39.96805191040039 0
vertex -160.9499969482422 39.4167366027832 0
vertex -133.96766662597656 40.69999313354492 0
endloop
endfacet
facet normal 0 0 1
outer loop
vertex -57.10447692871094 -63.3023567199707 0
vertex -57.10447692871094 -63.50249099731445 0
vertex -51.813133239746094 -63.2642936706543 0
endloop
endfacet
facet normal -0.5914099284350113 0.8063710662892705 0
outer loop
vertex -67.67477416992188 39.792728424072266 -1
vertex -68.4328384399414 39.23674774169922 -7.295970439910889
vertex -68.4328384399414 39.23674774169922 -1
endloop
endfacet
facet normal 0 0 1
outer loop
vertex 51.22090530395508 -63.032413482666016 0
vertex -51.542537689208984 -62.99369812011719 0
vertex 51.32929229736328 -63.19462203979492 0
endloop
endfacet
facet normal 0.0006407966478099496 0.999818226808517 0.01905525442310475
outer loop
vertex -148.50460815429688 43.187984466552734 -3.5
vertex -150.5044708251953 43.189266204833984 -3.5
vertex -74.24376678466797 43.092742919921875 -1
endloop
endfacet
facet normal 0 0 1
outer loop
vertex 51.68284606933594 -63.341068267822266 0
vertex -51.813133239746094 -63.2642936706543 0
vertex 56.78284454345703 -63.54093551635742 0
endloop
endfacet
facet normal 0 0 1
outer loop
vertex 63.18284606933594 -62.841068267822266 0
vertex 63.1447868347168 -63.032413482666016 0
vertex 148.78285217285156 -63.571990966796875 0
endloop
endfacet
facet normal 0 0 1
outer loop
vertex -63.358028411865234 -63.155906677246094 0
vertex -143.81314086914062 -63.233238220214844 0
vertex -63.19581985473633 -63.2642936706543 0
endloop
endfacet
facet normal -0.0003375130584926833 -0.999999943042466 0
outer loop
vertex 38.975006103515625 -64.53492736816406 -9.949999809265137
vertex 143.18284606933594 -64.57009887695312 -5
vertex 143.18284606933594 -64.57009887695312 -4
endloop
endfacet
facet normal 0 0 1
outer loop
vertex -63.504478454589844 -62.8023567199707 0
vertex -143.54254150390625 -62.96263885498047 0
vertex -63.46641540527344 -62.99369812011719 0
endloop
endfacet
facet normal -0.0003375053535405964 -0.9999999430450666 0
outer loop
vertex -143.5044708251953 -64.47332763671875 -4
vertex -143.5044708251953 -64.47332763671875 -5
vertex -63.504478454589844 -64.50032806396484 -5
endloop
endfacet
facet normal 0 0 1
outer loop
vertex 4.975005149841309 -62.62500762939453 0
vertex 51.22090530395508 -63.032413482666016 0
vertex 51.18284606933594 -62.841068267822266 0
endloop
endfacet
facet normal 0.35998268999650884 -0.9329589824332444 -5.096135049701872e-8
outer loop
vertex 158.20423889160156 -64.56690979003906 -11.503050804138184
vertex 159.05239868164062 -64.2396469116211 -11.488762855529785
vertex 158.18284606933594 -64.57516479492188 -1
endloop
endfacet
facet normal -1 0 0
outer loop
vertex -161.9499969482422 39.61565017700195 -1
vertex -161.9499969482422 -60.808475494384766 -11.386215209960938
vertex -161.9499969482422 -60.808475494384766 -1
endloop
endfacet
facet normal 0.933059869460669 0.35972111420104236 0
outer loop
vertex 161.95040893554688 60.806827545166016 -1
vertex 161.61488342285156 61.677127838134766 -6.10126256942749
vertex 161.61488342285156 61.677127838134766 -1
endloop
endfacet
facet normal 0 0 1
outer loop
vertex -57.904476165771484 -63.3023567199707 0
vertex -63.004478454589844 -63.3023567199707 0
vertex -57.904476165771484 -63.502220153808594 0
endloop
endfacet
facet normal 0 0 1
outer loop
vertex 27.673307418823242 62.58795928955078 0
vertex 17.909740447998047 59.02914047241211 0
vertex 18.1851806640625 58.988121032714844 0
endloop
endfacet
facet normal -0.0003400272241066507 -0.9999999418028178 0.000027854047018635907
outer loop
vertex 37.475006103515625 -64.53441619873047 -3.450000047683716
vertex 38.04903030395508 -64.53461456298828 -3.564180612564087
vertex 56.78284454345703 -64.54093170166016 -1.6661243438720703
endloop
endfacet
facet normal 0.10040960019493625 0.9949461855742214 0
outer loop
vertex -68.4328384399414 39.23674774169922 -1
vertex -70.34344482421875 39.4295654296875 -7.280045509338379
vertex -70.34344482421875 39.4295654296875 -1
endloop
endfacet
facet normal -0.0003377244225449542 -0.9999999429711005 1.0148809407392108e-7
outer loop
vertex 58.32904052734375 -64.54145812988281 -1.659115195274353
vertex 57.582847595214844 -64.54120635986328 -4
vertex 59.54894256591797 -64.5418701171875 -1.625314712524414
endloop
endfacet
facet normal 0 0 1
outer loop
vertex 19.844602584838867 57.992225646972656 0
vertex 20.010364532470703 57.76845932006836 0
vertex 27.673307418823242 62.58795928955078 0
endloop
endfacet
facet normal -0.0003304431270055887 -0.9999999453666467 -0.00000860484826832468
outer loop
vertex 60.2215576171875 -64.54209899902344 -1.5949000120162964
vertex 57.582847595214844 -64.54120635986328 -4
vertex 60.93635559082031 -64.5423355102539 -1.5587413311004639
endloop
endfacet
facet normal -0.00026931278021497044 -0.9999998902531264 -0.0003833593112582615
outer loop
vertex 38.04903030395508 -64.53461456298828 -11.335819244384766
vertex 37.475006103515625 -64.53441619873047 -11.449999809265137
vertex 158.20423889160156 -64.56690979003906 -11.503050804138184
endloop
endfacet
facet normal 0 0 1
outer loop
vertex -160.9499969482422 -60.622154235839844 0
vertex -160.74868774414062 -61.14360809326172 0
vertex -159.4499969482422 24.71765899658203 0
endloop
endfacet
facet normal 0.6719470643200022 -0.7405991782007246 3.769856057326253e-7
outer loop
vertex 159.05239868164062 -64.2396469116211 -1
vertex 159.09011840820312 -64.20542907714844 -11.50289535522461
vertex 161.41458129882812 -62.096439361572266 -11.41081428527832
endloop
endfacet
facet normal -0.00033696607018559026 -0.9999999432135278 -0.000005177717673596977
outer loop
vertex 52.68284606933594 -64.53955078125 -1.5078009366989136
vertex 37.475006103515625 -64.53441619873047 -3.450000047683716
vertex 53.43080139160156 -64.53980255126953 -1.5590900182724
endloop
endfacet
facet normal -0.0003303405813368376 -0.9784950860808457 -0.2062698654450974
outer loop
vertex 25.475004196166992 -64.53036499023438 -11.449999809265137
vertex -158.5281982421875 -64.45774841308594 -11.499794960021973
vertex 37.475006103515625 -64.53441619873047 -11.449999809265137
endloop
endfacet
facet normal 0.0010207029405495146 0.9999985853206941 -0.0013369824672342997
outer loop
vertex -150.5044708251953 43.189266204833984 -3.5
vertex -158.36328125 43.20063018798828 -1
vertex -150.70448303222656 43.1908073425293 -2.5
endloop
endfacet
facet normal 0 0 1
outer loop
vertex -70.4434814453125 38.43832015991211 0
vertex -73.29999542236328 22.48664093017578 0
vertex -68.53287506103516 38.24549865722656 0
endloop
endfacet
facet normal -0.00033767679042233736 -0.9999999429843425 0.000002386839962797007
outer loop
vertex 37.475006103515625 -64.53441619873047 -3.450000047683716
vertex 54.81732940673828 -64.54026794433594 -1.6254957914352417
vertex 54.139732360839844 -64.5400390625 -1.5949000120162964
endloop
endfacet
facet normal -0.4051527853658607 -0.9142489926219584 1.3809521344643237e-7
outer loop
vertex -159.47119140625 -64.03985595703125 -1
vertex -158.5281982421875 -64.45774841308594 -11.499794960021973
vertex -158.5044708251953 -64.46826171875 -1
endloop
endfacet
facet normal -0.0003377570961206329 -0.9999999429551086 0.000003150163780339268
outer loop
vertex 54.81732940673828 -64.54026794433594 -1.6254957914352417
vertex 37.475006103515625 -64.53441619873047 -3.450000047683716
vertex 56.03678894042969 -64.54067993164062 -1.6591988801956177
endloop
endfacet
facet normal 0.0012826849489972626 0.9999983522821929 -0.0012845825083777674
outer loop
vertex -150.5044708251953 43.189266204833984 -3.5
vertex -150.70448303222656 43.1908073425293 -2.5
vertex -148.30447387695312 43.18772888183594 -2.5
endloop
endfacet
facet normal 0 0 1
outer loop
vertex 57.582847595214844 -63.341068267822266 0
vertex 57.582847595214844 -63.54120635986328 0
vertex 62.87418746948242 -63.303009033203125 0
endloop
endfacet
facet normal 0.39851584089930137 0.9171614468317 0.00007069586528169303
outer loop
vertex -73.32830047607422 42.68653106689453 -6.9818220138549805
vertex -74.26323699951172 43.092769622802734 -6.9723005294799805
vertex -73.27838897705078 42.66438293457031 -1
endloop
endfacet
facet normal -0.00033745594919977755 -0.9999999430612393 -0.000001000207883486423
outer loop
vertex 38.975006103515625 -64.53492736816406 -9.949999809265137
vertex 143.18284606933594 -64.57009887695312 -4
vertex 148.78285217285156 -64.57199096679688 -1.6661243438720703
endloop
endfacet
facet normal -4.893583498141671e-11 -4.4399454541755924e-11 1
outer loop
vertex 158.29324340820312 63.46815490722656 -1.695069952456496e-11
vertex 160.74893188476562 61.143341064453125 0
vertex 158.87283325195312 63.211124420166016 0
endloop
endfacet
facet normal 0 0 1
outer loop
vertex -73.29999542236328 38.96765899658203 0
vertex -70.9862289428711 38.66352081298828 0
vertex -71.08209991455078 38.7593879699707 0
endloop
endfacet
facet normal -0.0003370491456335049 -0.999999943178524 -0.00000638921786669725
outer loop
vertex 144.68284606933594 -64.57061004638672 -1.5078009366989136
vertex 38.975006103515625 -64.53492736816406 -9.949999809265137
vertex 145.43080139160156 -64.57086181640625 -1.5590900182724
endloop
endfacet
facet normal 0 0 1
outer loop
vertex 30.550004959106445 60.34265899658203 0
vertex 29.788482666015625 43.07499313354492 0
vertex 30.550004959106445 43.83651351928711 0
endloop
endfacet
facet normal -0.0003351561747123399 -0.9999999433729231 -0.00003040541359219301
outer loop
vertex 145.43080139160156 -64.57086181640625 -1.5590900182724
vertex 38.975006103515625 -64.53492736816406 -9.949999809265137
vertex 146.1397247314453 -64.57109832763672 -1.5949000120162964
endloop
endfacet
facet normal 0.4056068855481481 0.9140476215142903 0
outer loop
vertex -73.27838897705078 42.66438293457031 -6.960005760192871
vertex -73.32830047607422 42.68653106689453 -6.9818220138549805
vertex -73.27838897705078 42.66438293457031 -1
endloop
endfacet
facet normal 0.00044681582073661223 -0.9999995920242702 -0.0007850521736297496
outer loop
vertex 155.18284606933594 -64.57415008544922 -4
vertex 158.20423889160156 -64.56690979003906 -11.503050804138184
vertex 158.18284606933594 -64.57516479492188 -1
endloop
endfacet
facet normal 0.35998322504640945 -0.9329587759837977 0
outer loop
vertex 158.18284606933594 -64.57516479492188 -1
vertex 159.05239868164062 -64.2396469116211 -11.488762855529785
vertex 159.05239868164062 -64.2396469116211 -1
endloop
endfacet
facet normal -0.00033658564580962537 -0.9999999433549815 3.700609881960418e-7
outer loop
vertex -149.90447998046875 -64.47116088867188 -4
vertex -153.2565155029297 -64.47003173828125 -1.5590900182724
vertex -154.0044708251953 -64.46977996826172 -1.5078009366989136
endloop
endfacet
facet normal -0.7071067811865476 0.7071067811865476 0
outer loop
vertex -159.28392028808594 42.81998062133789 -1
vertex -161.56939697265625 40.53450393676758 -7.026446342468262
vertex -161.56939697265625 40.53450393676758 -1
endloop
endfacet
facet normal -0.00039477688397312533 -0.9999999192910038 -0.00007462705789427862
outer loop
vertex 24.90097999572754 -64.5301742553711 -11.335819244384766
vertex 24.414344787597656 -64.5300064086914 -11.010660171508789
vertex -158.5281982421875 -64.45774841308594 -11.499794960021973
endloop
endfacet
facet normal 0.00042344708892773375 0.9999989117926357 0.0014131900463982207
outer loop
vertex 150.18276977539062 64.47502899169922 -3.5
vertex 148.18284606933594 64.47587585449219 -3.5
vertex 158.50543212890625 64.46797180175781 -1
endloop
endfacet
facet normal 0 0 1
outer loop
vertex 63.18284606933594 -62.841068267822266 0
vertex 143.2209014892578 -63.06346893310547 0
vertex 143.18284606933594 -62.872127532958984 0
endloop
endfacet
facet normal -0.5914114235809556 0.806369969714862 0
outer loop
vertex -67.67477416992188 39.792728424072266 -7.097970008850098
vertex -67.76970672607422 39.72310256958008 -7.10827112197876
vertex -67.67477416992188 39.792728424072266 -1
endloop
endfacet
facet normal 0 0 1
outer loop
vertex 30.550004959106445 60.34265899658203 0
vertex 24.249774932861328 43.07499313354492 0
vertex 29.788482666015625 43.07499313354492 0
endloop
endfacet
facet normal 0 0 1
outer loop
vertex 143.18284606933594 -62.075008392333984 0
vertex 63.18284606933594 -62.841068267822266 0
vertex 143.18284606933594 -62.872127532958984 0
endloop
endfacet
facet normal -0.000337874045238928 -0.9999999429008971 -0.00000627151784990494
outer loop
vertex 38.53566360473633 -64.53477478027344 -3.8893399238586426
vertex 38.86082458496094 -64.53488159179688 -4.375974655151367
vertex 51.18284606933594 -64.53904724121094 -4
endloop
endfacet
facet normal 0 0 1
outer loop
vertex 157.97494506835938 -61.96843719482422 0
vertex 157.71766662597656 -62.075008392333984 0
vertex 160.58612060546875 -61.49784469604492 0
endloop
endfacet
facet normal -0.0003372810051033402 -0.9999999431203036 -9.55466543287555e-7
outer loop
vertex 153.68284606933594 -64.57364654541016 -1.5075032711029053
vertex 155.18284606933594 -64.57415008544922 -4
vertex 158.18284606933594 -64.57516479492188 -1
endloop
endfacet
facet normal -0.0003376002482986308 -0.9999986383050427 -0.001615368110599966
outer loop
vertex -63.504478454589844 -64.50032806396484 -5
vertex -158.5281982421875 -64.45774841308594 -11.499794960021973
vertex -51.504478454589844 -64.50437927246094 -5
endloop
endfacet
facet normal 0.0008481705388786142 0.9999996403033038 0
outer loop
vertex 158.50543212890625 64.46797180175781 -1
vertex 150.38284301757812 64.47486114501953 -2.5
vertex 150.38284301757812 64.47486114501953 -1.100000023841858
endloop
endfacet
facet normal 0 0 1
outer loop
vertex 30.833690643310547 62.81660079956055 0
vertex 32.02505874633789 61.968421936035156 0
vertex 31.00563621520996 62.94202423095703 0
endloop
endfacet
facet normal -1.555140701706983e-9 0.04361938467592778 -0.9990482216992799
outer loop
vertex -158.29307556152344 -63.34162139892578 -12.525796890258789
vertex -158.16571044921875 42.33513259887695 -7.911850452423096
vertex 158.51968383789062 -63.246768951416016 -12.521656036376953
endloop
endfacet
facet normal 1.6547220952966613e-8 0.04361943886936452 -0.9990482193331418
outer loop
vertex 158.51968383789062 -63.246768951416016 -12.521656036376953
vertex -158.16571044921875 42.33513259887695 -7.911850452423096
vertex 160.5882568359375 -61.369956970214844 -12.439712524414062
endloop
endfacet
facet normal -1.5698590157514236e-8 0.043618854814282265 -0.9990482448333966
outer loop
vertex -71.04289245605469 38.98166275024414 -8.058265686035156
vertex -158.16571044921875 42.33513259887695 -7.911850452423096
vertex -71.4970703125 39.354042053222656 -8.042007446289062
endloop
endfacet
facet normal 6.0985352496964384e-9 0.04361947446911114 -0.999048217778821
outer loop
vertex -158.16571044921875 42.33513259887695 -7.911850452423096
vertex -70.52472686767578 38.70496368408203 -8.07034683227539
vertex -69.96247863769531 38.534568786621094 -8.077786445617676
endloop
endfacet
facet normal -6.76601150433144e-10 0.043616455884337414 -0.9990483495687732
outer loop
vertex -158.29307556152344 -63.34162139892578 -12.525796890258789
vertex 158.51968383789062 -63.246768951416016 -12.521656036376953
vertex 157.9971466064453 -63.44839096069336 -12.530458450317383
endloop
endfacet
facet normal 3.578493433553302e-8 0.04362018980633622 -0.9990481865462036
outer loop
vertex -158.16571044921875 42.33513259887695 -7.911850452423096
vertex -71.04289245605469 38.98166275024414 -8.058265686035156
vertex -70.52472686767578 38.70496368408203 -8.07034683227539
endloop
endfacet
facet normal 8.085570709755066e-8 0.0436212061274856 -0.9990481421713254
outer loop
vertex -158.16571044921875 42.33513259887695 -7.911850452423096
vertex -69.96247863769531 38.534568786621094 -8.077786445617676
vertex -69.67899322509766 38.49219512939453 -8.079636573791504
endloop
endfacet
facet normal 6.55357846612141e-8 0.04361932282862395 -0.9990482243995872
outer loop
vertex -158.87405395507812 -63.08415985107422 -12.514555931091309
vertex -160.75096130371094 -61.015472412109375 -12.424235343933105
vertex -158.29307556152344 -63.34162139892578 -12.525796890258789
endloop
endfacet
facet normal -6.488796425949758e-8 0.04361758055085987 -0.9990483004674423
outer loop
vertex -71.4970703125 39.354042053222656 -8.042007446289062
vertex -149.01327514648438 42.323394775390625 -7.912363052368164
vertex -71.5984115600586 39.46037673950195 -8.037364959716797
endloop
endfacet
facet normal 3.836809862216498e-9 0.04361943530568652 -0.9990482194887358
outer loop
vertex -71.5984115600586 39.46037673950195 -8.037364959716797
vertex -149.01327514648438 42.323394775390625 -7.912363052368164
vertex -74.45585632324219 42.2277717590332 -7.916537761688232
endloop
endfacet
facet normal 1.5041484143365908e-7 0.043619388592387384 -0.9990482215282723
outer loop
vertex -160.95285034179688 -60.49251174926758 -12.401402473449707
vertex -160.95285034179688 39.548622131347656 -8.033512115478516
vertex -158.29307556152344 -63.34162139892578 -12.525796890258789
endloop
endfacet
facet normal 2.0188271044690394e-9 0.04361939429901561 -0.9990482212791267
outer loop
vertex -158.16571044921875 42.33513259887695 -7.911850452423096
vertex -69.67899322509766 38.49219512939453 -8.079636573791504
vertex 160.5882568359375 -61.369956970214844 -12.439712524414062
endloop
endfacet
facet normal -4.29189603714445e-8 0.043619208449799815 -0.9990482293934617
outer loop
vertex -158.29307556152344 -63.34162139892578 -12.525796890258789
vertex -160.75096130371094 -61.015472412109375 -12.424235343933105
vertex -160.95285034179688 -60.49251174926758 -12.401402473449707
endloop
endfacet
facet normal -4.642247472718354e-7 0.0436189529331528 -0.999048240549374
outer loop
vertex -71.5984115600586 39.46037673950195 -8.037364959716797
vertex -74.45585632324219 42.2277717590332 -7.916537761688232
vertex -73.87569427490234 41.9703369140625 -7.9277777671813965
endloop
endfacet
facet normal 4.908174893372554e-7 0.04361990573515805 -0.9990481989490873
outer loop
vertex 160.84600830078125 -60.788753509521484 -12.414336204528809
vertex 160.5882568359375 -61.369956970214844 -12.439712524414062
vertex 29.532712936401367 62.6195068359375 -7.026215553283691
endloop
endfacet
facet normal -0.000001355661609127866 0.04361626964633568 -0.9990483576986153
outer loop
vertex -69.67899322509766 38.49219512939453 -8.079636573791504
vertex -69.29792022705078 38.453739166259766 -8.081315994262695
vertex 160.5882568359375 -61.369956970214844 -12.439712524414062
endloop
endfacet
facet normal 7.476041345837694e-7 0.04362110408748946 -0.9990481466263923
outer loop
vertex 160.5882568359375 -61.369956970214844 -12.439712524414062
vertex -69.29792022705078 38.453739166259766 -8.081315994262695
vertex -68.99668884277344 38.438575744628906 -8.081977844238281
endloop
endfacet
facet normal -2.0199994731831848e-7 0.043618923913285104 -0.9990482418164832
outer loop
vertex 160.5882568359375 -61.369956970214844 -12.439712524414062
vertex -68.99668884277344 38.438575744628906 -8.081977844238281
vertex -68.41197967529297 38.49611282348633 -8.079465866088867
endloop
endfacet
facet normal 1.8681597564519877e-7 0.04361981380039661 -0.9990482029631923
outer loop
vertex 160.5882568359375 -61.369956970214844 -12.439712524414062
vertex -68.41197967529297 38.49611282348633 -8.079465866088867
vertex -67.8497314453125 38.66650390625 -8.072026252746582
endloop
endfacet
facet normal 3.247066874506583e-8 0.043619462016193704 -0.9990482183225277
outer loop
vertex 160.5882568359375 -61.369956970214844 -12.439712524414062
vertex -67.8497314453125 38.66650390625 -8.072026252746582
vertex -67.3315658569336 38.943206787109375 -8.059945106506348
endloop
endfacet
facet normal -9.145482688263895e-7 0.04361731440450485 -0.999048312086709
outer loop
vertex 160.5882568359375 -61.369956970214844 -12.439712524414062
vertex -67.3315658569336 38.943206787109375 -8.059945106506348
vertex -67.26253509521484 38.99980545043945 -8.057474136352539
endloop
endfacet
facet normal 2.8331954039998173e-9 0.04361939300263703 -0.9990482213357279
outer loop
vertex 160.5882568359375 -61.369956970214844 -12.439712524414062
vertex -67.26253509521484 38.99980545043945 -8.057474136352539
vertex 27.673215866088867 62.72275161743164 -7.021707534790039
endloop
endfacet
facet normal -1.8832694273200036e-7 0.04361918864159586 -0.999048230258286
outer loop
vertex 160.5882568359375 -61.369956970214844 -12.439712524414062
vertex 27.673215866088867 62.72275161743164 -7.021707534790039
vertex 28.4935245513916 62.606693267822266 -7.026774883270264
endloop
endfacet
facet normal -3.536148736462283e-7 0.04361901286556375 -0.999048237932738
outer loop
vertex 160.5882568359375 -61.369956970214844 -12.439712524414062
vertex 28.4935245513916 62.606693267822266 -7.026774883270264
vertex 28.947999954223633 62.561973571777344 -7.0287275314331055
endloop
endfacet
facet normal 3.335933665513635e-8 0.043619423126755236 -0.9990482200204793
outer loop
vertex 29.532712936401367 62.6195068359375 -7.026215553283691
vertex 160.5882568359375 -61.369956970214844 -12.439712524414062
vertex 28.947999954223633 62.561973571777344 -7.0287275314331055
endloop
endfacet
facet normal 1.6051911430299734e-8 0.04361940151920045 -0.9990482209638863
outer loop
vertex 29.532712936401367 62.6195068359375 -7.026215553283691
vertex 30.09495735168457 62.78990173339844 -7.018775939941406
vertex 160.84600830078125 -60.788753509521484 -12.414336204528809
endloop
endfacet
facet normal 5.686802373507007e-7 0.04361998510908566 -0.999048195483461
outer loop
vertex 160.84600830078125 -60.788753509521484 -12.414336204528809
vertex 30.09495735168457 62.78990173339844 -7.018775939941406
vertex 30.22932243347168 62.86165237426758 -7.015643119812012
endloop
endfacet
facet normal 8.567643182785387e-8 0.043619475864340555 -0.9990482177179002
outer loop
vertex 160.84600830078125 -60.788753509521484 -12.414336204528809
vertex 30.22932243347168 62.86165237426758 -7.015643119812012
vertex 32.042518615722656 63.70995330810547 -6.978605270385742
endloop
endfacet
facet normal -1.5170843052209428e-9 0.04361938582757589 -0.9990482216489978
outer loop
vertex 160.84600830078125 -60.788753509521484 -12.414336204528809
vertex 32.042518615722656 63.70995330810547 -6.978605270385742
vertex 148.68968200683594 63.611053466796875 -6.98292350769043
endloop
endfacet
facet normal 8.90506300568308e-7 0.043619469411315615 -0.9990482179992526
outer loop
vertex 160.84600830078125 -60.788753509521484 -12.414336204528809
vertex 148.98776245117188 63.495094299316406 -6.9879865646362305
vertex 149.18284606933594 63.47587966918945 -6.98882532119751
endloop
endfacet
facet normal -0.0000017730531824040053 0.04361921575764561 -0.9990482290728232
outer loop
vertex 160.84600830078125 -60.788753509521484 -12.414336204528809
vertex 148.80015563964844 63.551998138427734 -6.985501766204834
vertex 148.98776245117188 63.495094299316406 -6.9879865646362305
endloop
endfacet
facet normal 0.0000014572519301979106 0.04361952810694526 -0.9990482154358736
outer loop
vertex 148.80015563964844 63.551998138427734 -6.985501766204834
vertex 160.84600830078125 -60.788753509521484 -12.414336204528809
vertex 148.68968200683594 63.611053466796875 -6.98292350769043
endloop
endfacet
facet normal -8.741926759167786e-7 0.04361930409629761 -0.9990482252170766
outer loop
vertex 160.84600830078125 -60.788753509521484 -12.414336204528809
vertex 149.18284606933594 63.47587966918945 -6.98882532119751
vertex 149.3779296875 63.495094299316406 -6.9879865646362305
endloop
endfacet
facet normal 0.0000016748651654827736 0.04361953885866498 -0.9990482149661009
outer loop
vertex 160.84600830078125 -60.788753509521484 -12.414336204528809
vertex 149.3779296875 63.495094299316406 -6.9879865646362305
vertex 149.56553649902344 63.551998138427734 -6.985501766204834
endloop
endfacet
facet normal -0.00000344761291868351 0.04361907501997232 -0.9990482352131532
outer loop
vertex 149.56553649902344 63.551998138427734 -6.985501766204834
vertex 149.67445373535156 63.6102180480957 -6.982960224151611
vertex 160.84600830078125 -60.788753509521484 -12.414336204528809
endloop
endfacet
facet normal 1.298290720064003e-8 0.04361938520509845 -0.9990482216761757
outer loop
vertex 149.67445373535156 63.6102180480957 -6.982960224151611
vertex 158.2936553955078 63.602909088134766 -6.983279228210449
vertex 160.84600830078125 -60.788753509521484 -12.414336204528809
endloop
endfacet
facet normal 1.0356452605466787e-7 0.04361938706017731 -0.9990482215951759
outer loop
vertex 160.84600830078125 -60.788753509521484 -12.414336204528809
vertex 158.2936553955078 63.602909088134766 -6.983279228210449
vertex 160.95310974121094 60.75298309326172 -7.1077094078063965
endloop
endfacet
facet normal -6.584175634136083e-7 0.04361936772335563 -0.999048222439228
outer loop
vertex -158.29307556152344 -63.34162139892578 -12.525796890258789
vertex -160.95285034179688 39.548622131347656 -8.033512115478516
vertex -160.7238311767578 40.10150909423828 -8.00937271118164
endloop
endfacet
facet normal 1.648391667729939e-7 0.043619387031833295 -0.9990482215964052
outer loop
vertex -158.29307556152344 -63.34162139892578 -12.525796890258789
vertex -160.7238311767578 40.10150909423828 -8.00937271118164
vertex -158.71896362304688 42.106380462646484 -7.92183780670166
endloop
endfacet
facet normal -3.235100454068663e-7 0.04361938506321789 -0.999048221682318
outer loop
vertex -158.16571044921875 42.33513259887695 -7.911850452423096
vertex -158.29307556152344 -63.34162139892578 -12.525796890258789
vertex -158.71896362304688 42.106380462646484 -7.92183780670166
endloop
endfacet
facet normal 3.555804386514349e-7 0.04361962178543105 -0.9990482113467646
outer loop
vertex 160.95310974121094 60.75298309326172 -7.1077094078063965
vertex 158.2936553955078 63.602909088134766 -6.983279228210449
vertex 160.75120544433594 61.27667236328125 -7.084844589233398
endloop
endfacet
facet normal 9.629530668649612e-9 0.043620363539528764 -0.9990481789606941
outer loop
vertex -158.16571044921875 42.33513259887695 -7.911850452423096
vertex -149.998046875 42.32465744018555 -7.9123077392578125
vertex -149.8871612548828 42.26538848876953 -7.914895534515381
endloop
endfacet
facet normal -4.728536545264652e-8 0.04361362065698275 -0.9990484733451058
outer loop
vertex -158.16571044921875 42.33513259887695 -7.911850452423096
vertex -149.8871612548828 42.26538848876953 -7.914895534515381
vertex -149.69956970214844 42.20848083496094 -7.917379856109619
endloop
endfacet
facet normal 3.254525005524357e-7 0.043638489213698076 -0.9990473873941317
outer loop
vertex -158.16571044921875 42.33513259887695 -7.911850452423096
vertex -149.69956970214844 42.20848083496094 -7.917379856109619
vertex -149.5044708251953 42.189266204833984 -7.918219089508057
endloop
endfacet
facet normal 3.605033487791136e-9 0.0436194149568337 -0.9990482203771867
outer loop
vertex -149.5044708251953 42.189266204833984 -7.918219089508057
vertex -71.4970703125 39.354042053222656 -8.042007446289062
vertex -158.16571044921875 42.33513259887695 -7.911850452423096
endloop
endfacet
facet normal 9.90627586546244e-7 0.043620291403732823 -0.9990481821097879
outer loop
vertex 160.75120544433594 61.27667236328125 -7.084844589233398
vertex 158.2936553955078 63.602909088134766 -6.983279228210449
vertex 158.8741912841797 63.345462799072266 -6.994519233703613
endloop
endfacet
facet normal 4.22265683738831e-7 0.04363091192538739 -0.9990477183420122
outer loop
vertex -71.4970703125 39.354042053222656 -8.042007446289062
vertex -149.5044708251953 42.189266204833984 -7.918219089508057
vertex -149.30938720703125 42.20848083496094 -7.917379856109619
endloop
endfacet
facet normal -1.8514374870316948e-7 0.04361438538364945 -0.9990484399605316
outer loop
vertex -71.4970703125 39.354042053222656 -8.042007446289062
vertex -149.30938720703125 42.20848083496094 -7.917379856109619
vertex -149.12179565429688 42.26538848876953 -7.914895534515381
endloop
endfacet
facet normal -7.404026004282066e-8 0.04361734208088809 -0.999048310878805
outer loop
vertex -149.01327514648438 42.323394775390625 -7.912363052368164
vertex -71.4970703125 39.354042053222656 -8.042007446289062
vertex -149.12179565429688 42.26538848876953 -7.914895534515381
endloop
endfacet
facet normal 0 0 1
outer loop
vertex 63.036399841308594 -61.487518310546875 -4.099999904632568
vertex 63.1447868347168 -61.64972686767578 -4.099999904632568
vertex 143.3292999267578 -61.51857376098633 -4.099999904632568
endloop
endfacet
facet normal 0 0 1
outer loop
vertex 23.544464111328125 43.6257438659668 -4.099999904632568
vertex 57.975006103515625 -34.62500762939453 -4.099999904632568
vertex 24.249774932861328 43.07499313354492 -4.099999904632568
endloop
endfacet
facet normal 0 0 1
outer loop
vertex -63.46641540527344 -61.61101150512695 -4.099999904632568
vertex -143.5044708251953 -61.771297454833984 -4.099999904632568
vertex -63.504478454589844 -61.8023567199707 -4.099999904632568
endloop
endfacet
facet normal 0 0 1
outer loop
vertex -63.19581985473633 -61.340415954589844 -4.099999904632568
vertex -143.6509246826172 -61.41774368286133 -4.099999904632568
vertex -63.358028411865234 -61.44880294799805 -4.099999904632568
endloop
endfacet
facet normal 0 0 1
outer loop
vertex -159.3434295654297 24.974937438964844 -4.099999904632568
vertex -136.46151733398438 26.449993133544922 -4.099999904632568
vertex -157.97494506835938 26.34342384338379 -4.099999904632568
endloop
endfacet
facet normal 0 0 1
outer loop
vertex -135.6999969482422 27.211515426635742 -4.099999904632568
vertex -73.29999542236328 22.48664093017578 -4.099999904632568
vertex -135.6999969482422 38.96765899658203 -4.099999904632568
endloop
endfacet
facet normal 0 0 1
outer loop
vertex -73.29999542236328 22.48664093017578 -4.099999904632568
vertex -136.46151733398438 26.449993133544922 -4.099999904632568
vertex -72.5321044921875 21.724042892456055 -4.099999904632568
endloop
endfacet
facet normal 0.9238805955815449 -0.38268086587637207 0
outer loop
vertex -159.4499969482422 24.71765899658203 -4.099999904632568
vertex -159.3434295654297 24.974937438964844 -4.099999904632568
vertex -159.3434295654297 24.974937438964844 0
endloop
endfacet
facet normal 0.7071072739571069 -0.7071062884156446 0
outer loop
vertex -159.3434295654297 24.974937438964844 -4.099999904632568
vertex -157.97494506835938 26.34342384338379 -4.099999904632568
vertex -157.97494506835938 26.34342384338379 0
endloop
endfacet
facet normal 0.38268671206083055 -0.9238781740100104 0
outer loop
vertex -157.97494506835938 26.34342384338379 -4.099999904632568
vertex -157.71766662597656 26.449993133544922 -4.099999904632568
vertex -157.71766662597656 26.449993133544922 0
endloop
endfacet
facet normal 0 -1 0
outer loop
vertex -157.71766662597656 26.449993133544922 -4.099999904632568
vertex -136.46151733398438 26.449993133544922 -4.099999904632568
vertex -136.46151733398438 26.449993133544922 0
endloop
endfacet
facet normal 0.7071076667154473 -0.7071058956565386 0
outer loop
vertex -136.46151733398438 26.449993133544922 -4.099999904632568
vertex -135.6999969482422 27.211515426635742 -4.099999904632568
vertex -135.6999969482422 27.211515426635742 0
endloop
endfacet
facet normal 0.9238805955815449 -0.38268086587637207 0
outer loop
vertex -159.4499969482422 24.71765899658203 0
vertex -159.4499969482422 24.71765899658203 -4.099999904632568
vertex -159.3434295654297 24.974937438964844 0
endloop
endfacet
facet normal 0.7071072739571069 -0.7071062884156446 0
outer loop
vertex -159.3434295654297 24.974937438964844 0
vertex -159.3434295654297 24.974937438964844 -4.099999904632568
vertex -157.97494506835938 26.34342384338379 0
endloop
endfacet
facet normal 0.38268671206083055 -0.9238781740100104 0
outer loop
vertex -157.97494506835938 26.34342384338379 0
vertex -157.97494506835938 26.34342384338379 -4.099999904632568
vertex -157.71766662597656 26.449993133544922 0
endloop
endfacet
facet normal 0 -1 0
outer loop
vertex -157.71766662597656 26.449993133544922 0
vertex -157.71766662597656 26.449993133544922 -4.099999904632568
vertex -136.46151733398438 26.449993133544922 0
endloop
endfacet
facet normal -0.9238612223289352 0.3827276340648605 0
outer loop
vertex 159.45001220703125 -60.342674255371094 -4.099999904632568
vertex 159.3434295654297 -60.599952697753906 0
vertex 159.45001220703125 -60.342674255371094 0
endloop
endfacet
facet normal -0.7071067811865476 0.7071067811865476 0
outer loop
vertex 159.3434295654297 -60.599952697753906 0
vertex 159.3434295654297 -60.599952697753906 -4.099999904632568
vertex 157.97494506835938 -61.96843719482422 0
endloop
endfacet
facet normal 0.7071076667154473 -0.7071058956565386 0
outer loop
vertex -136.46151733398438 26.449993133544922 0
vertex -136.46151733398438 26.449993133544922 -4.099999904632568
vertex -135.6999969482422 27.211515426635742 0
endloop
endfacet
facet normal 1 0 0
outer loop
vertex -135.6999969482422 27.211515426635742 0
vertex -135.6999969482422 27.211515426635742 -4.099999904632568
vertex -135.6999969482422 38.96765899658203 0
endloop
endfacet
facet normal -0.38269255819931874 0.9238757524141767 0
outer loop
vertex 157.97494506835938 -61.96843719482422 0
vertex 157.97494506835938 -61.96843719482422 -4.099999904632568
vertex 157.71766662597656 -62.075008392333984 0
endloop
endfacet
facet normal 0 1 0
outer loop
vertex 157.71766662597656 -62.075008392333984 0
vertex 157.71766662597656 -62.075008392333984 -4.099999904632568
vertex 155.18284606933594 -62.075008392333984 0
endloop
endfacet
facet normal -0.6154543386034924 -0.7881725427177337 0
outer loop
vertex 23.544464111328125 43.6257438659668 -4.099999904632568
vertex 24.249774932861328 43.07499313354492 -4.099999904632568
vertex 24.249774932861328 43.07499313354492 0
endloop
endfacet
facet normal -0.9238612223289352 0.3827276340648605 0
outer loop
vertex 159.3434295654297 -60.599952697753906 -4.099999904632568
vertex 159.3434295654297 -60.599952697753906 0
vertex 159.45001220703125 -60.342674255371094 -4.099999904632568
endloop
endfacet
facet normal -0.7071067811865476 0.7071067811865476 0
outer loop
vertex 157.97494506835938 -61.96843719482422 -4.099999904632568
vertex 157.97494506835938 -61.96843719482422 0
vertex 159.3434295654297 -60.599952697753906 -4.099999904632568
endloop
endfacet
facet normal -0.38269255819931874 0.9238757524141767 0
outer loop
vertex 157.71766662597656 -62.075008392333984 -4.099999904632568
vertex 157.71766662597656 -62.075008392333984 0
vertex 157.97494506835938 -61.96843719482422 -4.099999904632568
endloop
endfacet
facet normal 0 1 0
outer loop
vertex 157.71766662597656 -62.075008392333984 -4.099999904632568
vertex 155.18284606933594 -62.075008392333984 -4.099999904632568
vertex 155.18284606933594 -62.075008392333984 0
endloop
endfacet
facet normal 0.7071003077763341 0.7071132545374988 0
outer loop
vertex 4.685055732727051 -62.325008392333984 0
vertex 4.685055732727051 -62.325008392333984 -4.099999904632568
vertex 4.632968902587891 -62.27292251586914 0
endloop
endfacet
facet normal 0 -1 0
outer loop
vertex 24.249774932861328 43.07499313354492 -4.099999904632568
vertex 29.788482666015625 43.07499313354492 -4.099999904632568
vertex 29.788482666015625 43.07499313354492 0
endloop
endfacet
facet normal 0 1 0
outer loop
vertex 4.975005149841309 -62.325008392333984 -4.099999904632568
vertex 4.685055732727051 -62.325008392333984 -4.099999904632568
vertex 4.685055732727051 -62.325008392333984 0
endloop
endfacet
facet normal 0.7071003077763341 0.7071132545374988 0
outer loop
vertex 4.685055732727051 -62.325008392333984 -4.099999904632568
vertex 4.632968902587891 -62.27292251586914 -4.099999904632568
vertex 4.632968902587891 -62.27292251586914 0
endloop
endfacet
facet normal 0 0 1
outer loop
vertex 143.4915008544922 -61.410186767578125 -4.099999904632568
vertex 159.45001220703125 60.34265899658203 -4.099999904632568
vertex 57.975006103515625 -61.341068267822266 -4.099999904632568
endloop
endfacet
facet normal 0 0 1
outer loop
vertex 57.975006103515625 -34.62500762939453 -4.099999904632568
vertex 57.975006103515625 -61.341068267822266 -4.099999904632568
vertex 157.71766662597656 62.07499313354492 -4.099999904632568
endloop
endfacet
facet normal 0 0 1
outer loop
vertex 155.03639221191406 -61.51857376098633 -4.099999904632568
vertex 155.14479064941406 -61.6807861328125 -4.099999904632568
vertex 159.45001220703125 60.34265899658203 -4.099999904632568
endloop
endfacet
facet normal 0 0 1
outer loop
vertex 4.975005149841309 -34.62500762939453 -4.099999904632568
vertex -51.504478454589844 -61.8023567199707 -4.099999904632568
vertex 4.1551642417907715 -62.075008392333984 -4.099999904632568
endloop
endfacet
facet normal 0 0 1
outer loop
vertex -51.813133239746094 -61.340415954589844 -4.099999904632568
vertex -51.65092468261719 -61.44880294799805 -4.099999904632568
vertex 4.975005149841309 -34.62500762939453 -4.099999904632568
endloop
endfacet
facet normal 0 0 1
outer loop
vertex -51.65092468261719 -61.44880294799805 -4.099999904632568
vertex -51.542537689208984 -61.61101150512695 -4.099999904632568
vertex 4.975005149841309 -34.62500762939453 -4.099999904632568
endloop
endfacet
facet normal 0 0 1
outer loop
vertex -51.542537689208984 -61.61101150512695 -4.099999904632568
vertex -51.504478454589844 -61.8023567199707 -4.099999904632568
vertex 4.975005149841309 -34.62500762939453 -4.099999904632568
endloop
endfacet
facet normal 0.382685004999954 0.9238788811030292 0
outer loop
vertex 4.632968902587891 -62.27292251586914 -4.099999904632568
vertex 4.1551642417907715 -62.075008392333984 -4.099999904632568
vertex 4.1551642417907715 -62.075008392333984 0
endloop
endfacet
facet normal 0.7071058956565386 -0.7071076667154473 0
outer loop
vertex 29.788482666015625 43.07499313354492 -4.099999904632568
vertex 30.550004959106445 43.83651351928711 -4.099999904632568
vertex 30.550004959106445 43.83651351928711 0
endloop
endfacet
facet normal -0.9701679857137903 -0.24243365998979374 0
outer loop
vertex 20.010364532470703 57.76845932006836 -4.099999904632568
vertex 23.544464111328125 43.6257438659668 -4.099999904632568
vertex 23.544464111328125 43.6257438659668 0
endloop
endfacet
facet normal -0.6154543386034924 -0.7881725427177337 0
outer loop
vertex 23.544464111328125 43.6257438659668 -4.099999904632568
vertex 24.249774932861328 43.07499313354492 0
vertex 23.544464111328125 43.6257438659668 0
endloop
endfacet
facet normal 0 -1 0
outer loop
vertex 24.249774932861328 43.07499313354492 0
vertex 24.249774932861328 43.07499313354492 -4.099999904632568
vertex 29.788482666015625 43.07499313354492 0
endloop
endfacet
facet normal 0 0 1
outer loop
vertex 4.975005149841309 -34.62500762939453 -4.099999904632568
vertex -63.004478454589844 -61.3023567199707 -4.099999904632568
vertex -51.813133239746094 -61.340415954589844 -4.099999904632568
endloop
endfacet
facet normal 0 1 0
outer loop
vertex 143.18284606933594 -62.075008392333984 -4.099999904632568
vertex 63.18284606933594 -62.075008392333984 0
vertex 143.18284606933594 -62.075008392333984 0
endloop
endfacet
facet normal 0 0 1
outer loop
vertex -51.504478454589844 -61.8023567199707 -4.099999904632568
vertex -51.504478454589844 -62.075008392333984 -4.099999904632568
vertex 4.1551642417907715 -62.075008392333984 -4.099999904632568
endloop
endfacet
facet normal 0 0 1
outer loop
vertex 155.14479064941406 -61.6807861328125 -4.099999904632568
vertex 155.18284606933594 -61.872127532958984 -4.099999904632568
vertex 159.45001220703125 60.34265899658203 -4.099999904632568
endloop
endfacet
facet normal 0 0 1
outer loop
vertex 155.18284606933594 -61.872127532958984 -4.099999904632568
vertex 157.71766662597656 -62.075008392333984 -4.099999904632568
vertex 159.45001220703125 60.34265899658203 -4.099999904632568
endloop
endfacet
facet normal 0 0 1
outer loop
vertex 159.45001220703125 60.34265899658203 -4.099999904632568
vertex 157.71766662597656 -62.075008392333984 -4.099999904632568
vertex 157.97494506835938 -61.96843719482422 -4.099999904632568
endloop
endfacet
facet normal 0 0 1
outer loop
vertex 143.4915008544922 -61.410186767578125 -4.099999904632568
vertex 154.8741912841797 -61.410186767578125 -4.099999904632568
vertex 159.45001220703125 60.34265899658203 -4.099999904632568
endloop
endfacet
facet normal 0.2424298818507226 -0.970168929818846 0
outer loop
vertex 17.909740447998047 59.02914047241211 0
vertex -62.30895233154297 38.98375701904297 -4.099999904632568
vertex 17.909740447998047 59.02914047241211 -4.099999904632568
endloop
endfacet
facet normal 0.2424298818507226 -0.970168929818846 0
outer loop
vertex -62.30895233154297 38.98375701904297 0
vertex -62.30895233154297 38.98375701904297 -4.099999904632568
vertex 17.909740447998047 59.02914047241211 0
endloop
endfacet
facet normal -0.38269255819931874 -0.9238757524141767 0
outer loop
vertex -75.0323257446289 40.69999313354492 0
vertex -75.0323257446289 40.69999313354492 -4.099999904632568
vertex -74.7750473022461 40.593421936035156 0
endloop
endfacet
facet normal -0.7071067811865476 -0.7071067811865476 0
outer loop
vertex 157.97494506835938 61.968421936035156 0
vertex 157.97494506835938 61.968421936035156 -4.099999904632568
vertex 159.3434295654297 60.599937438964844 0
endloop
endfacet
facet normal -0.38269255819931874 -0.9238757524141767 0
outer loop
vertex 157.71766662597656 62.07499313354492 0
vertex 157.71766662597656 62.07499313354492 -4.099999904632568
vertex 157.97494506835938 61.968421936035156 0
endloop
endfacet
facet normal -0.9238612223289352 -0.3827276340648605 0
outer loop
vertex 159.3434295654297 60.599937438964844 0
vertex 159.3434295654297 60.599937438964844 -4.099999904632568
vertex 159.45001220703125 60.34265899658203 0
endloop
endfacet
facet normal -0.38269255819931874 -0.9238757524141767 0
outer loop
vertex 157.71766662597656 62.07499313354492 -4.099999904632568
vertex 157.97494506835938 61.968421936035156 -4.099999904632568
vertex 157.97494506835938 61.968421936035156 0
endloop
endfacet
facet normal 0 0 1
outer loop
vertex 154.8741912841797 -61.410186767578125 -4.099999904632568
vertex 155.03639221191406 -61.51857376098633 -4.099999904632568
vertex 159.45001220703125 60.34265899658203 -4.099999904632568
endloop
endfacet
facet normal 0 0 1
outer loop
vertex 159.45001220703125 60.34265899658203 -4.099999904632568
vertex 157.97494506835938 -61.96843719482422 -4.099999904632568
vertex 159.3434295654297 -60.599952697753906 -4.099999904632568
endloop
endfacet
facet normal 0 1 0
outer loop
vertex 143.18284606933594 -62.075008392333984 -4.099999904632568
vertex 63.18284606933594 -62.075008392333984 -4.099999904632568
vertex 63.18284606933594 -62.075008392333984 0
endloop
endfacet
facet normal 0 0 1
outer loop
vertex 159.45001220703125 60.34265899658203 -4.099999904632568
vertex 159.3434295654297 -60.599952697753906 -4.099999904632568
vertex 159.45001220703125 -60.342674255371094 -4.099999904632568
endloop
endfacet
facet normal -1 0 0
outer loop
vertex 159.45001220703125 60.34265899658203 -4.099999904632568
vertex 159.45001220703125 -60.342674255371094 -4.099999904632568
vertex 159.45001220703125 -60.342674255371094 0
endloop
endfacet
facet normal -0.7071067811865476 -0.7071067811865476 0
outer loop
vertex 157.97494506835938 61.968421936035156 -4.099999904632568
vertex 159.3434295654297 60.599937438964844 -4.099999904632568
vertex 159.3434295654297 60.599937438964844 0
endloop
endfacet
facet normal 0 0 1
outer loop
vertex -63.004478454589844 -61.3023567199707 -4.099999904632568
vertex 4.975005149841309 -34.62500762939453 -4.099999904632568
vertex -143.81314086914062 -61.30936050415039 -4.099999904632568
endloop
endfacet
facet normal 0 0 1
outer loop
vertex 155.18284606933594 -62.075008392333984 -4.099999904632568
vertex 157.71766662597656 -62.075008392333984 -4.099999904632568
vertex 155.18284606933594 -61.872127532958984 -4.099999904632568
endloop
endfacet
facet normal -0.9238612223289352 -0.3827276340648605 0
outer loop
vertex 159.3434295654297 60.599937438964844 -4.099999904632568
vertex 159.45001220703125 60.34265899658203 -4.099999904632568
vertex 159.45001220703125 60.34265899658203 0
endloop
endfacet
facet normal 0 0 1
outer loop
vertex -157.71766662597656 -62.075008392333984 -4.099999904632568
vertex -155.5044708251953 -62.075008392333984 -4.099999904632568
vertex -155.5044708251953 -61.771297454833984 -4.099999904632568
endloop
endfacet
facet normal 0 -1 0
outer loop
vertex 157.71766662597656 62.07499313354492 0
vertex 32.28234100341797 62.07499313354492 -4.099999904632568
vertex 157.71766662597656 62.07499313354492 -4.099999904632568
endloop
endfacet
facet normal 0 0 1
outer loop
vertex -157.71766662597656 -62.075008392333984 -4.099999904632568
vertex -155.5044708251953 -61.771297454833984 -4.099999904632568
vertex -155.46641540527344 -61.5799560546875 -4.099999904632568
endloop
endfacet
facet normal 0 0 1
outer loop
vertex 143.4915008544922 -61.410186767578125 -4.099999904632568
vertex 63.036399841308594 -61.487518310546875 -4.099999904632568
vertex 143.3292999267578 -61.51857376098633 -4.099999904632568
endloop
endfacet
facet normal 0 0 1
outer loop
vertex 143.3292999267578 -61.51857376098633 -4.099999904632568
vertex 63.1447868347168 -61.64972686767578 -4.099999904632568
vertex 143.2209014892578 -61.6807861328125 -4.099999904632568
endloop
endfacet
facet normal 0 0 1
outer loop
vertex 143.2209014892578 -61.6807861328125 -4.099999904632568
vertex 63.18284606933594 -61.841068267822266 -4.099999904632568
vertex 143.18284606933594 -61.872127532958984 -4.099999904632568
endloop
endfacet
facet normal 0 0 1
outer loop
vertex 143.18284606933594 -61.872127532958984 -4.099999904632568
vertex 63.18284606933594 -62.075008392333984 -4.099999904632568
vertex 143.18284606933594 -62.075008392333984 -4.099999904632568
endloop
endfacet
facet normal 0 0 1
outer loop
vertex -157.71766662597656 -62.075008392333984 -4.099999904632568
vertex -155.46641540527344 -61.5799560546875 -4.099999904632568
vertex -155.3580322265625 -61.41774368286133 -4.099999904632568
endloop
endfacet
facet normal 0 0 1
outer loop
vertex -157.71766662597656 -62.075008392333984 -4.099999904632568
vertex -155.3580322265625 -61.41774368286133 -4.099999904632568
vertex -155.19581604003906 -61.30936050415039 -4.099999904632568
endloop
endfacet
facet normal 0.5952377060986475 -0.803549670672834 0
outer loop
vertex -62.53272247314453 38.817996978759766 0
vertex -62.53272247314453 38.817996978759766 -4.099999904632568
vertex -62.30895233154297 38.98375701904297 0
endloop
endfacet
facet normal 0.8574362229260679 -0.5145902482697067 0
outer loop
vertex -63.52862548828125 37.158573150634766 0
vertex -63.52862548828125 37.158573150634766 -4.099999904632568
vertex -62.53272247314453 38.817996978759766 0
endloop
endfacet
facet normal 0.9890940419747161 -0.14728535612924515 0
outer loop
vertex -63.56964111328125 36.88313293457031 0
vertex -63.56964111328125 36.88313293457031 -4.099999904632568
vertex -63.52862548828125 37.158573150634766 0
endloop
endfacet
facet normal -0.9238805955815449 -0.38268086587637207 0
outer loop
vertex -73.40656280517578 39.224937438964844 0
vertex -73.40656280517578 39.224937438964844 -4.099999904632568
vertex -73.29999542236328 38.96765899658203 0
endloop
endfacet
facet normal -0.7071067811865476 -0.7071067811865476 0
outer loop
vertex -74.7750473022461 40.593421936035156 0
vertex -74.7750473022461 40.593421936035156 -4.099999904632568
vertex -73.40656280517578 39.224937438964844 0
endloop
endfacet
facet normal -1 0 0
outer loop
vertex -73.29999542236328 38.96765899658203 -4.099999904632568
vertex -73.29999542236328 22.48664093017578 0
vertex -73.29999542236328 38.96765899658203 0
endloop
endfacet
facet normal 0 0 1
outer loop
vertex 63.1447868347168 -61.64972686767578 -4.099999904632568
vertex 63.18284606933594 -61.841068267822266 -4.099999904632568
vertex 143.2209014892578 -61.6807861328125 -4.099999904632568
endloop
endfacet
facet normal 0 0 1
outer loop
vertex 63.18284606933594 -61.841068267822266 -4.099999904632568
vertex 63.18284606933594 -62.075008392333984 -4.099999904632568
vertex 143.18284606933594 -61.872127532958984 -4.099999904632568
endloop
endfacet
facet normal 0 0 1
outer loop
vertex 62.87418746948242 -61.37913131713867 -4.099999904632568
vertex 63.036399841308594 -61.487518310546875 -4.099999904632568
vertex 143.4915008544922 -61.410186767578125 -4.099999904632568
endloop
endfacet
facet normal 0 0 1
outer loop
vertex 57.975006103515625 -61.341068267822266 -4.099999904632568
vertex 62.87418746948242 -61.37913131713867 -4.099999904632568
vertex 143.4915008544922 -61.410186767578125 -4.099999904632568
endloop
endfacet
facet normal 0.5952377060986475 -0.803549670672834 0
outer loop
vertex -62.53272247314453 38.817996978759766 -4.099999904632568
vertex -62.30895233154297 38.98375701904297 -4.099999904632568
vertex -62.30895233154297 38.98375701904297 0
endloop
endfacet
facet normal 0.8574362229260679 -0.5145902482697067 0
outer loop
vertex -63.52862548828125 37.158573150634766 -4.099999904632568
vertex -62.53272247314453 38.817996978759766 -4.099999904632568
vertex -62.53272247314453 38.817996978759766 0
endloop
endfacet
facet normal 0 0 1
outer loop
vertex 23.544464111328125 43.6257438659668 -4.099999904632568
vertex 4.975005149841309 -34.62500762939453 -4.099999904632568
vertex 57.975006103515625 -34.62500762939453 -4.099999904632568
endloop
endfacet
facet normal 0.9890940419747161 -0.14728535612924515 0
outer loop
vertex -63.56964111328125 36.88313293457031 -4.099999904632568
vertex -63.52862548828125 37.158573150634766 -4.099999904632568
vertex -63.52862548828125 37.158573150634766 0
endloop
endfacet
facet normal 0 0 1
outer loop
vertex -143.5044708251953 -61.771297454833984 -4.099999904632568
vertex -143.5044708251953 -62.075008392333984 -4.099999904632568
vertex -63.504478454589844 -61.8023567199707 -4.099999904632568
endloop
endfacet
facet normal 0 0 1
outer loop
vertex -143.54254150390625 -61.5799560546875 -4.099999904632568
vertex -143.5044708251953 -61.771297454833984 -4.099999904632568
vertex -63.46641540527344 -61.61101150512695 -4.099999904632568
endloop
endfacet
facet normal -0.9238805955815449 -0.38268086587637207 0
outer loop
vertex -73.40656280517578 39.224937438964844 -4.099999904632568
vertex -73.29999542236328 38.96765899658203 -4.099999904632568
vertex -73.29999542236328 38.96765899658203 0
endloop
endfacet
facet normal -0.7071067811865476 -0.7071067811865476 0
outer loop
vertex -74.7750473022461 40.593421936035156 -4.099999904632568
vertex -73.40656280517578 39.224937438964844 -4.099999904632568
vertex -73.40656280517578 39.224937438964844 0
endloop
endfacet
facet normal -0.38269255819931874 -0.9238757524141767 0
outer loop
vertex -75.0323257446289 40.69999313354492 -4.099999904632568
vertex -74.7750473022461 40.593421936035156 -4.099999904632568
vertex -74.7750473022461 40.593421936035156 0
endloop
endfacet
facet normal 0 0 1
outer loop
vertex -143.6509246826172 -61.41774368286133 -4.099999904632568
vertex -143.54254150390625 -61.5799560546875 -4.099999904632568
vertex -63.358028411865234 -61.44880294799805 -4.099999904632568
endloop
endfacet
facet normal 1 0 0
outer loop
vertex -159.4499969482422 24.71765899658203 0
vertex -159.4499969482422 -60.342674255371094 -4.099999904632568
vertex -159.4499969482422 24.71765899658203 -4.099999904632568
endloop
endfacet
facet normal 0 0 1
outer loop
vertex 19.844602584838867 57.992225646972656 -4.099999904632568
vertex -62.30895233154297 38.98375701904297 -4.099999904632568
vertex 20.010364532470703 57.76845932006836 -4.099999904632568
endloop
endfacet
facet normal 0 0 1
outer loop
vertex -62.30895233154297 38.98375701904297 -4.099999904632568
vertex 19.844602584838867 57.992225646972656 -4.099999904632568
vertex 18.1851806640625 58.988121032714844 -4.099999904632568
endloop
endfacet
facet normal 1 0 0
outer loop
vertex -159.4499969482422 -60.342674255371094 0
vertex -159.4499969482422 -60.342674255371094 -4.099999904632568
vertex -159.4499969482422 24.71765899658203 0
endloop
endfacet
facet normal 0 0 1
outer loop
vertex -72.5321044921875 21.724042892456055 -4.099999904632568
vertex -159.4499969482422 -60.342674255371094 -4.099999904632568
vertex -60.82514572143555 21.805017471313477 -4.099999904632568
endloop
endfacet
facet normal 0 0 1
outer loop
vertex -159.4499969482422 -60.342674255371094 -4.099999904632568
vertex -159.3434295654297 -60.599952697753906 -4.099999904632568
vertex 23.544464111328125 43.6257438659668 -4.099999904632568
endloop
endfacet
facet normal 0 0 1
outer loop
vertex 23.544464111328125 43.6257438659668 -4.099999904632568
vertex -157.71766662597656 -62.075008392333984 -4.099999904632568
vertex -155.19581604003906 -61.30936050415039 -4.099999904632568
endloop
endfacet
facet normal 0 0 1
outer loop
vertex 23.544464111328125 43.6257438659668 -4.099999904632568
vertex -157.97494506835938 -61.96843719482422 -4.099999904632568
vertex -157.71766662597656 -62.075008392333984 -4.099999904632568
endloop
endfacet
facet normal 0 0 1
outer loop
vertex -159.3434295654297 -60.599952697753906 -4.099999904632568
vertex -157.97494506835938 -61.96843719482422 -4.099999904632568
vertex 23.544464111328125 43.6257438659668 -4.099999904632568
endloop
endfacet
facet normal 0 0 1
outer loop
vertex -136.46151733398438 26.449993133544922 -4.099999904632568
vertex -159.4499969482422 -60.342674255371094 -4.099999904632568
vertex -72.5321044921875 21.724042892456055 -4.099999904632568
endloop
endfacet
facet normal 0 0 1
outer loop
vertex -62.30895233154297 38.98375701904297 -4.099999904632568
vertex 18.1851806640625 58.988121032714844 -4.099999904632568
vertex 17.909740447998047 59.02914047241211 -4.099999904632568
endloop
endfacet
facet normal 0 0 1
outer loop
vertex -159.4499969482422 -60.342674255371094 -4.099999904632568
vertex -136.46151733398438 26.449993133544922 -4.099999904632568
vertex -159.4499969482422 24.71765899658203 -4.099999904632568
endloop
endfacet
facet normal 0 0 1
outer loop
vertex -143.81314086914062 -61.30936050415039 -4.099999904632568
vertex -143.6509246826172 -61.41774368286133 -4.099999904632568
vertex -63.19581985473633 -61.340415954589844 -4.099999904632568
endloop
endfacet
facet normal 0 0 1
outer loop
vertex -62.30895233154297 38.98375701904297 -4.099999904632568
vertex 23.544464111328125 43.6257438659668 -4.099999904632568
vertex 20.010364532470703 57.76845932006836 -4.099999904632568
endloop
endfacet
facet normal 0 0 1
outer loop
vertex -62.53272247314453 38.817996978759766 -4.099999904632568
vertex 23.544464111328125 43.6257438659668 -4.099999904632568
vertex -62.30895233154297 38.98375701904297 -4.099999904632568
endloop
endfacet
facet normal 0 0 1
outer loop
vertex -63.52862548828125 37.158573150634766 -4.099999904632568
vertex 23.544464111328125 43.6257438659668 -4.099999904632568
vertex -62.53272247314453 38.817996978759766 -4.099999904632568
endloop
endfacet
facet normal 0 0 1
outer loop
vertex -63.56964111328125 36.88313293457031 -4.099999904632568
vertex 23.544464111328125 43.6257438659668 -4.099999904632568
vertex -63.52862548828125 37.158573150634766 -4.099999904632568
endloop
endfacet
facet normal 0 0 1
outer loop
vertex -60.051292419433594 22.803131103515625 -4.099999904632568
vertex 23.544464111328125 43.6257438659668 -4.099999904632568
vertex -63.56964111328125 36.88313293457031 -4.099999904632568
endloop
endfacet
facet normal 0 0 1
outer loop
vertex -75.0323257446289 40.69999313354492 -4.099999904632568
vertex -73.29999542236328 22.48664093017578 -4.099999904632568
vertex -74.7750473022461 40.593421936035156 -4.099999904632568
endloop
endfacet
facet normal 0 1 0
outer loop
vertex 4.1551642417907715 -62.075008392333984 -4.099999904632568
vertex -51.504478454589844 -62.075008392333984 -4.099999904632568
vertex -51.504478454589844 -62.075008392333984 0
endloop
endfacet
facet normal 0 0 1
outer loop
vertex -73.29999542236328 22.48664093017578 -4.099999904632568
vertex -73.29999542236328 38.96765899658203 -4.099999904632568
vertex -73.40656280517578 39.224937438964844 -4.099999904632568
endloop
endfacet
facet normal 0 0 1
outer loop
vertex -73.29999542236328 22.48664093017578 -4.099999904632568
vertex -73.40656280517578 39.224937438964844 -4.099999904632568
vertex -74.7750473022461 40.593421936035156 -4.099999904632568
endloop
endfacet
facet normal 0 1 0
outer loop
vertex -63.504478454589844 -62.075008392333984 -4.099999904632568
vertex -143.5044708251953 -62.075008392333984 0
vertex -63.504478454589844 -62.075008392333984 0
endloop
endfacet
facet normal 0 0 1
outer loop
vertex -63.504478454589844 -61.8023567199707 -4.099999904632568
vertex -143.5044708251953 -62.075008392333984 -4.099999904632568
vertex -63.504478454589844 -62.075008392333984 -4.099999904632568
endloop
endfacet
facet normal 0 0 1
outer loop
vertex -157.97494506835938 26.34342384338379 -4.099999904632568
vertex -136.46151733398438 26.449993133544922 -4.099999904632568
vertex -157.71766662597656 26.449993133544922 -4.099999904632568
endloop
endfacet
facet normal 0 0 1
outer loop
vertex -159.4499969482422 24.71765899658203 -4.099999904632568
vertex -136.46151733398438 26.449993133544922 -4.099999904632568
vertex -159.3434295654297 24.974937438964844 -4.099999904632568
endloop
endfacet
facet normal 0 0 1
outer loop
vertex -136.46151733398438 26.449993133544922 -4.099999904632568
vertex -73.29999542236328 22.48664093017578 -4.099999904632568
vertex -135.6999969482422 27.211515426635742 -4.099999904632568
endloop
endfacet
facet normal 0 0 1
outer loop
vertex -63.004478454589844 -61.3023567199707 -4.099999904632568
vertex -143.81314086914062 -61.30936050415039 -4.099999904632568
vertex -63.19581985473633 -61.340415954589844 -4.099999904632568
endloop
endfacet
facet normal 0 1 0
outer loop
vertex 4.1551642417907715 -62.075008392333984 -4.099999904632568
vertex -51.504478454589844 -62.075008392333984 0
vertex 4.1551642417907715 -62.075008392333984 0
endloop
endfacet
facet normal 0 0 1
outer loop
vertex -155.19581604003906 -61.30936050415039 -4.099999904632568
vertex -143.81314086914062 -61.30936050415039 -4.099999904632568
vertex 4.975005149841309 -34.62500762939453 -4.099999904632568
endloop
endfacet
facet normal 0.38269255819931874 0.9238757524141767 0
outer loop
vertex -157.97494506835938 -61.96843719482422 -4.099999904632568
vertex -157.97494506835938 -61.96843719482422 0
vertex -157.71766662597656 -62.075008392333984 -4.099999904632568
endloop
endfacet
facet normal 0 1 0
outer loop
vertex -155.5044708251953 -62.075008392333984 -4.099999904632568
vertex -157.71766662597656 -62.075008392333984 -4.099999904632568
vertex -157.71766662597656 -62.075008392333984 0
endloop
endfacet
facet normal -1 0 0
outer loop
vertex 159.45001220703125 60.34265899658203 -4.099999904632568
vertex 159.45001220703125 -60.342674255371094 0
vertex 159.45001220703125 60.34265899658203 0
endloop
endfacet
facet normal 0 0 1
outer loop
vertex 157.71766662597656 62.07499313354492 -4.099999904632568
vertex 57.975006103515625 -61.341068267822266 -4.099999904632568
vertex 157.97494506835938 61.968421936035156 -4.099999904632568
endloop
endfacet
facet normal 0 0 1
outer loop
vertex 157.97494506835938 61.968421936035156 -4.099999904632568
vertex 57.975006103515625 -61.341068267822266 -4.099999904632568
vertex 159.3434295654297 60.599937438964844 -4.099999904632568
endloop
endfacet
facet normal 0 0 1
outer loop
vertex 57.975006103515625 -61.341068267822266 -4.099999904632568
vertex 159.45001220703125 60.34265899658203 -4.099999904632568
vertex 159.3434295654297 60.599937438964844 -4.099999904632568
endloop
endfacet
facet normal 0.7071067811865476 0.7071067811865476 0
outer loop
vertex -157.97494506835938 -61.96843719482422 -4.099999904632568
vertex -159.3434295654297 -60.599952697753906 -4.099999904632568
vertex -159.3434295654297 -60.599952697753906 0
endloop
endfacet
facet normal 0.9238805955815449 0.38268086587637207 0
outer loop
vertex -159.4499969482422 -60.342674255371094 -4.099999904632568
vertex -159.4499969482422 -60.342674255371094 0
vertex -159.3434295654297 -60.599952697753906 -4.099999904632568
endloop
endfacet
facet normal 0 0 1
outer loop
vertex 32.28234100341797 62.07499313354492 -4.099999904632568
vertex 57.975006103515625 -34.62500762939453 -4.099999904632568
vertex 157.71766662597656 62.07499313354492 -4.099999904632568
endloop
endfacet
facet normal 0 1 0
outer loop
vertex -63.504478454589844 -62.075008392333984 -4.099999904632568
vertex -143.5044708251953 -62.075008392333984 -4.099999904632568
vertex -143.5044708251953 -62.075008392333984 0
endloop
endfacet
facet normal 0 -1 0
outer loop
vertex 32.28234100341797 62.07499313354492 0
vertex 32.28234100341797 62.07499313354492 -4.099999904632568
vertex 157.71766662597656 62.07499313354492 0
endloop
endfacet
facet normal 0.7902941835929909 -0.6127275931269034 0
outer loop
vertex -60.82514572143555 21.805017471313477 0
vertex -60.82514572143555 21.805017471313477 -4.099999904632568
vertex -60.051292419433594 22.803131103515625 0
endloop
endfacet
facet normal 0.38269255819931874 0.9238757524141767 0
outer loop
vertex -157.71766662597656 -62.075008392333984 0
vertex -157.71766662597656 -62.075008392333984 -4.099999904632568
vertex -157.97494506835938 -61.96843719482422 0
endloop
endfacet
facet normal 0.9701692738169959 0.24242850521628592 0
outer loop
vertex -60.051292419433594 22.803131103515625 0
vertex -60.051292419433594 22.803131103515625 -4.099999904632568
vertex -63.56964111328125 36.88313293457031 0
endloop
endfacet
facet normal 0.006916624848530463 -0.999976079864266 0
outer loop
vertex -72.5321044921875 21.724042892456055 0
vertex -72.5321044921875 21.724042892456055 -4.099999904632568
vertex -60.82514572143555 21.805017471313477 0
endloop
endfacet
facet normal 0 0 1
outer loop
vertex 23.544464111328125 43.6257438659668 -4.099999904632568
vertex -155.19581604003906 -61.30936050415039 -4.099999904632568
vertex 4.975005149841309 -34.62500762939453 -4.099999904632568
endloop
endfacet
facet normal -0.7046571788848828 -0.7095479266730318 0
outer loop
vertex -73.29999542236328 22.48664093017578 0
vertex -73.29999542236328 22.48664093017578 -4.099999904632568
vertex -72.5321044921875 21.724042892456055 0
endloop
endfacet
facet normal 0.7902941835929909 -0.6127275931269034 0
outer loop
vertex -60.82514572143555 21.805017471313477 -4.099999904632568
vertex -60.051292419433594 22.803131103515625 -4.099999904632568
vertex -60.051292419433594 22.803131103515625 0
endloop
endfacet
facet normal 0.9701692738169959 0.24242850521628592 0
outer loop
vertex -63.56964111328125 36.88313293457031 0
vertex -60.051292419433594 22.803131103515625 -4.099999904632568
vertex -63.56964111328125 36.88313293457031 -4.099999904632568
endloop
endfacet
facet normal -1 0 0
outer loop
vertex -73.29999542236328 22.48664093017578 0
vertex -73.29999542236328 38.96765899658203 -4.099999904632568
vertex -73.29999542236328 22.48664093017578 -4.099999904632568
endloop
endfacet
facet normal 0.006916624848530463 -0.999976079864266 0
outer loop
vertex -72.5321044921875 21.724042892456055 -4.099999904632568
vertex -60.82514572143555 21.805017471313477 -4.099999904632568
vertex -60.82514572143555 21.805017471313477 0
endloop
endfacet
facet normal -0.7046571788848828 -0.7095479266730318 0
outer loop
vertex -73.29999542236328 22.48664093017578 -4.099999904632568
vertex -72.5321044921875 21.724042892456055 -4.099999904632568
vertex -72.5321044921875 21.724042892456055 0
endloop
endfacet
facet normal 0 0 1
outer loop
vertex -60.82514572143555 21.805017471313477 -4.099999904632568
vertex 23.544464111328125 43.6257438659668 -4.099999904632568
vertex -60.051292419433594 22.803131103515625 -4.099999904632568
endloop
endfacet
facet normal 0 0 1
outer loop
vertex -60.82514572143555 21.805017471313477 -4.099999904632568
vertex -159.4499969482422 -60.342674255371094 -4.099999904632568
vertex 23.544464111328125 43.6257438659668 -4.099999904632568
endloop
endfacet
facet normal 0 -1 0
outer loop
vertex -133.96766662597656 40.69999313354492 0
vertex -133.96766662597656 40.69999313354492 -4.099999904632568
vertex -75.0323257446289 40.69999313354492 0
endloop
endfacet
facet normal 0 -1 0
outer loop
vertex -133.96766662597656 40.69999313354492 -4.099999904632568
vertex -75.0323257446289 40.69999313354492 -4.099999904632568
vertex -75.0323257446289 40.69999313354492 0
endloop
endfacet
facet normal 0 1 0
outer loop
vertex -155.5044708251953 -62.075008392333984 -4.099999904632568
vertex -157.71766662597656 -62.075008392333984 0
vertex -155.5044708251953 -62.075008392333984 0
endloop
endfacet
facet normal 0.38269255819931874 -0.9238757524141767 0
outer loop
vertex -134.22494506835938 40.593421936035156 0
vertex -134.22494506835938 40.593421936035156 -4.099999904632568
vertex -133.96766662597656 40.69999313354492 0
endloop
endfacet
facet normal 0.7071067811865476 -0.7071067811865476 0
outer loop
vertex -135.5934295654297 39.224937438964844 0
vertex -135.5934295654297 39.224937438964844 -4.099999904632568
vertex -134.22494506835938 40.593421936035156 0
endloop
endfacet
facet normal 0.9238805955815449 -0.38268086587637207 0
outer loop
vertex -135.6999969482422 38.96765899658203 0
vertex -135.6999969482422 38.96765899658203 -4.099999904632568
vertex -135.5934295654297 39.224937438964844 0
endloop
endfacet
facet normal 0.7071067811865476 0.7071067811865476 0
outer loop
vertex -157.97494506835938 -61.96843719482422 0
vertex -157.97494506835938 -61.96843719482422 -4.099999904632568
vertex -159.3434295654297 -60.599952697753906 0
endloop
endfacet
facet normal 0.9238805955815449 0.38268086587637207 0
outer loop
vertex -159.3434295654297 -60.599952697753906 0
vertex -159.3434295654297 -60.599952697753906 -4.099999904632568
vertex -159.4499969482422 -60.342674255371094 0
endloop
endfacet
facet normal 0.38269255819931874 -0.9238757524141767 0
outer loop
vertex -134.22494506835938 40.593421936035156 -4.099999904632568
vertex -133.96766662597656 40.69999313354492 -4.099999904632568
vertex -133.96766662597656 40.69999313354492 0
endloop
endfacet
facet normal 0.7071067811865476 -0.7071067811865476 0
outer loop
vertex -135.5934295654297 39.224937438964844 -4.099999904632568
vertex -134.22494506835938 40.593421936035156 -4.099999904632568
vertex -134.22494506835938 40.593421936035156 0
endloop
endfacet
facet normal 0.9238805955815449 -0.38268086587637207 0
outer loop
vertex -135.6999969482422 38.96765899658203 -4.099999904632568
vertex -135.5934295654297 39.224937438964844 -4.099999904632568
vertex -135.5934295654297 39.224937438964844 0
endloop
endfacet
facet normal 1 0 0
outer loop
vertex -135.6999969482422 38.96765899658203 0
vertex -135.6999969482422 27.211515426635742 -4.099999904632568
vertex -135.6999969482422 38.96765899658203 -4.099999904632568
endloop
endfacet
facet normal 0.3826877150393876 -0.92387775855788 0
outer loop
vertex 32.02505874633789 61.968421936035156 0
vertex 32.02505874633789 61.968421936035156 -4.099999904632568
vertex 32.28234100341797 62.07499313354492 0
endloop
endfacet
facet normal 0.7071067811865476 -0.7071067811865476 0
outer loop
vertex 30.656574249267578 60.599937438964844 0
vertex 30.656574249267578 60.599937438964844 -4.099999904632568
vertex 32.02505874633789 61.968421936035156 0
endloop
endfacet
facet normal 0.9238781740100104 -0.38268671206083055 0
outer loop
vertex 30.550004959106445 60.34265899658203 0
vertex 30.550004959106445 60.34265899658203 -4.099999904632568
vertex 30.656574249267578 60.599937438964844 0
endloop
endfacet
facet normal 1 0 0
outer loop
vertex 30.550004959106445 43.83651351928711 0
vertex 30.550004959106445 43.83651351928711 -4.099999904632568
vertex 30.550004959106445 60.34265899658203 0
endloop
endfacet
facet normal -0.9701679857137903 -0.24243365998979374 0
outer loop
vertex 20.010364532470703 57.76845932006836 0
vertex 20.010364532470703 57.76845932006836 -4.099999904632568
vertex 23.544464111328125 43.6257438659668 0
endloop
endfacet
facet normal -0.5145877848430633 -0.8574377013464648 0
outer loop
vertex 18.1851806640625 58.988121032714844 0
vertex 18.1851806640625 58.988121032714844 -4.099999904632568
vertex 19.844602584838867 57.992225646972656 0
endloop
endfacet
facet normal -0.14729875734411985 -0.9890920463156491 0
outer loop
vertex 17.909740447998047 59.02914047241211 0
vertex 17.909740447998047 59.02914047241211 -4.099999904632568
vertex 18.1851806640625 58.988121032714844 0
endloop
endfacet
facet normal -0.8035415410810642 -0.595248680600863 0
outer loop
vertex 19.844602584838867 57.992225646972656 0
vertex 19.844602584838867 57.992225646972656 -4.099999904632568
vertex 20.010364532470703 57.76845932006836 0
endloop
endfacet
facet normal 0 0 1
outer loop
vertex -133.96766662597656 40.69999313354492 -4.099999904632568
vertex -73.29999542236328 22.48664093017578 -4.099999904632568
vertex -75.0323257446289 40.69999313354492 -4.099999904632568
endloop
endfacet
facet normal 0 0 1
outer loop
vertex -134.22494506835938 40.593421936035156 -4.099999904632568
vertex -73.29999542236328 22.48664093017578 -4.099999904632568
vertex -133.96766662597656 40.69999313354492 -4.099999904632568
endloop
endfacet
facet normal 0 0 1
outer loop
vertex -135.5934295654297 39.224937438964844 -4.099999904632568
vertex -73.29999542236328 22.48664093017578 -4.099999904632568
vertex -134.22494506835938 40.593421936035156 -4.099999904632568
endloop
endfacet
facet normal 0 0 1
outer loop
vertex -135.6999969482422 38.96765899658203 -4.099999904632568
vertex -73.29999542236328 22.48664093017578 -4.099999904632568
vertex -135.5934295654297 39.224937438964844 -4.099999904632568
endloop
endfacet
facet normal 0.3826877150393876 -0.92387775855788 0
outer loop
vertex 32.02505874633789 61.968421936035156 -4.099999904632568
vertex 32.28234100341797 62.07499313354492 -4.099999904632568
vertex 32.28234100341797 62.07499313354492 0
endloop
endfacet
facet normal 0.7071067811865476 -0.7071067811865476 0
outer loop
vertex 30.656574249267578 60.599937438964844 -4.099999904632568
vertex 32.02505874633789 61.968421936035156 -4.099999904632568
vertex 32.02505874633789 61.968421936035156 0
endloop
endfacet
facet normal 0.9238781740100104 -0.38268671206083055 0
outer loop
vertex 30.550004959106445 60.34265899658203 -4.099999904632568
vertex 30.656574249267578 60.599937438964844 -4.099999904632568
vertex 30.656574249267578 60.599937438964844 0
endloop
endfacet
facet normal 1 0 0
outer loop
vertex 30.550004959106445 43.83651351928711 -4.099999904632568
vertex 30.550004959106445 60.34265899658203 -4.099999904632568
vertex 30.550004959106445 60.34265899658203 0
endloop
endfacet
facet normal 0.7071058956565386 -0.7071076667154473 0
outer loop
vertex 29.788482666015625 43.07499313354492 0
vertex 29.788482666015625 43.07499313354492 -4.099999904632568
vertex 30.550004959106445 43.83651351928711 0
endloop
endfacet
facet normal -0.8035415410810642 -0.595248680600863 0
outer loop
vertex 19.844602584838867 57.992225646972656 -4.099999904632568
vertex 20.010364532470703 57.76845932006836 -4.099999904632568
vertex 20.010364532470703 57.76845932006836 0
endloop
endfacet
facet normal 0 0 1
outer loop
vertex 4.632968902587891 -62.27292251586914 -4.099999904632568
vertex 4.975005149841309 -62.325008392333984 -4.099999904632568
vertex 4.975005149841309 -34.62500762939453 -4.099999904632568
endloop
endfacet
facet normal 0 0 1
outer loop
vertex 4.975005149841309 -34.62500762939453 -4.099999904632568
vertex 4.1551642417907715 -62.075008392333984 -4.099999904632568
vertex 4.632968902587891 -62.27292251586914 -4.099999904632568
endloop
endfacet
facet normal 0 0 1
outer loop
vertex 32.02505874633789 61.968421936035156 -4.099999904632568
vertex 57.975006103515625 -34.62500762939453 -4.099999904632568
vertex 32.28234100341797 62.07499313354492 -4.099999904632568
endloop
endfacet
facet normal 0 0 1
outer loop
vertex 30.656574249267578 60.599937438964844 -4.099999904632568
vertex 57.975006103515625 -34.62500762939453 -4.099999904632568
vertex 32.02505874633789 61.968421936035156 -4.099999904632568
endloop
endfacet
facet normal 0 0 1
outer loop
vertex 30.550004959106445 60.34265899658203 -4.099999904632568
vertex 57.975006103515625 -34.62500762939453 -4.099999904632568
vertex 30.656574249267578 60.599937438964844 -4.099999904632568
endloop
endfacet
facet normal -0.14729875734411985 -0.9890920463156491 0
outer loop
vertex 17.909740447998047 59.02914047241211 -4.099999904632568
vertex 18.1851806640625 58.988121032714844 -4.099999904632568
vertex 18.1851806640625 58.988121032714844 0
endloop
endfacet
facet normal 0 1 0
outer loop
vertex 4.975005149841309 -62.325008392333984 0
vertex 4.975005149841309 -62.325008392333984 -4.099999904632568
vertex 4.685055732727051 -62.325008392333984 0
endloop
endfacet
facet normal 0 0 1
outer loop
vertex 30.550004959106445 43.83651351928711 -4.099999904632568
vertex 57.975006103515625 -34.62500762939453 -4.099999904632568
vertex 30.550004959106445 60.34265899658203 -4.099999904632568
endloop
endfacet
facet normal 0.382685004999954 0.9238788811030292 0
outer loop
vertex 4.632968902587891 -62.27292251586914 0
vertex 4.632968902587891 -62.27292251586914 -4.099999904632568
vertex 4.1551642417907715 -62.075008392333984 0
endloop
endfacet
facet normal 0 0 1
outer loop
vertex 4.685055732727051 -62.325008392333984 -4.099999904632568
vertex 4.975005149841309 -62.325008392333984 -4.099999904632568
vertex 4.632968902587891 -62.27292251586914 -4.099999904632568
endloop
endfacet
facet normal 0 0 1
outer loop
vertex 29.788482666015625 43.07499313354492 -4.099999904632568
vertex 57.975006103515625 -34.62500762939453 -4.099999904632568
vertex 30.550004959106445 43.83651351928711 -4.099999904632568
endloop
endfacet
facet normal 0 0 1
outer loop
vertex 24.249774932861328 43.07499313354492 -4.099999904632568
vertex 57.975006103515625 -34.62500762939453 -4.099999904632568
vertex 29.788482666015625 43.07499313354492 -4.099999904632568
endloop
endfacet
facet normal -0.5145877848430633 -0.8574377013464648 0
outer loop
vertex 18.1851806640625 58.988121032714844 -4.099999904632568
vertex 19.844602584838867 57.992225646972656 -4.099999904632568
vertex 19.844602584838867 57.992225646972656 0
endloop
endfacet
facet normal 0 0 1
outer loop
vertex -63.358028411865234 -61.44880294799805 -4.099999904632568
vertex -143.54254150390625 -61.5799560546875 -4.099999904632568
vertex -63.46641540527344 -61.61101150512695 -4.099999904632568
endloop
endfacet
facet normal 0 1 0
outer loop
vertex 27.725004196166992 -62.62500762939453 -5.699999809265137
vertex 27.342321395874023 -62.62500762939453 -5.776120662689209
vertex 4.975005149841309 -62.62500762939453 0
endloop
endfacet
facet normal 0 1 0
outer loop
vertex 27.342321395874023 -62.62500762939453 -5.776120662689209
vertex 27.017898559570312 -62.62500762939453 -5.992893218994141
vertex 4.975005149841309 -62.62500762939453 0
endloop
endfacet
facet normal 0 1 0
outer loop
vertex 27.017898559570312 -62.62500762939453 -5.992893218994141
vertex 26.80112648010254 -62.62500762939453 -6.31731653213501
vertex 4.975005149841309 -62.62500762939453 0
endloop
endfacet
facet normal 0 1 0
outer loop
vertex 26.80112648010254 -62.62500762939453 -6.31731653213501
vertex 26.725004196166992 -62.62500762939453 -6.699999809265137
vertex 4.975005149841309 -62.62500762939453 0
endloop
endfacet
facet normal 1 0 0
outer loop
vertex 4.975005149841309 -62.62500762939453 0
vertex 4.975005149841309 -62.325008392333984 -4.099999904632568
vertex 4.975005149841309 -62.325008392333984 0
endloop
endfacet
facet normal 1 0 0
outer loop
vertex 4.975005149841309 -62.62500762939453 0
vertex 4.975005149841309 -62.62500762939453 -8.199999809265137
vertex 4.975005149841309 -62.325008392333984 -4.099999904632568
endloop
endfacet
facet normal 0 1 0
outer loop
vertex 57.975006103515625 -62.62500762939453 -8.199999809265137
vertex 55.475006103515625 -62.62500762939453 -8.199999809265137
vertex 4.975005149841309 -62.62500762939453 0
endloop
endfacet
facet normal 1 0 0
outer loop
vertex 4.975005149841309 -62.62500762939453 -8.199999809265137
vertex 4.975005149841309 -34.62500762939453 -4.099999904632568
vertex 4.975005149841309 -62.325008392333984 -4.099999904632568
endloop
endfacet
facet normal 0 1 0
outer loop
vertex 26.725004196166992 -62.62500762939453 -6.699999809265137
vertex 26.725004196166992 -62.62500762939453 -8.199999809265137
vertex 4.975005149841309 -62.62500762939453 0
endloop
endfacet
facet normal 0 1 0
outer loop
vertex 26.725004196166992 -62.62500762939453 -8.199999809265137
vertex 26.475004196166992 -62.62500762939453 -8.199999809265137
vertex 4.975005149841309 -62.62500762939453 0
endloop
endfacet
facet normal 0 1 0
outer loop
vertex 26.475004196166992 -62.62500762939453 -8.199999809265137
vertex 17.475004196166992 -62.62500762939453 -8.199999809265137
vertex 4.975005149841309 -62.62500762939453 0
endloop
endfacet
facet normal 0 1 0
outer loop
vertex 4.975005149841309 -62.62500762939453 0
vertex 55.475006103515625 -62.62500762939453 -8.199999809265137
vertex 35.225006103515625 -62.62500762939453 -5.699999809265137
endloop
endfacet
facet normal 0 1 0
outer loop
vertex 57.975006103515625 -62.62500762939453 -8.199999809265137
vertex 4.975005149841309 -62.62500762939453 0
vertex 51.18284606933594 -62.62500762939453 -5
endloop
endfacet
facet normal 0 -1 0
outer loop
vertex 4.975005149841309 -34.62500762939453 -4.099999904632568
vertex 4.975005149841309 -34.62500762939453 -8.199999809265137
vertex 57.975006103515625 -34.62500762939453 -4.099999904632568
endloop
endfacet
facet normal -1 0 0
outer loop
vertex 57.975006103515625 -61.341068267822266 -5
vertex 57.975006103515625 -62.62500762939453 -8.199999809265137
vertex 57.975006103515625 -62.62500762939453 -5
endloop
endfacet
facet normal -1 0 0
outer loop
vertex 57.975006103515625 -61.341068267822266 -5
vertex 57.975006103515625 -61.341068267822266 -4.099999904632568
vertex 57.975006103515625 -34.62500762939453 -8.199999809265137
endloop
endfacet
facet normal 0 1 0
outer loop
vertex 17.475004196166992 -62.62500762939453 -8.199999809265137
vertex 7.475005149841309 -62.62500762939453 -8.199999809265137
vertex 4.975005149841309 -62.62500762939453 0
endloop
endfacet
facet normal 0 1 0
outer loop
vertex 7.475005149841309 -62.62500762939453 -8.199999809265137
vertex 4.975005149841309 -62.62500762939453 -8.199999809265137
vertex 4.975005149841309 -62.62500762939453 0
endloop
endfacet
facet normal 0 0 1
outer loop
vertex 57.975006103515625 -34.62500762939453 -8.199999809265137
vertex 45.475006103515625 -53.62500762939453 -8.199999809265137
vertex 55.475006103515625 -53.62500762939453 -8.199999809265137
endloop
endfacet
facet normal -1 0 0
outer loop
vertex 57.975006103515625 -34.62500762939453 -8.199999809265137
vertex 57.975006103515625 -62.62500762939453 -8.199999809265137
vertex 57.975006103515625 -61.341068267822266 -5
endloop
endfacet
facet normal 0 1 0
outer loop
vertex 55.475006103515625 -62.62500762939453 -8.199999809265137
vertex 35.607688903808594 -62.62500762939453 -5.776120662689209
vertex 35.225006103515625 -62.62500762939453 -5.699999809265137
endloop
endfacet
facet normal -1 0 0
outer loop
vertex 57.975006103515625 -34.62500762939453 -4.099999904632568
vertex 57.975006103515625 -34.62500762939453 -8.199999809265137
vertex 57.975006103515625 -61.341068267822266 -4.099999904632568
endloop
endfacet
facet normal 0 1 0
outer loop
vertex 55.475006103515625 -62.62500762939453 -8.199999809265137
vertex 45.475006103515625 -62.62500762939453 -8.199999809265137
vertex 35.607688903808594 -62.62500762939453 -5.776120662689209
endloop
endfacet
facet normal 0 0 1
outer loop
vertex 55.475006103515625 -53.62500762939453 -8.199999809265137
vertex 57.975006103515625 -62.62500762939453 -8.199999809265137
vertex 57.975006103515625 -34.62500762939453 -8.199999809265137
endloop
endfacet
facet normal 0 0 1
outer loop
vertex 7.475005149841309 -62.62500762939453 -8.199999809265137
vertex 7.475005149841309 -53.62500762939453 -8.199999809265137
vertex 4.975005149841309 -62.62500762939453 -8.199999809265137
endloop
endfacet
facet normal 0 0 1
outer loop
vertex 7.475005149841309 -53.62500762939453 -8.199999809265137
vertex 4.975005149841309 -34.62500762939453 -8.199999809265137
vertex 4.975005149841309 -62.62500762939453 -8.199999809265137
endloop
endfacet
facet normal 0 0 1
outer loop
vertex 55.475006103515625 -62.62500762939453 -8.199999809265137
vertex 57.975006103515625 -62.62500762939453 -8.199999809265137
vertex 55.475006103515625 -53.62500762939453 -8.199999809265137
endloop
endfacet
facet normal 0 1 0
outer loop
vertex 4.975005149841309 -62.62500762939453 0
vertex 51.18284606933594 -62.62500762939453 0
vertex 51.18284606933594 -62.62500762939453 -5
endloop
endfacet
facet normal 0 0 1
outer loop
vertex 45.475006103515625 -53.62500762939453 -8.199999809265137
vertex 36.475006103515625 -62.62500762939453 -8.199999809265137
vertex 45.475006103515625 -62.62500762939453 -8.199999809265137
endloop
endfacet
facet normal 0 -1 0
outer loop
vertex 4.975005149841309 -34.62500762939453 -8.199999809265137
vertex 57.975006103515625 -34.62500762939453 -8.199999809265137
vertex 57.975006103515625 -34.62500762939453 -4.099999904632568
endloop
endfacet
facet normal 1 0 0
outer loop
vertex 4.975005149841309 -62.62500762939453 -8.199999809265137
vertex 4.975005149841309 -34.62500762939453 -8.199999809265137
vertex 4.975005149841309 -34.62500762939453 -4.099999904632568
endloop
endfacet
facet normal 0 0 1
outer loop
vertex 4.975005149841309 -34.62500762939453 -8.199999809265137
vertex 45.475006103515625 -53.62500762939453 -8.199999809265137
vertex 57.975006103515625 -34.62500762939453 -8.199999809265137
endloop
endfacet
facet normal 0 0 1
outer loop
vertex 4.975005149841309 -34.62500762939453 -8.199999809265137
vertex 36.475006103515625 -53.62500762939453 -8.199999809265137
vertex 45.475006103515625 -53.62500762939453 -8.199999809265137
endloop
endfacet
facet normal 0 0 1
outer loop
vertex 4.975005149841309 -34.62500762939453 -8.199999809265137
vertex 26.475004196166992 -53.62500762939453 -8.199999809265137
vertex 36.475006103515625 -53.62500762939453 -8.199999809265137
endloop
endfacet
facet normal 0 0 1
outer loop
vertex 4.975005149841309 -34.62500762939453 -8.199999809265137
vertex 17.475004196166992 -53.62500762939453 -8.199999809265137
vertex 26.475004196166992 -53.62500762939453 -8.199999809265137
endloop
endfacet
facet normal 0 0 1
outer loop
vertex 4.975005149841309 -34.62500762939453 -8.199999809265137
vertex 7.475005149841309 -53.62500762939453 -8.199999809265137
vertex 17.475004196166992 -53.62500762939453 -8.199999809265137
endloop
endfacet
facet normal 0 1 0
outer loop
vertex 45.475006103515625 -62.62500762939453 -8.199999809265137
vertex 35.93211364746094 -62.62500762939453 -5.992893218994141
vertex 35.607688903808594 -62.62500762939453 -5.776120662689209
endloop
endfacet
facet normal 0 1 0
outer loop
vertex 45.475006103515625 -62.62500762939453 -8.199999809265137
vertex 36.14888381958008 -62.62500762939453 -6.31731653213501
vertex 35.93211364746094 -62.62500762939453 -5.992893218994141
endloop
endfacet
facet normal 0 1 0
outer loop
vertex 45.475006103515625 -62.62500762939453 -8.199999809265137
vertex 36.225006103515625 -62.62500762939453 -6.699999809265137
vertex 36.14888381958008 -62.62500762939453 -6.31731653213501
endloop
endfacet
facet normal 0 1 0
outer loop
vertex 36.225006103515625 -62.62500762939453 -6.699999809265137
vertex 45.475006103515625 -62.62500762939453 -8.199999809265137
vertex 36.475006103515625 -62.62500762939453 -8.199999809265137
endloop
endfacet
facet normal 0 1 0
outer loop
vertex 36.475006103515625 -62.62500762939453 -8.199999809265137
vertex 36.225006103515625 -62.62500762939453 -8.199999809265137
vertex 36.225006103515625 -62.62500762939453 -6.699999809265137
endloop
endfacet
facet normal 0 0 1
outer loop
vertex 36.475006103515625 -53.62500762939453 -8.199999809265137
vertex 36.475006103515625 -62.62500762939453 -8.199999809265137
vertex 45.475006103515625 -53.62500762939453 -8.199999809265137
endloop
endfacet
facet normal 0 0 1
outer loop
vertex 26.475004196166992 -62.62500762939453 -8.199999809265137
vertex 26.475004196166992 -53.62500762939453 -8.199999809265137
vertex 17.475004196166992 -62.62500762939453 -8.199999809265137
endloop
endfacet
facet normal 0 1 0
outer loop
vertex 35.225006103515625 -62.62500762939453 -5.699999809265137
vertex 27.725004196166992 -62.62500762939453 -5.699999809265137
vertex 4.975005149841309 -62.62500762939453 0
endloop
endfacet
facet normal 0 1 0
outer loop
vertex 57.975006103515625 -62.62500762939453 -8.199999809265137
vertex 51.18284606933594 -62.62500762939453 -5
vertex 57.975006103515625 -62.62500762939453 -5
endloop
endfacet
facet normal 0 0 1
outer loop
vertex 17.475004196166992 -53.62500762939453 -8.199999809265137
vertex 17.475004196166992 -62.62500762939453 -8.199999809265137
vertex 26.475004196166992 -53.62500762939453 -8.199999809265137
endloop
endfacet
facet normal 0 -1 0
outer loop
vertex 26.475004196166992 -53.62500762939453 -8.199999809265137
vertex 26.475004196166992 -53.62500762939453 -9.5
vertex 36.475006103515625 -53.62500762939453 -8.199999809265137
endloop
endfacet
facet normal 0 1 0
outer loop
vertex 27.017898559570312 -62.62500762939453 -8.907106399536133
vertex 26.475004196166992 -62.62500762939453 -9.5
vertex 26.80112648010254 -62.62500762939453 -8.582683563232422
endloop
endfacet
facet normal 0 1 0
outer loop
vertex 26.725004196166992 -62.62500762939453 -8.199999809265137
vertex 26.80112648010254 -62.62500762939453 -8.582683563232422
vertex 26.475004196166992 -62.62500762939453 -8.199999809265137
endloop
endfacet
facet normal 0 0 1
outer loop
vertex 26.475004196166992 -53.62500762939453 -9.5
vertex 36.475006103515625 -62.62500762939453 -9.5
vertex 36.475006103515625 -53.62500762939453 -9.5
endloop
endfacet
facet normal 0 -1 0
outer loop
vertex 36.475006103515625 -53.62500762939453 -8.199999809265137
vertex 26.475004196166992 -53.62500762939453 -9.5
vertex 36.475006103515625 -53.62500762939453 -9.5
endloop
endfacet
facet normal -1 0 0
outer loop
vertex 36.475006103515625 -53.62500762939453 -9.5
vertex 36.475006103515625 -62.62500762939453 -9.5
vertex 36.475006103515625 -62.62500762939453 -8.199999809265137
endloop
endfacet
facet normal 0 1 0
outer loop
vertex 36.225006103515625 -62.62500762939453 -8.199999809265137
vertex 36.475006103515625 -62.62500762939453 -8.199999809265137
vertex 36.475006103515625 -62.62500762939453 -9.5
endloop
endfacet
facet normal 0 1 0
outer loop
vertex 36.14888381958008 -62.62500762939453 -8.582683563232422
vertex 36.225006103515625 -62.62500762939453 -8.199999809265137
vertex 36.475006103515625 -62.62500762939453 -9.5
endloop
endfacet
facet normal 0 1 0
outer loop
vertex 36.475006103515625 -62.62500762939453 -9.5
vertex 26.475004196166992 -62.62500762939453 -9.5
vertex 35.225006103515625 -62.62500762939453 -9.199999809265137
endloop
endfacet
facet normal 0 1 0
outer loop
vertex 35.93211364746094 -62.62500762939453 -8.907106399536133
vertex 36.14888381958008 -62.62500762939453 -8.582683563232422
vertex 36.475006103515625 -62.62500762939453 -9.5
endloop
endfacet
facet normal 0 1 0
outer loop
vertex 35.607688903808594 -62.62500762939453 -9.123879432678223
vertex 35.93211364746094 -62.62500762939453 -8.907106399536133
vertex 36.475006103515625 -62.62500762939453 -9.5
endloop
endfacet
facet normal 1 0 0
outer loop
vertex 26.475004196166992 -53.62500762939453 -8.199999809265137
vertex 26.475004196166992 -62.62500762939453 -9.5
vertex 26.475004196166992 -53.62500762939453 -9.5
endloop
endfacet
facet normal 0 1 0
outer loop
vertex 26.475004196166992 -62.62500762939453 -9.5
vertex 27.342321395874023 -62.62500762939453 -9.123879432678223
vertex 27.725004196166992 -62.62500762939453 -9.199999809265137
endloop
endfacet
facet normal 0 1 0
outer loop
vertex 36.475006103515625 -62.62500762939453 -9.5
vertex 35.225006103515625 -62.62500762939453 -9.199999809265137
vertex 35.607688903808594 -62.62500762939453 -9.123879432678223
endloop
endfacet
facet normal 0 1 0
outer loop
vertex 35.225006103515625 -62.62500762939453 -9.199999809265137
vertex 26.475004196166992 -62.62500762939453 -9.5
vertex 27.725004196166992 -62.62500762939453 -9.199999809265137
endloop
endfacet
facet normal 0 0 1
outer loop
vertex 26.475004196166992 -62.62500762939453 -9.5
vertex 36.475006103515625 -62.62500762939453 -9.5
vertex 26.475004196166992 -53.62500762939453 -9.5
endloop
endfacet
facet normal 1 0 0
outer loop
vertex 26.475004196166992 -62.62500762939453 -8.199999809265137
vertex 26.475004196166992 -62.62500762939453 -9.5
vertex 26.475004196166992 -53.62500762939453 -8.199999809265137
endloop
endfacet
facet normal 0 1 0
outer loop
vertex 27.342321395874023 -62.62500762939453 -9.123879432678223
vertex 26.475004196166992 -62.62500762939453 -9.5
vertex 27.017898559570312 -62.62500762939453 -8.907106399536133
endloop
endfacet
facet normal 0 1 0
outer loop
vertex 26.80112648010254 -62.62500762939453 -8.582683563232422
vertex 26.475004196166992 -62.62500762939453 -9.5
vertex 26.475004196166992 -62.62500762939453 -8.199999809265137
endloop
endfacet
facet normal -1 0 0
outer loop
vertex 36.475006103515625 -53.62500762939453 -9.5
vertex 36.475006103515625 -62.62500762939453 -8.199999809265137
vertex 36.475006103515625 -53.62500762939453 -8.199999809265137
endloop
endfacet
facet normal 0 0 1
outer loop
vertex 7.475005149841309 -53.62500762939453 -9.5
vertex 17.475004196166992 -62.62500762939453 -9.5
vertex 17.475004196166992 -53.62500762939453 -9.5
endloop
endfacet
facet normal 0 -1 0
outer loop
vertex 7.475005149841309 -53.62500762939453 -8.199999809265137
vertex 7.475005149841309 -53.62500762939453 -9.5
vertex 17.475004196166992 -53.62500762939453 -8.199999809265137
endloop
endfacet
facet normal 1 0 0
outer loop
vertex 7.475005149841309 -62.62500762939453 -9.5
vertex 7.475005149841309 -53.62500762939453 -8.199999809265137
vertex 7.475005149841309 -62.62500762939453 -8.199999809265137
endloop
endfacet
facet normal 0 1 0
outer loop
vertex 17.475004196166992 -62.62500762939453 -9.5
vertex 7.475005149841309 -62.62500762939453 -9.5
vertex 7.475005149841309 -62.62500762939453 -8.199999809265137
endloop
endfacet
facet normal 0 1 0
outer loop
vertex 17.475004196166992 -62.62500762939453 -9.5
vertex 7.475005149841309 -62.62500762939453 -8.199999809265137
vertex 17.475004196166992 -62.62500762939453 -8.199999809265137
endloop
endfacet
facet normal -1 0 0
outer loop
vertex 17.475004196166992 -53.62500762939453 -9.5
vertex 17.475004196166992 -62.62500762939453 -9.5
vertex 17.475004196166992 -62.62500762939453 -8.199999809265137
endloop
endfacet
facet normal 1 0 0
outer loop
vertex 7.475005149841309 -53.62500762939453 -8.199999809265137
vertex 7.475005149841309 -62.62500762939453 -9.5
vertex 7.475005149841309 -53.62500762939453 -9.5
endloop
endfacet
facet normal 0 0 1
outer loop
vertex 7.475005149841309 -62.62500762939453 -9.5
vertex 17.475004196166992 -62.62500762939453 -9.5
vertex 7.475005149841309 -53.62500762939453 -9.5
endloop
endfacet
facet normal -1 0 0
outer loop
vertex 17.475004196166992 -53.62500762939453 -9.5
vertex 17.475004196166992 -62.62500762939453 -8.199999809265137
vertex 17.475004196166992 -53.62500762939453 -8.199999809265137
endloop
endfacet
facet normal 0 -1 0
outer loop
vertex 7.475005149841309 -53.62500762939453 -9.5
vertex 17.475004196166992 -53.62500762939453 -9.5
vertex 17.475004196166992 -53.62500762939453 -8.199999809265137
endloop
endfacet
facet normal 0 1 0
outer loop
vertex 55.475006103515625 -62.62500762939453 -9.5
vertex 45.475006103515625 -62.62500762939453 -8.199999809265137
vertex 55.475006103515625 -62.62500762939453 -8.199999809265137
endloop
endfacet
facet normal -1 0 0
outer loop
vertex 55.475006103515625 -53.62500762939453 -9.5
vertex 55.475006103515625 -62.62500762939453 -8.199999809265137
vertex 55.475006103515625 -53.62500762939453 -8.199999809265137
endloop
endfacet
facet normal 0 1 0
outer loop
vertex 55.475006103515625 -62.62500762939453 -9.5
vertex 45.475006103515625 -62.62500762939453 -9.5
vertex 45.475006103515625 -62.62500762939453 -8.199999809265137
endloop
endfacet
facet normal 0 -1 0
outer loop
vertex 45.475006103515625 -53.62500762939453 -8.199999809265137
vertex 45.475006103515625 -53.62500762939453 -9.5
vertex 55.475006103515625 -53.62500762939453 -8.199999809265137
endloop
endfacet
facet normal 1 0 0
outer loop
vertex 45.475006103515625 -53.62500762939453 -8.199999809265137
vertex 45.475006103515625 -62.62500762939453 -9.5
vertex 45.475006103515625 -53.62500762939453 -9.5
endloop
endfacet
facet normal -1 0 0
outer loop
vertex 55.475006103515625 -53.62500762939453 -9.5
vertex 55.475006103515625 -62.62500762939453 -9.5
vertex 55.475006103515625 -62.62500762939453 -8.199999809265137
endloop
endfacet
facet normal 1 0 0
outer loop
vertex 45.475006103515625 -62.62500762939453 -8.199999809265137
vertex 45.475006103515625 -62.62500762939453 -9.5
vertex 45.475006103515625 -53.62500762939453 -8.199999809265137
endloop
endfacet
facet normal 0 0 1
outer loop
vertex 45.475006103515625 -53.62500762939453 -9.5
vertex 55.475006103515625 -62.62500762939453 -9.5
vertex 55.475006103515625 -53.62500762939453 -9.5
endloop
endfacet
facet normal 0 0 1
outer loop
vertex 45.475006103515625 -62.62500762939453 -9.5
vertex 55.475006103515625 -62.62500762939453 -9.5
vertex 45.475006103515625 -53.62500762939453 -9.5
endloop
endfacet
facet normal 0 -1 0
outer loop
vertex 55.475006103515625 -53.62500762939453 -8.199999809265137
vertex 45.475006103515625 -53.62500762939453 -9.5
vertex 55.475006103515625 -53.62500762939453 -9.5
endloop
endfacet
facet normal 0.25454373035889694 -0.6596952344752068 0.70711363085835
outer loop
vertex 157.9967803955078 -63.57509994506836 0
vertex 158.6074981689453 -63.51810073852539 -0.1666666716337204
vertex 158.5185089111328 -63.3737907409668 0
endloop
endfacet
facet normal 0.25454263944128863 -0.659702663398717 0.707107092745435
outer loop
vertex 157.9967803955078 -63.57509994506836 0
vertex 158.18284606933594 -64.57516479492188 -1
vertex 158.6074981689453 -63.51810073852539 -0.1666666716337204
endloop
endfacet
facet normal 0.2545471557127353 -0.6597029703072809 0.7071051806388547
outer loop
vertex 158.18284606933594 -64.57516479492188 -1
vertex 159.05239868164062 -64.2396469116211 -1
vertex 158.6074981689453 -63.51810073852539 -0.1666666716337204
endloop
endfacet
facet normal 0.4751414458442284 -0.5236841790711584 0.7071035900288041
outer loop
vertex 158.6074981689453 -63.51810073852539 -0.1666666716337204
vertex 159.05239868164062 -64.2396469116211 -1
vertex 160.58612060546875 -61.49784469604492 0
endloop
endfacet
facet normal 0.47513051475841084 -0.5236746607449768 0.7071179842424044
outer loop
vertex 158.5185089111328 -63.3737907409668 0
vertex 158.6074981689453 -63.51810073852539 -0.1666666716337204
vertex 160.58612060546875 -61.49784469604492 0
endloop
endfacet
facet normal 0.4751376366969069 -0.5236832364422254 0.7071068476994651
outer loop
vertex 159.05239868164062 -64.2396469116211 -1
vertex 161.41458129882812 -62.096439361572266 -1
vertex 160.58612060546875 -61.49784469604492 0
endloop
endfacet
facet normal 0.6463898176788307 -0.2866698210702272 0.7071072176754327
outer loop
vertex 160.58612060546875 -61.49784469604492 0
vertex 161.8429718017578 -61.1304931640625 -1
vertex 160.84315490722656 -60.918277740478516 0
endloop
endfacet
facet normal 0.6463898242435996 -0.2866694466112316 0.7071073634844559
outer loop
vertex 160.58612060546875 -61.49784469604492 0
vertex 161.41458129882812 -62.096439361572266 -1
vertex 161.8429718017578 -61.1304931640625 -1
endloop
endfacet
facet normal 0.7071105338322283 -0.000623024424229775 0.7071027540492739
outer loop
vertex 160.95025634765625 60.621158599853516 0
vertex 161.8429718017578 -61.1304931640625 -1
vertex 161.95040893554688 60.806827545166016 -1
endloop
endfacet
facet normal 0.7071052649473898 -0.0006231063323283664 0.7071080228806489
outer loop
vertex 160.84315490722656 -60.918277740478516 0
vertex 161.8429718017578 -61.1304931640625 -1
vertex 160.95025634765625 60.621158599853516 0
endloop
endfacet
facet normal 0.6597731769419316 0.25437177515971116 0.7071027895504641
outer loop
vertex 160.74893188476562 61.143341064453125 0
vertex 160.95025634765625 60.621158599853516 0
vertex 161.95040893554688 60.806827545166016 -1
endloop
endfacet
facet normal 0.6597732901555813 0.2543613661061624 0.7071064283613082
outer loop
vertex 161.95040893554688 60.806827545166016 -1
vertex 161.61488342285156 61.677127838134766 -1
vertex 160.74893188476562 61.143341064453125 0
endloop
endfacet
facet normal 0.5236836843557064 0.475138691766955 0.7071058070229798
outer loop
vertex 158.87283325195312 63.211124420166016 0
vertex 161.61488342285156 61.677127838134766 -1
vertex 159.47142028808594 64.03958892822266 -1
endloop
endfacet
facet normal 0.523683432067075 0.47513767252898503 0.707106678742457
outer loop
vertex 160.74893188476562 61.143341064453125 0
vertex 161.61488342285156 61.677127838134766 -1
vertex 158.87283325195312 63.211124420166016 0
endloop
endfacet
facet normal 0.28665634509727467 0.646397673199083 0.7071054998359747
outer loop
vertex 159.47142028808594 64.03958892822266 -1
vertex 158.9239044189453 64.28239440917969 -1
vertex 158.29324340820312 63.46815490722656 -1.695069952456496e-11
endloop
endfacet
facet normal 0.2866545659735666 0.6463987396665897 0.7071052461719901
outer loop
vertex 158.9239044189453 64.28239440917969 -1
vertex 158.50543212890625 64.46797180175781 -1
vertex 158.29324340820312 63.46815490722656 -1.695069952456496e-11
endloop
endfacet
facet normal 0.2866572852613982 0.6463966710194251 0.7071060348360567
outer loop
vertex 158.87283325195312 63.211124420166016 0
vertex 159.47142028808594 64.03958892822266 -1
vertex 158.29324340820312 63.46815490722656 -1.695069952456496e-11
endloop
endfacet
facet normal 0.0005995340795922331 0.7071070222837086 0.7071062859259237
outer loop
vertex 32.00380325317383 63.57522964477539 -2.5000624671606825e-14
vertex 158.50543212890625 64.46797180175781 -1
vertex 31.8181095123291 64.57538604736328 -1
endloop
endfacet
facet normal 0.0005995226560534633 0.7071077857814322 0.7071055224362663
outer loop
vertex 158.50543212890625 64.46797180175781 -1
vertex 32.00380325317383 63.57522964477539 -2.5000624671606825e-14
vertex 158.29324340820312 63.46815490722656 -1.695069952456496e-11
endloop
endfacet
facet normal -0.2543775730092008 0.6597669766651421 0.707106489046796
outer loop
vertex 31.8181095123291 64.57538604736328 -1
vertex 31.481647491455078 63.37390899658203 -6.250156167901706e-15
vertex 32.00380325317383 63.57522964477539 -2.5000624671606825e-14
endloop
endfacet
facet normal -0.2543775383462164 0.6597669770432276 0.7071065011638349
outer loop
vertex 31.8181095123291 64.57538604736328 -1
vertex 30.947853088378906 64.23985290527344 -1
vertex 31.481647491455078 63.37390899658203 -6.250156167901706e-15
endloop
endfacet
facet normal -0.47513744800109886 0.5236836909880057 0.7071066378561172
outer loop
vertex 30.947853088378906 64.23985290527344 -1
vertex 30.555278778076172 63.883670806884766 -1
vertex 31.00563621520996 62.94202423095703 0
endloop
endfacet
facet normal -0.47513656312552216 0.5236842813281091 0.7071067952375572
outer loop
vertex 30.555278778076172 63.883670806884766 -1
vertex 30.333690643310547 63.68262481689453 -1
vertex 31.00563621520996 62.94202423095703 0
endloop
endfacet
facet normal -0.47513780499758784 0.5236835631882213 0.7071064926222657
outer loop
vertex 31.481647491455078 63.37390899658203 -6.250156167901706e-15
vertex 30.947853088378906 64.23985290527344 -1
vertex 31.00563621520996 62.94202423095703 0
endloop
endfacet
facet normal -0.41789324633060804 0.572898480237507 0.7050904665451241
outer loop
vertex 30.333690643310547 63.68262481689453 -1
vertex 30.833690643310547 62.81660079956055 0
vertex 31.00563621520996 62.94202423095703 0
endloop
endfacet
facet normal -0.29941263166010373 0.6420735822936882 0.7057574589920543
outer loop
vertex 30.833690643310547 62.81660079956055 0
vertex 30.333690643310547 63.68262481689453 -1
vertex 30.675710678100586 62.7429313659668 0
endloop
endfacet
facet normal -0.18334841490481002 0.6843172265331481 0.7057572473746717
outer loop
vertex 30.333690643310547 63.68262481689453 -1
vertex 30.620710372924805 62.72819519042969 0
vertex 30.675710678100586 62.7429313659668 0
endloop
endfacet
facet normal -0.2039756859383056 0.6782849424028866 0.7059202904404366
outer loop
vertex 30.333690643310547 63.68262481689453 -1
vertex 29.25110626220703 63.3570671081543 -1
vertex 29.53812599182129 62.40263748168945 -3.204072478255743e-13
endloop
endfacet
facet normal -0.20397568593852972 0.6782849424029374 0.7059202904403231
outer loop
vertex 30.333690643310547 63.68262481689453 -1
vertex 29.53812599182129 62.40263748168945 -3.204072478255743e-13
vertex 30.620710372924805 62.72819519042969 0
endloop
endfacet
facet normal -0.004190932206056579 0.7121287104436839 0.7020364206001425
outer loop
vertex 29.25110626220703 63.3570671081543 -1
vertex 29.0993595123291 62.37034606933594 0
vertex 29.424755096435547 62.37226104736328 0
endloop
endfacet
facet normal -0.18335450753594898 0.684315495011166 0.7057573434643614
outer loop
vertex 29.424755096435547 62.37226104736328 0
vertex 29.53812599182129 62.40263748168945 -3.204072478255743e-13
vertex 29.25110626220703 63.3570671081543 -1
endloop
endfacet
facet normal 0.1074823815786441 0.6988898045848317 0.707107190387397
outer loop
vertex 29.25110626220703 63.3570671081543 -1
vertex 27.626258850097656 63.60695266723633 -1
vertex 27.673307418823242 62.58795928955078 0
endloop
endfacet
facet normal 0.10675813539328625 0.6996020844968551 0.7065122956431856
outer loop
vertex 27.673307418823242 62.58795928955078 0
vertex 29.0993595123291 62.37034606933594 0
vertex 29.25110626220703 63.3570671081543 -1
endloop
endfacet
facet normal -0.17142366884785812 0.6860124481417614 0.7071073799312851
outer loop
vertex 27.626258850097656 63.60695266723633 -1
vertex -67.24176788330078 38.870182037353516 0
vertex 27.673307418823242 62.58795928955078 0
endloop
endfacet
facet normal -0.17142387145014104 0.6860131939077974 0.7071066072958649
outer loop
vertex -67.67477416992188 39.792728424072266 -1
vertex -67.24176788330078 38.870182037353516 0
vertex 27.626258850097656 63.60695266723633 -1
endloop
endfacet
facet normal -0.41893583202862844 0.5712074101860971 0.7058433701544364
outer loop
vertex -67.67477416992188 39.792728424072266 -1
vertex -68.4328384399414 39.23674774169922 -1
vertex -67.84353637695312 38.433250427246094 0
endloop
endfacet
facet normal -0.41526056914371695 0.571921832584721 0.707434857161683
outer loop
vertex -67.67477416992188 39.792728424072266 -1
vertex -67.84353637695312 38.433250427246094 0
vertex -67.24176788330078 38.870182037353516 0
endloop
endfacet
facet normal -0.19242366293959604 0.7064917395091763 0.6810598769170055
outer loop
vertex -68.4328384399414 39.23674774169922 -1
vertex -68.53287506103516 38.24549865722656 0
vertex -67.84353637695312 38.433250427246094 0
endloop
endfacet
facet normal 0.07113373846372444 0.7048413841476296 0.7057893555764553
outer loop
vertex -68.53287506103516 38.24549865722656 0
vertex -68.4328384399414 39.23674774169922 -1
vertex -70.4434814453125 38.43832015991211 0
endloop
endfacet
facet normal 0.07113248036068089 0.7048428623148906 0.7057880061898824
outer loop
vertex -68.4328384399414 39.23674774169922 -1
vertex -70.34344482421875 39.4295654296875 -1
vertex -70.4434814453125 38.43832015991211 0
endloop
endfacet
facet normal 0.29939724672469453 0.6420815895529232 0.7057567010031602
outer loop
vertex -70.84344482421875 38.563541412353516 0
vertex -70.68546295166016 38.48987579345703 0
vertex -70.34344482421875 39.4295654296875 -1
endloop
endfacet
facet normal 0.06173929205438991 0.7057591110672439 0.7057565706121314
outer loop
vertex -70.4434814453125 38.43832015991211 0
vertex -70.34344482421875 39.4295654296875 -1
vertex -70.51708984375 38.444759368896484 0
endloop
endfacet
facet normal 0.40635491352088476 0.5803298261317379 0.7057570241657827
outer loop
vertex -70.84344482421875 38.563541412353516 0
vertex -70.34344482421875 39.4295654296875 -1
vertex -70.9862289428711 38.66352081298828 0
endloop
endfacet
facet normal 0.5009424153189717 0.5009623485653732 0.7057573392138834
outer loop
vertex -71.08209991455078 38.7593879699707 0
vertex -70.9862289428711 38.66352081298828 0
vertex -70.34344482421875 39.4295654296875 -1
endloop
endfacet
facet normal 0.1833652502197186 0.6843134703811568 0.7057565155680519
outer loop
vertex -70.34344482421875 39.4295654296875 -1
vertex -70.68546295166016 38.48987579345703 0
vertex -70.51708984375 38.444759368896484 0
endloop
endfacet
facet normal 0.5240715626639754 0.4760937521715547 0.7061754288773783
outer loop
vertex -70.34344482421875 39.4295654296875 -1
vertex -73.8770523071289 41.83599853515625 0
vertex -71.08209991455078 38.7593879699707 0
endloop
endfacet
facet normal 0.5236837723817528 0.4751373526836797 0.7071066416239925
outer loop
vertex -73.8770523071289 41.83599853515625 0
vertex -70.34344482421875 39.4295654296875 -1
vertex -73.27838897705078 42.66438293457031 -1
endloop
endfacet
facet normal 0.2867937297621558 0.6463355858248963 0.7071065457662655
outer loop
vertex -73.27838897705078 42.66438293457031 -1
vertex -74.24376678466797 43.092742919921875 -1
vertex -74.45628356933594 42.093017578125 0
endloop
endfacet
facet normal 0.28679450286169517 0.6463347616885169 0.7071069855130561
outer loop
vertex -73.8770523071289 41.83599853515625 0
vertex -73.27838897705078 42.66438293457031 -1
vertex -74.45628356933594 42.093017578125 0
endloop
endfacet
facet normal 0.0009068666669771806 0.7071072346284047 0.7071057462141136
outer loop
vertex -74.24376678466797 43.092742919921875 -1
vertex -158.16531372070312 42.200374603271484 0
vertex -74.45628356933594 42.093017578125 0
endloop
endfacet
facet normal 0.0009068968575200734 0.7071058957370921 0.7071070850669893
outer loop
vertex -74.24376678466797 43.092742919921875 -1
vertex -158.36328125 43.20063018798828 -1
vertex -158.16531372070312 42.200374603271484 0
endloop
endfacet
facet normal -0.27017864633428473 0.6534540713164932 0.7071076832738229
outer loop
vertex -158.36328125 43.20063018798828 -1
vertex -158.7176971435547 41.97198486328125 0
vertex -158.16531372070312 42.200374603271484 0
endloop
endfacet
facet normal -0.2701786463342847 0.6534540713164931 0.7071076832738229
outer loop
vertex -158.36328125 43.20063018798828 -1
vertex -159.28392028808594 42.81998062133789 -1
vertex -158.7176971435547 41.97198486328125 0
endloop
endfacet
facet normal -0.49999853266539845 0.4999994844652242 0.7071081832838301
outer loop
vertex -159.28392028808594 42.81998062133789 -1
vertex -160.7216339111328 39.96805191040039 0
vertex -158.7176971435547 41.97198486328125 0
endloop
endfacet
facet normal -0.4999997303241252 0.4999997303241252 0.7071071625656216
outer loop
vertex -161.56939697265625 40.53450393676758 -1
vertex -160.7216339111328 39.96805191040039 0
vertex -159.28392028808594 42.81998062133789 -1
endloop
endfacet
facet normal -0.6532801906497228 0.2705984150248748 0.7071078349804134
outer loop
vertex -161.56939697265625 40.53450393676758 -1
vertex -160.9499969482422 39.4167366027832 0
vertex -160.7216339111328 39.96805191040039 0
endloop
endfacet
facet normal -0.6532816588914413 0.2705969048744432 0.7071070564125479
outer loop
vertex -161.56939697265625 40.53450393676758 -1
vertex -161.9499969482422 39.61565017700195 -1
vertex -160.9499969482422 39.4167366027832 0
endloop
endfacet
facet normal -0.7071067811865475 0 0.7071067811865475
outer loop
vertex -160.9499969482422 -60.622154235839844 0
vertex -161.9499969482422 39.61565017700195 -1
vertex -161.9499969482422 -60.808475494384766 -1
endloop
endfacet
facet normal -0.7071067811865476 0 0.7071067811865476
outer loop
vertex -161.9499969482422 39.61565017700195 -1
vertex -160.9499969482422 -60.622154235839844 0
vertex -160.9499969482422 39.4167366027832 0
endloop
endfacet
facet normal -0.6596571437904091 -0.25465886444826147 0.7071077113171668
outer loop
vertex -161.9499969482422 -60.808475494384766 -1
vertex -161.61448669433594 -61.67756652832031 -1
vertex -160.74868774414062 -61.14360809326172 0
endloop
endfacet
facet normal -0.6596570944022554 -0.2546630785523777 0.7071062397030586
outer loop
vertex -161.9499969482422 -60.808475494384766 -1
vertex -160.74868774414062 -61.14360809326172 0
vertex -160.9499969482422 -60.622154235839844 0
endloop
endfacet
facet normal -0.5236843304757706 -0.4751351032994012 0.7071077397588088
outer loop
vertex -161.61448669433594 -61.67756652832031 -1
vertex -158.87269592285156 -63.21128845214844 0
vertex -160.74868774414062 -61.14360809326172 0
endloop
endfacet
facet normal -0.5236848068264535 -0.47513702820310777 0.7071060935456992
outer loop
vertex -161.61448669433594 -61.67756652832031 -1
vertex -159.47119140625 -64.03985595703125 -1
vertex -158.87269592285156 -63.21128845214844 0
endloop
endfacet
facet normal -0.28648505328513574 -0.6464727274659621 0.7071063052235731
outer loop
vertex -158.87269592285156 -63.21128845214844 0
vertex -159.47119140625 -64.03985595703125 -1
vertex -158.29266357421875 -63.46833038330078 0
endloop
endfacet
facet normal -0.2864862083477214 -0.6464714962911344 0.7071069628490783
outer loop
vertex -159.47119140625 -64.03985595703125 -1
vertex -158.5044708251953 -64.46826171875 -1
vertex -158.29266357421875 -63.46833038330078 0
endloop
endfacet
facet normal -0.00023959646740056502 -0.7070927989622761 0.7071207225426412
outer loop
vertex 150.20008850097656 -63.841163635253906 -0.2686949670314789
vertex 151.29342651367188 -63.87091827392578 -0.2980779707431793
vertex 157.9967803955078 -63.57509994506836 0
endloop
endfacet
facet normal -0.0002385171767587531 -0.7071085351591645 0.7071049869818604
outer loop
vertex 149.5828399658203 -63.572261810302734 0
vertex 150.20008850097656 -63.841163635253906 -0.2686949670314789
vertex 157.9967803955078 -63.57509994506836 0
endloop
endfacet
facet normal -0.00023699389237759514 -0.7071096613267421 0.7071038613190249
outer loop
vertex 148.78285217285156 -63.571990966796875 0
vertex 147.0728302001953 -63.86933517456055 -0.29791978001594543
vertex 148.16574096679688 -63.84040451049805 -0.26862257719039917
endloop
endfacet
facet normal -0.00024058716243431598 -0.7070993382565481 0.7071141831097499
outer loop
vertex 148.78285217285156 -63.571990966796875 0
vertex 146.56211853027344 -63.89139175415039 -0.32014966011047363
vertex 147.0728302001953 -63.86933517456055 -0.29791978001594543
endloop
endfacet
facet normal -0.00023911548930630137 -0.7071024060096881 0.7071111159068941
outer loop
vertex 157.9967803955078 -63.57509994506836 0
vertex 151.79978942871094 -63.893157958984375 -0.32014966011047363
vertex 152.56591796875 -63.93177795410156 -0.3585101068019867
endloop
endfacet
facet normal -0.00023762422307633385 -0.7070978142999379 0.7071157080329773
outer loop
vertex -158.29266357421875 -63.46833038330078 0
vertex -153.58432006835938 -63.875022888183594 -0.4050999879837036
vertex -152.88604736328125 -63.828346252441406 -0.3581898808479309
endloop
endfacet
facet normal -0.00023938924079540787 -0.7071075283088585 0.7071059935410875
outer loop
vertex -158.29266357421875 -63.46833038330078 0
vertex -154.0044708251953 -64.46977996826172 -1
vertex -154.0044708251953 -63.906822204589844 -0.4370410144329071
endloop
endfacet
facet normal -0.00023856955409459147 -0.7071057722326046 0.707107749893819
outer loop
vertex -158.5044708251953 -64.46826171875 -1
vertex -154.0044708251953 -64.46977996826172 -1
vertex -158.29266357421875 -63.46833038330078 0
endloop
endfacet
facet normal -0.00023646629865082822 -0.7071281297643446 0.7070853924241893
outer loop
vertex 151.29342651367188 -63.87091827392578 -0.2980779707431793
vertex 151.79978942871094 -63.893157958984375 -0.32014966011047363
vertex 157.9967803955078 -63.57509994506836 0
endloop
endfacet
facet normal -0.00023869189121923274 -0.7071059196338646 0.7071076024516549
outer loop
vertex 61.68284606933594 -63.97996139526367 -0.43737101554870605
vertex 146.56211853027344 -63.89139175415039 -0.32014966011047363
vertex 148.78285217285156 -63.571990966796875 0
endloop
endfacet
facet normal -0.00023871723142647363 -0.7070954678628051 0.7071180540348012
outer loop
vertex 61.68284606933594 -63.97996139526367 -0.43737101554870605
vertex 145.80128479003906 -63.929176330566406 -0.3581898808479309
vertex 146.56211853027344 -63.89139175415039 -0.32014966011047363
endloop
endfacet
facet normal -0.0002386812593033315 -0.7071187502084972 0.7070947716783299
outer loop
vertex 61.68284606933594 -63.97996139526367 -0.43737101554870605
vertex 145.10301208496094 -63.97584915161133 -0.4050999879837036
vertex 145.80128479003906 -63.929176330566406 -0.3581898808479309
endloop
endfacet
facet normal -0.00023870557222012268 -0.7070630029220896 0.7071505164520826
outer loop
vertex 61.68284606933594 -63.97996139526367 -0.43737101554870605
vertex 144.68284606933594 -64.00765228271484 -0.4370410144329071
vertex 145.10301208496094 -63.97584915161133 -0.4050999879837036
endloop
endfacet
facet normal -0.00023873625163653954 -0.7071075284192415 0.7071059936514704
outer loop
vertex 144.68284606933594 -64.00765228271484 -0.4370410144329071
vertex 61.68284606933594 -64.54258728027344 -1
vertex 144.68284606933594 -64.57061004638672 -1
endloop
endfacet
facet normal -0.00023872262810143224 -0.7071146758086997 0.7070988461788523
outer loop
vertex -145.42857360839844 -63.87777328491211 -0.4050999879837036
vertex -145.0044708251953 -63.910186767578125 -0.43737101554870605
vertex -62.004478454589844 -63.9378776550293 -0.4370410144329071
endloop
endfacet
facet normal -0.0002386730654979723 -0.7070980029314924 0.7071155190529078
outer loop
vertex -146.8875274658203 -63.79233169555664 -0.32014966011047363
vertex -146.12139892578125 -63.83095169067383 -0.3585101068019867
vertex -60.886043548583984 -63.85940170288086 -0.3581898808479309
endloop
endfacet
facet normal -0.0002393574526552441 -0.7071134370226794 0.707100084775828
outer loop
vertex -158.29266357421875 -63.46833038330078 0
vertex -152.12521362304688 -63.79056167602539 -0.32014966011047363
vertex -151.61448669433594 -63.76850509643555 -0.29791978001594543
endloop
endfacet
facet normal -0.00023861957855499 -0.7071203976512994 0.7070931241966397
outer loop
vertex 148.78285217285156 -63.571990966796875 0
vertex 58.2000846862793 -63.81010818481445 -0.2686949670314789
vertex 59.293434143066406 -63.83985900878906 -0.2980779707431793
endloop
endfacet
facet normal -0.00023631644363087876 -0.7071104466110831 0.7071030762541011
outer loop
vertex -149.90447998046875 -63.47116470336914 0
vertex -150.52157592773438 -63.73957824707031 -0.26862257719039917
vertex -149.90447998046875 -63.73421096801758 -0.26304900646209717
endloop
endfacet
facet normal -0.00023868490123567365 -0.7071087226243506 0.7071047994590881
outer loop
vertex 57.582847595214844 -63.54120635986328 0
vertex 58.2000846862793 -63.81010818481445 -0.2686949670314789
vertex 148.78285217285156 -63.571990966796875 0
endloop
endfacet
facet normal -0.00023869905860993942 -0.7071075284255198 0.7071059936577487
outer loop
vertex 52.68284606933594 -63.976593017578125 -0.4370410144329071
vertex -53.004478454589844 -63.941246032714844 -0.43737101554870605
vertex 52.68284606933594 -64.53955078125 -1
endloop
endfacet
facet normal -0.00024159221587056781 -0.7071070409135509 0.7071064801878733
outer loop
vertex -148.48724365234375 -63.74033737182617 -0.2686949670314789
vertex -149.10447692871094 -63.471431732177734 0
vertex -149.10447692871094 -63.7345085144043 -0.2630769908428192
endloop
endfacet
facet normal -0.0002386983474791232 -0.7071053821095103 0.707108139972142
outer loop
vertex -53.004478454589844 -63.941246032714844 -0.43737101554870605
vertex 52.68284606933594 -63.976593017578125 -0.4370410144329071
vertex 53.10300827026367 -63.944793701171875 -0.4050999879837036
endloop
endfacet
facet normal -0.0002387358627450134 -0.7071063115726741 0.7071072104987164
outer loop
vertex -145.0044708251953 -63.910186767578125 -0.43737101554870605
vertex -145.0044708251953 -64.47281646728516 -1
vertex -62.004478454589844 -64.50083923339844 -1
endloop
endfacet
facet normal -0.00023869549101101625 -0.7071070414054362 0.7071064806797582
outer loop
vertex -57.10447692871094 -63.50249099731445 0
vertex -57.10447692871094 -63.765567779541016 -0.2630769908428192
vertex 56.78284454345703 -63.54093551635742 0
endloop
endfacet
facet normal -0.00023870441003268737 -0.7071219660890714 0.7070915556662595
outer loop
vertex -56.487239837646484 -63.771392822265625 -0.2686949670314789
vertex -55.393890380859375 -63.801143646240234 -0.2980779707431793
vertex 55.07283401489258 -63.83827590942383 -0.29791978001594543
endloop
endfacet
facet normal -0.0002387277174246684 -0.7071883305463774 0.707025182117373
outer loop
vertex -57.10447692871094 -63.765567779541016 -0.2630769908428192
vertex -56.487239837646484 -63.771392822265625 -0.2686949670314789
vertex 56.16574478149414 -63.809349060058594 -0.26862257719039917
endloop
endfacet
facet normal -0.00023870780279266628 -0.7070928304724731 0.7071206913342384
outer loop
vertex -55.393890380859375 -63.801143646240234 -0.2980779707431793
vertex -54.887535095214844 -63.823387145996094 -0.32014966011047363
vertex 54.562110900878906 -63.86033630371094 -0.32014966011047363
endloop
endfacet
facet normal -0.0002386852804187927 -0.7070942005647913 0.7071193213008506
outer loop
vertex -54.12140655517578 -63.86200714111328 -0.3585101068019867
vertex -53.42856979370117 -63.90883255004883 -0.4050999879837036
vertex 53.80127716064453 -63.89811706542969 -0.3581898808479309
endloop
endfacet
facet normal -0.00023868658599614513 -0.7070981374902334 0.7071153844929106
outer loop
vertex -54.887535095214844 -63.823387145996094 -0.32014966011047363
vertex -54.12140655517578 -63.86200714111328 -0.3585101068019867
vertex 53.80127716064453 -63.89811706542969 -0.3581898808479309
endloop
endfacet
facet normal -0.00023867446940662072 -0.7071143178424485 0.7070992041691934
outer loop
vertex -53.42856979370117 -63.90883255004883 -0.4050999879837036
vertex -53.004478454589844 -63.941246032714844 -0.43737101554870605
vertex 53.80127716064453 -63.89811706542969 -0.3581898808479309
endloop
endfacet
facet normal -0.00023868569202564963 -0.7071063115811427 0.707107210507185
outer loop
vertex -53.004478454589844 -63.941246032714844 -0.43737101554870605
vertex -53.004478454589844 -64.50387573242188 -1
vertex 52.68284606933594 -64.53955078125 -1
endloop
endfacet
facet normal -0.00023944891880710583 -0.7070998739980534 0.7071136477654442
outer loop
vertex 152.56591796875 -63.93177795410156 -0.3585101068019867
vertex 153.25875854492188 -63.97860336303711 -0.4050999879837036
vertex 157.9967803955078 -63.57509994506836 0
endloop
endfacet
facet normal -0.00023871835002658157 -0.7071232925162255 0.7070902291748641
outer loop
vertex -146.12139892578125 -63.83095169067383 -0.3585101068019867
vertex -145.42857360839844 -63.87777328491211 -0.4050999879837036
vertex -61.58431625366211 -63.90607833862305 -0.4050999879837036
endloop
endfacet
facet normal -0.0002378777602769226 -0.7071090805167326 0.707104441836531
outer loop
vertex 153.25875854492188 -63.97860336303711 -0.4050999879837036
vertex 153.68284606933594 -64.01101684570312 -0.43737101554870605
vertex 157.9967803955078 -63.57509994506836 0
endloop
endfacet
facet normal -0.0002387005768482486 -0.7070927890027967 0.7071207328047177
outer loop
vertex -147.39389038085938 -63.77008819580078 -0.2980779707431793
vertex -146.8875274658203 -63.79233169555664 -0.32014966011047363
vertex -60.125213623046875 -63.82162094116211 -0.32014966011047363
endloop
endfacet
facet normal -0.00023861950050373899 -0.707120411601163 0.7070931102462645
outer loop
vertex -148.48724365234375 -63.74033737182617 -0.2686949670314789
vertex -147.39389038085938 -63.77008819580078 -0.2980779707431793
vertex -57.904476165771484 -63.502220153808594 0
endloop
endfacet
facet normal -0.00023871280441049346 -0.7071037354685191 0.707109786597996
outer loop
vertex -149.10447692871094 -63.471431732177734 0
vertex -148.48724365234375 -63.74033737182617 -0.2686949670314789
vertex -57.904476165771484 -63.502220153808594 0
endloop
endfacet
facet normal -0.00023871948222007914 -0.7071051326910736 0.7071083893823832
outer loop
vertex -62.004478454589844 -63.9378776550293 -0.4370410144329071
vertex -145.0044708251953 -63.910186767578125 -0.43737101554870605
vertex -62.004478454589844 -64.50083923339844 -1
endloop
endfacet
facet normal -0.0002387122726483689 -0.7071052903153426 0.7071082317612388
outer loop
vertex -61.58431625366211 -63.90607833862305 -0.4050999879837036
vertex -145.42857360839844 -63.87777328491211 -0.4050999879837036
vertex -62.004478454589844 -63.9378776550293 -0.4370410144329071
endloop
endfacet
facet normal -0.0002386704269732901 -0.7070900080077182 0.7071235136891378
outer loop
vertex -60.886043548583984 -63.85940170288086 -0.3581898808479309
vertex -146.12139892578125 -63.83095169067383 -0.3585101068019867
vertex -61.58431625366211 -63.90607833862305 -0.4050999879837036
endloop
endfacet
facet normal -0.0002387135072611598 -0.7071310922270664 0.7070824290149046
outer loop
vertex -60.125213623046875 -63.82162094116211 -0.32014966011047363
vertex -146.8875274658203 -63.79233169555664 -0.32014966011047363
vertex -60.886043548583984 -63.85940170288086 -0.3581898808479309
endloop
endfacet
facet normal -0.00023867327829840194 -0.7070604218083893 0.7071530972478369
outer loop
vertex -147.39389038085938 -63.77008819580078 -0.2980779707431793
vertex -60.125213623046875 -63.82162094116211 -0.32014966011047363
vertex -59.61448669433594 -63.799560546875 -0.29791978001594543
endloop
endfacet
facet normal -0.0002386926101600194 -0.7071077141266282 0.7071058079583652
outer loop
vertex 56.16574478149414 -63.809349060058594 -0.26862257719039917
vertex 56.78284454345703 -63.54093551635742 0
vertex -57.10447692871094 -63.765567779541016 -0.2630769908428192
endloop
endfacet
facet normal -0.0002386945378313079 -0.7071240821243236 0.7070894395370011
outer loop
vertex -147.39389038085938 -63.77008819580078 -0.2980779707431793
vertex -59.61448669433594 -63.799560546875 -0.29791978001594543
vertex -58.52157974243164 -63.770633697509766 -0.26862257719039917
endloop
endfacet
facet normal -0.00023869986569471994 -0.707107704092653 0.7071058179899181
outer loop
vertex -57.904476165771484 -63.502220153808594 0
vertex -147.39389038085938 -63.77008819580078 -0.2980779707431793
vertex -58.52157974243164 -63.770633697509766 -0.26862257719039917
endloop
endfacet
facet normal -0.00024077547707126364 -0.7071053186726777 0.7071082027044947
outer loop
vertex -57.904476165771484 -63.502220153808594 0
vertex -58.52157974243164 -63.770633697509766 -0.26862257719039917
vertex -57.904476165771484 -63.7652702331543 -0.26304900646209717
endloop
endfacet
facet normal -0.0002389947105081136 -0.7070747177550736 0.7071388027771573
outer loop
vertex 148.78285217285156 -63.571990966796875 0
vertex 61.25875473022461 -63.94754409790039 -0.4050999879837036
vertex 61.68284606933594 -63.97996139526367 -0.43737101554870605
endloop
endfacet
facet normal -0.0002384382607375096 -0.7071063116228815 0.7071072105489239
outer loop
vertex 153.68284606933594 -64.01101684570312 -0.43737101554870605
vertex 153.68284606933594 -64.57364654541016 -1
vertex 157.9967803955078 -63.57509994506836 0
endloop
endfacet
facet normal -0.0002387025714270707 -0.7070897778892209 0.7071237437858064
outer loop
vertex 53.80127716064453 -63.89811706542969 -0.3581898808479309
vertex -53.004478454589844 -63.941246032714844 -0.43737101554870605
vertex 53.10300827026367 -63.944793701171875 -0.4050999879837036
endloop
endfacet
facet normal -0.00023857095346618528 -0.7071222285647202 0.7070912932242652
outer loop
vertex 148.78285217285156 -63.571990966796875 0
vertex 60.56591796875 -63.90072250366211 -0.3585101068019867
vertex 61.25875473022461 -63.94754409790039 -0.4050999879837036
endloop
endfacet
facet normal -0.0002387206912063 -0.7071310081305553 0.707082513114768
outer loop
vertex 54.562110900878906 -63.86033630371094 -0.32014966011047363
vertex -54.887535095214844 -63.823387145996094 -0.32014966011047363
vertex 53.80127716064453 -63.89811706542969 -0.3581898808479309
endloop
endfacet
facet normal -0.0002386837770357556 -0.7070603212930163 0.7071531977464792
outer loop
vertex 55.07283401489258 -63.83827590942383 -0.29791978001594543
vertex -55.393890380859375 -63.801143646240234 -0.2980779707431793
vertex 54.562110900878906 -63.86033630371094 -0.32014966011047363
endloop
endfacet
facet normal -0.00024077696546188923 -0.7071053186724242 0.7071082027042412
outer loop
vertex 56.78284454345703 -63.54093551635742 0
vertex 56.16574478149414 -63.809349060058594 -0.26862257719039917
vertex 56.78284454345703 -63.803985595703125 -0.26304900646209717
endloop
endfacet
facet normal -0.0002372206044064129 -0.7071070416536033 0.707106480927925
outer loop
vertex 58.2000846862793 -63.81010818481445 -0.2686949670314789
vertex 57.582847595214844 -63.54120635986328 0
vertex 57.582847595214844 -63.804283142089844 -0.2630769908428192
endloop
endfacet
facet normal -0.00023856964039195545 -0.7071060280127875 0.7071074941142297
outer loop
vertex 153.68284606933594 -64.57364654541016 -1
vertex 158.18284606933594 -64.57516479492188 -1
vertex 157.9967803955078 -63.57509994506836 0
endloop
endfacet
facet normal -0.0002387060336326883 -0.7071238507042192 0.707089670964487
outer loop
vertex 56.16574478149414 -63.809349060058594 -0.26862257719039917
vertex -56.487239837646484 -63.771392822265625 -0.2686949670314789
vertex 55.07283401489258 -63.83827590942383 -0.29791978001594543
endloop
endfacet
facet normal -0.00023892762974381317 -0.7071074457270898 0.7071060762791525
outer loop
vertex -149.90447998046875 -63.47116470336914 0
vertex -158.29266357421875 -63.46833038330078 0
vertex -150.52157592773438 -63.73957824707031 -0.26862257719039917
endloop
endfacet
facet normal -0.00023811511894167376 -0.7071015096935932 0.7071120125483878
outer loop
vertex -158.29266357421875 -63.46833038330078 0
vertex -152.88604736328125 -63.828346252441406 -0.3581898808479309
vertex -152.12521362304688 -63.79056167602539 -0.32014966011047363
endloop
endfacet
facet normal -0.0002388097896889374 -0.7071046903631109 0.7071088316775385
outer loop
vertex -158.29266357421875 -63.46833038330078 0
vertex -154.0044708251953 -63.906822204589844 -0.4370410144329071
vertex -153.58432006835938 -63.875022888183594 -0.4050999879837036
endloop
endfacet
facet normal -0.0002407725003452157 -0.7071053186731844 0.7071082027050015
outer loop
vertex 148.78285217285156 -63.571990966796875 0
vertex 148.16574096679688 -63.84040451049805 -0.26862257719039917
vertex 148.78285217285156 -63.83504104614258 -0.26304900646209717
endloop
endfacet
facet normal -0.00023878811443085415 -0.7070937481351651 0.7071197736793958
outer loop
vertex 59.293434143066406 -63.83985900878906 -0.2980779707431793
vertex 59.79978942871094 -63.86210250854492 -0.32014966011047363
vertex 148.78285217285156 -63.571990966796875 0
endloop
endfacet
facet normal -0.00023875344843630732 -0.7070988029184272 0.7071147190577483
outer loop
vertex 59.79978942871094 -63.86210250854492 -0.32014966011047363
vertex 60.56591796875 -63.90072250366211 -0.3585101068019867
vertex 148.78285217285156 -63.571990966796875 0
endloop
endfacet
facet normal -0.00023872063911055988 -0.70710870871542 0.7071048133560315
outer loop
vertex 61.68284606933594 -63.97996139526367 -0.43737101554870605
vertex 61.68284606933594 -64.54258728027344 -1
vertex 144.68284606933594 -64.00765228271484 -0.4370410144329071
endloop
endfacet
facet normal -0.00023721620621983887 -0.7071070416543411 0.7071064809286629
outer loop
vertex 149.5828399658203 -63.8353385925293 -0.2630769908428192
vertex 150.20008850097656 -63.841163635253906 -0.2686949670314789
vertex 149.5828399658203 -63.572261810302734 0
endloop
endfacet
facet normal -0.0002392968613070014 -0.7071127604907554 0.7071007613403876
outer loop
vertex -158.29266357421875 -63.46833038330078 0
vertex -151.61448669433594 -63.76850509643555 -0.29791978001594543
vertex -150.52157592773438 -63.73957824707031 -0.26862257719039917
endloop
endfacet
facet normal 0.2547576763385499 -0.6281496328716284 -0.7352051176847323
outer loop
vertex 157.9971466064453 -63.44839096069336 -12.530458450317383
vertex 158.51968383789062 -63.246768951416016 -12.521656036376953
vertex 159.05239868164062 -64.15262603759766 -11.563111305236816
endloop
endfacet
facet normal 0.25475788815087763 -0.6281520708702985 -0.7352029612877389
outer loop
vertex 158.20423889160156 -64.56690979003906 -11.503050804138184
vertex 158.18284606933594 -64.48814392089844 -11.577760696411133
vertex 159.05239868164062 -64.2396469116211 -11.488762855529785
endloop
endfacet
facet normal 0.27545344304153896 -0.6103790868674641 -0.7426727213459521
outer loop
vertex 159.05239868164062 -64.2396469116211 -11.488762855529785
vertex 157.9971466064453 -63.44839096069336 -12.530458450317383
vertex 159.09011840820312 -64.20542907714844 -11.50289535522461
endloop
endfacet
facet normal 0.21303514438152066 -0.664575276924959 -0.7162092770681338
outer loop
vertex 157.9971466064453 -63.44839096069336 -12.530458450317383
vertex 159.05239868164062 -64.15262603759766 -11.563111305236816
vertex 159.09011840820312 -64.20542907714844 -11.50289535522461
endloop
endfacet
facet normal 0.25475738116051094 -0.6281494239109052 -0.735205398500743
outer loop
vertex 158.18284606933594 -64.48814392089844 -11.577760696411133
vertex 157.9971466064453 -63.44839096069336 -12.530458450317383
vertex 159.05239868164062 -64.2396469116211 -11.488762855529785
endloop
endfacet
facet normal 0.47536864537002116 -0.49209647284987185 -0.7292912397717296
outer loop
vertex 159.05239868164062 -64.15262603759766 -11.563111305236816
vertex 161.4417266845703 -62.03523635864258 -11.434422492980957
vertex 159.09011840820312 -64.20542907714844 -11.50289535522461
endloop
endfacet
facet normal 0.475386885211273 -0.49211854623957174 -0.7292644553357682
outer loop
vertex 158.51968383789062 -63.246768951416016 -12.521656036376953
vertex 160.5882568359375 -61.369956970214844 -12.439712524414062
vertex 161.41458129882812 -62.00941848754883 -11.469536781311035
endloop
endfacet
facet normal 0.47541571086104806 -0.49214957134775217 -0.7292247261912531
outer loop
vertex 159.09011840820312 -64.20542907714844 -11.50289535522461
vertex 161.4417266845703 -62.03523635864258 -11.434422492980957
vertex 161.41458129882812 -62.096439361572266 -11.41081428527832
endloop
endfacet
facet normal 0.47538064151925463 -0.492076156275012 -0.7292971288126341
outer loop
vertex 158.51968383789062 -63.246768951416016 -12.521656036376953
vertex 161.41458129882812 -62.00941848754883 -11.469536781311035
vertex 161.4417266845703 -62.03523635864258 -11.434422492980957
endloop
endfacet
facet normal 0.4753861167001296 -0.49211775293614324 -0.7292654916378891
outer loop
vertex 159.05239868164062 -64.15262603759766 -11.563111305236816
vertex 158.51968383789062 -63.246768951416016 -12.521656036376953
vertex 161.4417266845703 -62.03523635864258 -11.434422492980957
endloop
endfacet
facet normal 0.6464931829808842 -0.25531639359600544 -0.7189298321257608
outer loop
vertex 160.5882568359375 -61.369956970214844 -12.439712524414062
vertex 160.84600830078125 -60.788753509521484 -12.414336204528809
vertex 161.84304809570312 -61.04350280761719 -11.427284240722656
endloop
endfacet
facet normal 0.6599732923778415 -0.2631644715517646 -0.7036900697472095
outer loop
vertex 161.41458129882812 -62.00941848754883 -11.469536781311035
vertex 161.8429718017578 -61.1304931640625 -11.396458625793457
vertex 161.4417266845703 -62.03523635864258 -11.434422492980957
endloop
endfacet
facet normal 0.6464930711147969 -0.25532371139589005 -0.7189273338798479
outer loop
vertex 161.8429718017578 -61.1304931640625 -11.396458625793457
vertex 160.5882568359375 -61.369956970214844 -12.439712524414062
vertex 161.84304809570312 -61.04350280761719 -11.427284240722656
endloop
endfacet
facet normal 0.646492858975386 -0.25532726123515975 -0.7189262639269649
outer loop
vertex 161.41458129882812 -62.00941848754883 -11.469536781311035
vertex 160.5882568359375 -61.369956970214844 -12.439712524414062
vertex 161.8429718017578 -61.1304931640625 -11.396458625793457
endloop
endfacet
facet normal 0.7071080742476522 0.030221584611958455 -0.706459359876645
outer loop
vertex 161.91844177246094 60.88975143432617 -6.1356401443481445
vertex 160.84600830078125 -60.788753509521484 -12.414336204528809
vertex 160.95310974121094 60.75298309326172 -7.1077094078063965
endloop
endfacet
facet normal 0.7071547666342223 0.03021956283377796 -0.7064127080175117
outer loop
vertex 161.95040893554688 60.806827545166016 -6.107186794281006
vertex 161.84304809570312 -61.04350280761719 -11.427284240722656
vertex 161.91844177246094 60.88975143432617 -6.1356401443481445
endloop
endfacet
facet normal 0.7071061404602353 0.030221701274328126 -0.7064612904437971
outer loop
vertex 161.84304809570312 -61.04350280761719 -11.427284240722656
vertex 160.84600830078125 -60.788753509521484 -12.414336204528809
vertex 161.91844177246094 60.88975143432617 -6.1356401443481445
endloop
endfacet
facet normal 0.6598503150800514 0.28475975772644435 -0.6953484321319302
outer loop
vertex 160.95310974121094 60.75298309326172 -7.1077094078063965
vertex 160.75120544433594 61.27667236328125 -7.084844589233398
vertex 161.5624237060547 61.734947204589844 -6.127366542816162
endloop
endfacet
facet normal 0.6598550734700102 0.28475431847371996 -0.6953461441084253
outer loop
vertex 161.91844177246094 60.88975143432617 -6.1356401443481445
vertex 160.95310974121094 60.75298309326172 -7.1077094078063965
vertex 161.61488342285156 61.677127838134766 -6.10126256942749
endloop
endfacet
facet normal 0.659853593080544 0.28475610966253134 -0.6953468154155567
outer loop
vertex 161.61488342285156 61.677127838134766 -6.10126256942749
vertex 160.95310974121094 60.75298309326172 -7.1077094078063965
vertex 161.5624237060547 61.734947204589844 -6.127366542816162
endloop
endfacet
facet normal 0.5239079709594678 0.5052812616418021 -0.6857195378569888
outer loop
vertex 161.5624237060547 61.734947204589844 -6.127366542816162
vertex 160.75120544433594 61.27667236328125 -7.084844589233398
vertex 159.47142028808594 64.03958892822266 -6.0267438888549805
endloop
endfacet
facet normal 0.5239667413789074 0.5052890801568993 -0.6856688700845063
outer loop
vertex 159.47142028808594 64.03958892822266 -6.0267438888549805
vertex 160.75120544433594 61.27667236328125 -7.084844589233398
vertex 159.4215087890625 64.06172943115234 -6.0485687255859375
endloop
endfacet
facet normal 0.5239067407339744 0.505279985708823 -0.685721417964756
outer loop
vertex 160.75120544433594 61.27667236328125 -7.084844589233398
vertex 158.8741912841797 63.345462799072266 -6.994519233703613
vertex 159.4215087890625 64.06172943115234 -6.0485687255859375
endloop
endfacet
facet normal 0.2868826335992606 0.6765221332449487 -0.678244909873164
outer loop
vertex 159.4215087890625 64.06172943115234 -6.0485687255859375
vertex 158.8741912841797 63.345462799072266 -6.994519233703613
vertex 158.48599243164062 64.4679946899414 -6.039038181304932
endloop
endfacet
facet normal 0.28688085374510985 0.6765221469198733 -0.678245649069275
outer loop
vertex 158.8741912841797 63.345462799072266 -6.994519233703613
vertex 158.2936553955078 63.602909088134766 -6.983279228210449
vertex 158.48599243164062 64.4679946899414 -6.039038181304932
endloop
endfacet
facet normal 0.0006000917797298091 0.7372763649656389 -0.6755910016814242
outer loop
vertex 148.6272735595703 63.6444091796875 -6.9465765953063965
vertex 31.83871078491211 64.57537078857422 -6.0343499183654785
vertex 148.47573852539062 63.76877212524414 -6.810993194580078
endloop
endfacet
facet normal 0.0006000993482686334 0.7372768237881516 -0.6755905009586998
outer loop
vertex 32.042518615722656 63.70995330810547 -6.978605270385742
vertex 31.83871078491211 64.57537078857422 -6.0343499183654785
vertex 148.6272735595703 63.6444091796875 -6.9465765953063965
endloop
endfacet
facet normal 0.0006000293215175007 0.7372662723039395 -0.6756020157517788
outer loop
vertex 148.25897216796875 64.09319305419922 -6.45713996887207
vertex 31.83871078491211 64.57537078857422 -6.0343499183654785
vertex 148.20205688476562 64.28079223632812 -6.252468585968018
endloop
endfacet
facet normal 0.000599578398464142 0.7372754502509571 -0.6755920003693003
outer loop
vertex 150.18276977539062 64.47502899169922 -6.038730621337891
vertex 158.48599243164062 64.4679946899414 -6.039038181304932
vertex 158.2936553955078 63.602909088134766 -6.983279228210449
endloop
endfacet
facet normal 0.0006003533162681925 0.7372812124132281 -0.675585711363389
outer loop
vertex 158.2936553955078 63.602909088134766 -6.983279228210449
vertex 149.88995361328125 63.76877212524414 -6.809737205505371
vertex 150.01431274414062 63.92030715942383 -6.644253253936768
endloop
endfacet
facet normal 0.000602343411775507 0.7372872344073268 -0.6755791376015174
outer loop
vertex 150.16363525390625 64.28079223632812 -6.250726222991943
vertex 150.18276977539062 64.47502899169922 -6.038730621337891
vertex 158.2936553955078 63.602909088134766 -6.983279228210449
endloop
endfacet
facet normal 0.0006002026344234088 0.7372842508534609 -0.6755823955671497
outer loop
vertex 158.2936553955078 63.602909088134766 -6.983279228210449
vertex 149.67445373535156 63.6102180480957 -6.982960224151611
vertex 149.73841857910156 63.6444091796875 -6.945589542388916
endloop
endfacet
facet normal 0.000600113539048259 0.7372783244656589 -0.6755888632421725
outer loop
vertex 158.2936553955078 63.602909088134766 -6.983279228210449
vertex 150.01431274414062 63.92030715942383 -6.644253253936768
vertex 150.10671997070312 64.09319305419922 -6.455498695373535
endloop
endfacet
facet normal 0.0006001289907085139 0.7372785697811074 -0.6755885955126235
outer loop
vertex 148.35137939453125 63.92030715942383 -6.645730495452881
vertex 31.83871078491211 64.57537078857422 -6.0343499183654785
vertex 148.25897216796875 64.09319305419922 -6.45713996887207
endloop
endfacet
facet normal 0.0006000789594395872 0.7372771170711699 -0.6755901809147812
outer loop
vertex 148.20205688476562 64.28079223632812 -6.252468585968018
vertex 31.83871078491211 64.57537078857422 -6.0343499183654785
vertex 148.18292236328125 64.47673034667969 -6.038656711578369
endloop
endfacet
facet normal 0.0005985685137657537 0.7372664620196464 -0.6756018100159056
outer loop
vertex 158.2936553955078 63.602909088134766 -6.983279228210449
vertex 150.10671997070312 64.09319305419922 -6.455498695373535
vertex 150.16363525390625 64.28079223632812 -6.250726222991943
endloop
endfacet
facet normal 0.0006001199739950751 0.7372756926555032 -0.675591735351584
outer loop
vertex 158.2936553955078 63.602909088134766 -6.983279228210449
vertex 149.73841857910156 63.6444091796875 -6.945589542388916
vertex 149.88995361328125 63.76877212524414 -6.809737205505371
endloop
endfacet
facet normal 0.0006001527900744851 0.7372806668625856 -0.6755863069122179
outer loop
vertex 148.47573852539062 63.76877212524414 -6.810993194580078
vertex 31.83871078491211 64.57537078857422 -6.0343499183654785
vertex 148.35137939453125 63.92030715942383 -6.645730495452881
endloop
endfacet
facet normal 0.0006001018136681413 0.7372862197748469 -0.6755802469047845
outer loop
vertex 148.68968200683594 63.611053466796875 -6.98292350769043
vertex 32.042518615722656 63.70995330810547 -6.978605270385742
vertex 148.6272735595703 63.6444091796875 -6.9465765953063965
endloop
endfacet
facet normal -0.3034204943156928 0.6689355623756466 -0.6785729268239326
outer loop
vertex 32.042518615722656 63.70995330810547 -6.978605270385742
vertex 30.333690643310547 63.68262481689453 -6.241451740264893
vertex 30.947853088378906 64.23985290527344 -5.966757297515869
endloop
endfacet
facet normal -0.30162243680005224 0.6741381351267022 -0.674211895761778
outer loop
vertex 32.042518615722656 63.70995330810547 -6.978605270385742
vertex 30.22932243347168 62.86165237426758 -7.015643119812012
vertex 30.333690643310547 63.68262481689453 -6.241451740264893
endloop
endfacet
facet normal -0.29235433503549973 0.6755099279663054 -0.6769160066100577
outer loop
vertex 30.22932243347168 62.86165237426758 -7.015643119812012
vertex 29.886274337768555 63.54807662963867 -6.182485103607178
vertex 30.333690643310547 63.68262481689453 -6.241451740264893
endloop
endfacet
facet normal -0.3034220728333042 0.6689339634631469 -0.6785737971974943
outer loop
vertex 32.042518615722656 63.70995330810547 -6.978605270385742
vertex 30.947853088378906 64.23985290527344 -5.966757297515869
vertex 31.83871078491211 64.57537078857422 -6.0343499183654785
endloop
endfacet
facet normal 0.10293714757183652 0.730898942968927 -0.6746782038992212
outer loop
vertex 28.629907608032227 63.45260238647461 -6.089568138122559
vertex 28.4935245513916 62.606693267822266 -7.026774883270264
vertex 27.630517959594727 63.60629653930664 -6.075545787811279
endloop
endfacet
facet normal 0.09903147254138157 0.7295103580942304 -0.6767624434611555
outer loop
vertex 28.4935245513916 62.606693267822266 -7.026774883270264
vertex 27.673215866088867 62.72275161743164 -7.021707534790039
vertex 27.630517959594727 63.60629653930664 -6.075545787811279
endloop
endfacet
facet normal -0.06947429030420495 0.7354960129779013 -0.6739576677213027
outer loop
vertex 29.532712936401367 62.6195068359375 -7.026215553283691
vertex 28.947999954223633 62.561973571777344 -7.0287275314331055
vertex 29.25110626220703 63.3570671081543 -6.192280292510986
endloop
endfacet
facet normal -0.06947353673595465 0.7354959172848283 -0.673957849832426
outer loop
vertex 29.25110626220703 63.3570671081543 -6.192280292510986
vertex 28.947999954223633 62.561973571777344 -7.0287275314331055
vertex 28.947999954223633 63.403682708740234 -6.11016321182251
endloop
endfacet
facet normal -0.06949041018091585 0.7354924166920614 -0.6739599304716559
outer loop
vertex 29.532712936401367 62.6195068359375 -7.026215553283691
vertex 29.25110626220703 63.3570671081543 -6.192280292510986
vertex 29.371479034423828 63.39326858520508 -6.16518497467041
endloop
endfacet
facet normal -0.3341288074555345 0.655291731749775 -0.677458992359481
outer loop
vertex 30.22932243347168 62.86165237426758 -7.015643119812012
vertex 30.09495735168457 62.78990173339844 -7.018775939941406
vertex 29.886274337768555 63.54807662963867 -6.182485103607178
endloop
endfacet
facet normal -0.20575990614360623 0.7084139956148239 -0.6751388537484824
outer loop
vertex 30.09495735168457 62.78990173339844 -7.018775939941406
vertex 29.532712936401367 62.6195068359375 -7.026215553283691
vertex 29.779050827026367 63.515830993652344 -6.16079044342041
endloop
endfacet
facet normal 0.06947670084937936 0.7354957548186801 -0.6739577009596269
outer loop
vertex 28.947999954223633 63.403682708740234 -6.11016321182251
vertex 28.947999954223633 62.561973571777344 -7.0287275314331055
vertex 28.629907608032227 63.45260238647461 -6.089568138122559
endloop
endfacet
facet normal -0.3341376114922211 0.6552882420740349 -0.6774580255527236
outer loop
vertex 29.886274337768555 63.54807662963867 -6.182485103607178
vertex 30.09495735168457 62.78990173339844 -7.018775939941406
vertex 29.779050827026367 63.515830993652344 -6.16079044342041
endloop
endfacet
facet normal -0.20575026812117533 0.7084140885990183 -0.6751416934558899
outer loop
vertex 29.779050827026367 63.515830993652344 -6.16079044342041
vertex 29.532712936401367 62.6195068359375 -7.026215553283691
vertex 29.371479034423828 63.39326858520508 -6.16518497467041
endloop
endfacet
facet normal 0.06947601628552626 0.7354956757400813 -0.6739578578284657
outer loop
vertex 28.947999954223633 62.561973571777344 -7.0287275314331055
vertex 28.4935245513916 62.606693267822266 -7.026774883270264
vertex 28.629907608032227 63.45260238647461 -6.089568138122559
endloop
endfacet
facet normal -0.1715774717826277 0.7161650488813833 -0.6765122274855109
outer loop
vertex 27.673215866088867 62.72275161743164 -7.021707534790039
vertex -67.63634490966797 39.802330017089844 -7.113104820251465
vertex 27.630517959594727 63.60629653930664 -6.075545787811279
endloop
endfacet
facet normal -0.17157772975354627 0.7161661168279866 -0.6765110315140039
outer loop
vertex 27.673215866088867 62.72275161743164 -7.021707534790039
vertex -67.29635620117188 39.11351013183594 -7.928529739379883
vertex -67.63634490966797 39.802330017089844 -7.113104820251465
endloop
endfacet
facet normal -0.17157571126712362 0.7161583334850948 -0.6765197829206715
outer loop
vertex -67.26253509521484 38.99980545043945 -8.057474136352539
vertex -67.29635620117188 39.11351013183594 -7.928529739379883
vertex 27.673215866088867 62.72275161743164 -7.021707534790039
endloop
endfacet
facet normal 0.8060313496833791 0.5913149540054823 0.025692187471771495
outer loop
vertex -67.29635620117188 39.11351013183594 -7.928529739379883
vertex -67.37016296386719 39.20891571044922 -7.808811664581299
vertex -67.76970672607422 39.72310256958008 -7.10827112197876
endloop
endfacet
facet normal -0.41841828446224355 0.6003213729092851 -0.6815719979987324
outer loop
vertex -67.29635620117188 39.11351013183594 -7.928529739379883
vertex -67.67477416992188 39.792728424072266 -7.097970008850098
vertex -67.63634490966797 39.802330017089844 -7.113104820251465
endloop
endfacet
facet normal -0.3822874539521623 0.6222980479696586 -0.6830823098601851
outer loop
vertex -67.67477416992188 39.792728424072266 -7.097970008850098
vertex -67.29635620117188 39.11351013183594 -7.928529739379883
vertex -67.76970672607422 39.72310256958008 -7.10827112197876
endloop
endfacet
facet normal 0.07066991670278717 0.7299159703301402 -0.6798738405985562
outer loop
vertex -69.20689392089844 39.31486511230469 -7.147345066070557
vertex -69.29792022705078 38.453739166259766 -8.081315994262695
vertex -69.58797454833984 39.35332489013672 -7.145666122436523
endloop
endfacet
facet normal 0.07066309802140479 0.7299152798956327 -0.6798752905885739
outer loop
vertex -69.29792022705078 38.453739166259766 -8.081315994262695
vertex -69.67899322509766 38.49219512939453 -8.079636573791504
vertex -69.58797454833984 39.35332489013672 -7.145666122436523
endloop
endfacet
facet normal -0.34798246081268686 0.6167694072730919 -0.7060479482434218
outer loop
vertex -67.3315658569336 38.943206787109375 -8.059945106506348
vertex -67.37016296386719 39.20891571044922 -7.808811664581299
vertex -67.29635620117188 39.11351013183594 -7.928529739379883
endloop
endfacet
facet normal -0.06947956192753278 0.7354961835755901 -0.673956938105173
outer loop
vertex -68.99668884277344 38.438575744628906 -8.081977844238281
vertex -68.56917572021484 39.25050735473633 -7.239981651306152
vertex -68.41197967529297 38.49611282348633 -8.079465866088867
endloop
endfacet
facet normal -0.46750904818940825 0.5985973128267404 -0.6504740939788755
outer loop
vertex -67.3315658569336 38.943206787109375 -8.059945106506348
vertex -67.29635620117188 39.11351013183594 -7.928529739379883
vertex -67.26253509521484 38.99980545043945 -8.057474136352539
endloop
endfacet
facet normal -0.06947685597099335 0.7354956509050973 -0.6739577983702488
outer loop
vertex -68.56917572021484 39.25050735473633 -7.239981651306152
vertex -68.99668884277344 38.438575744628906 -8.081977844238281
vertex -68.99668884277344 39.29365158081055 -7.148826599121094
endloop
endfacet
facet normal -0.4496691599739855 0.5781634345947089 -0.6808264752974431
outer loop
vertex -67.76970672607422 39.72310256958008 -7.10827112197876
vertex -67.37016296386719 39.20891571044922 -7.808811664581299
vertex -67.84375 39.66879653930664 -7.105484485626221
endloop
endfacet
facet normal -0.20575404414936238 0.7084150660689519 -0.6751395170501464
outer loop
vertex -68.17892456054688 39.422969818115234 -7.177952289581299
vertex -67.8497314453125 38.66650390625 -8.072026252746582
vertex -68.4328384399414 39.23674774169922 -7.295970439910889
endloop
endfacet
facet normal -0.3341342980515286 0.6552881482000064 -0.6774597506082697
outer loop
vertex -67.84375 39.66879653930664 -7.105484485626221
vertex -67.3315658569336 38.943206787109375 -8.059945106506348
vertex -68.17892456054688 39.422969818115234 -7.177952289581299
endloop
endfacet
facet normal -0.20575955576739982 0.7084141592754183 -0.675138788804572
outer loop
vertex -68.4328384399414 39.23674774169922 -7.295970439910889
vertex -68.41197967529297 38.49611282348633 -8.079465866088867
vertex -68.56917572021484 39.25050735473633 -7.239981651306152
endloop
endfacet
facet normal -0.44967286061937217 0.5781601506277597 -0.6808268198657255
outer loop
vertex -67.37016296386719 39.20891571044922 -7.808811664581299
vertex -67.3315658569336 38.943206787109375 -8.059945106506348
vertex -67.84375 39.66879653930664 -7.105484485626221
endloop
endfacet
facet normal -0.3341326934892063 0.65528969194464 -0.6774590487791472
outer loop
vertex -67.8497314453125 38.66650390625 -8.072026252746582
vertex -68.17892456054688 39.422969818115234 -7.177952289581299
vertex -67.3315658569336 38.943206787109375 -8.059945106506348
endloop
endfacet
facet normal -0.20575402320223352 0.7084150784690925 -0.6751395104226416
outer loop
vertex -68.41197967529297 38.49611282348633 -8.079465866088867
vertex -68.4328384399414 39.23674774169922 -7.295970439910889
vertex -67.8497314453125 38.66650390625 -8.072026252746582
endloop
endfacet
facet normal 0.03540599286889784 0.7330130513926263 -0.6792924864570773
outer loop
vertex -68.99668884277344 38.438575744628906 -8.081977844238281
vertex -69.29792022705078 38.453739166259766 -8.081315994262695
vertex -69.20689392089844 39.31486511230469 -7.147345066070557
endloop
endfacet
facet normal 0.06947487449776164 0.7354957526478968 -0.6739578916003761
outer loop
vertex -68.99668884277344 39.29365158081055 -7.148826599121094
vertex -68.99668884277344 38.438575744628906 -8.081977844238281
vertex -69.20689392089844 39.31486511230469 -7.147345066070557
endloop
endfacet
facet normal 0.5239074143671691 0.5052795558807511 -0.6857212200158738
outer loop
vertex -71.5984115600586 39.46037673950195 -8.037364959716797
vertex -73.87569427490234 41.9703369140625 -7.9277777671813965
vertex -73.32830047607422 42.68653106689453 -6.9818220138549805
endloop
endfacet
facet normal 0.5207959141882873 0.5046095493570587 -0.6885788396853714
outer loop
vertex -70.90464782714844 40.04811096191406 -7.081939697265625
vertex -71.5984115600586 39.46037673950195 -8.037364959716797
vertex -73.27838897705078 42.66438293457031 -6.960005760192871
endloop
endfacet
facet normal 0.5239359835583461 0.5052861444921412 -0.6856945364497341
outer loop
vertex -73.27838897705078 42.66438293457031 -6.960005760192871
vertex -71.5984115600586 39.46037673950195 -8.037364959716797
vertex -73.32830047607422 42.68653106689453 -6.9818220138549805
endloop
endfacet
facet normal 0.10410091782682515 0.7261235125647263 -0.6796378766727736
outer loop
vertex -69.67899322509766 38.49219512939453 -8.079636573791504
vertex -69.96247863769531 38.534568786621094 -8.077786445617676
vertex -69.58797454833984 39.35332489013672 -7.145666122436523
endloop
endfacet
facet normal 0.3341284070606534 0.6552907467605408 -0.6774601425952106
outer loop
vertex -70.52472686767578 38.70496368408203 -8.07034683227539
vertex -71.04289245605469 38.98166275024414 -8.058265686035156
vertex -70.55901336669922 39.66716003417969 -7.156548023223877
endloop
endfacet
facet normal 0.44966286981875203 0.5781669351650364 -0.6808276570382791
outer loop
vertex -70.55901336669922 39.66716003417969 -7.156548023223877
vertex -71.04289245605469 38.98166275024414 -8.058265686035156
vertex -70.83661651611328 39.97312545776367 -7.080065727233887
endloop
endfacet
facet normal 0.33412559098121686 0.655292731726254 -0.6774596114885347
outer loop
vertex -70.21503448486328 39.41660690307617 -7.229247570037842
vertex -70.52472686767578 38.70496368408203 -8.07034683227539
vertex -70.34344482421875 39.4295654296875 -7.280045509338379
endloop
endfacet
facet normal 0.3341341365026815 0.6552894544095871 -0.6774585668239742
outer loop
vertex -70.34344482421875 39.4295654296875 -7.280045509338379
vertex -70.52472686767578 38.70496368408203 -8.07034683227539
vertex -70.55901336669922 39.66716003417969 -7.156548023223877
endloop
endfacet
facet normal 0.20575837772831362 0.7084135973480409 -0.6751397374521962
outer loop
vertex -69.96247863769531 38.534568786621094 -8.077786445617676
vertex -70.52472686767578 38.70496368408203 -8.07034683227539
vertex -70.21503448486328 39.41660690307617 -7.229247570037842
endloop
endfacet
facet normal 0.545020862664702 0.4772480483180783 -0.6893377689034665
outer loop
vertex -70.83661651611328 39.97312545776367 -7.080065727233887
vertex -71.5984115600586 39.46037673950195 -8.037364959716797
vertex -70.90464782714844 40.04811096191406 -7.081939697265625
endloop
endfacet
facet normal 0.4496651494955186 0.5781658688102238 -0.6808270569477184
outer loop
vertex -71.04289245605469 38.98166275024414 -8.058265686035156
vertex -71.4970703125 39.354042053222656 -8.042007446289062
vertex -70.83661651611328 39.97312545776367 -7.080065727233887
endloop
endfacet
facet normal 0.20575757339936332 0.7084136000925928 -0.6751399797024746
outer loop
vertex -69.96247863769531 38.534568786621094 -8.077786445617676
vertex -70.21503448486328 39.41660690307617 -7.229247570037842
vertex -69.78767395019531 39.373477935791016 -7.144258499145508
endloop
endfacet
facet normal 0.5121836292023142 0.5180406641748796 -0.6850560562745182
outer loop
vertex -70.83661651611328 39.97312545776367 -7.080065727233887
vertex -71.4970703125 39.354042053222656 -8.042007446289062
vertex -71.5984115600586 39.46037673950195 -8.037364959716797
endloop
endfacet
facet normal 0.06947343573689092 0.7354958962215052 -0.673957883230278
outer loop
vertex -69.58797454833984 39.35332489013672 -7.145666122436523
vertex -69.96247863769531 38.534568786621094 -8.077786445617676
vertex -69.78767395019531 39.373477935791016 -7.144258499145508
endloop
endfacet
facet normal 0.2870254101300395 0.6764613726458412 -0.6782451070651281
outer loop
vertex -73.87569427490234 41.9703369140625 -7.9277777671813965
vertex -74.45585632324219 42.2277717590332 -7.916537761688232
vertex -74.26323699951172 43.092769622802734 -6.9723005294799805
endloop
endfacet
facet normal 0.2870213983212096 0.6764614051222719 -0.6782467724108526
outer loop
vertex -73.32830047607422 42.68653106689453 -6.9818220138549805
vertex -73.87569427490234 41.9703369140625 -7.9277777671813965
vertex -74.26323699951172 43.092769622802734 -6.9723005294799805
endloop
endfacet
facet normal 0.0009085446523005902 0.7372725240225599 -0.675594848905776
outer loop
vertex -150.42835998535156 42.806583404541016 -7.386953830718994
vertex -158.16571044921875 42.33513259887695 -7.911850452423096
vertex -150.48526000976562 42.994178771972656 -7.182308673858643
endloop
endfacet
facet normal 0.0009078554422330645 0.7372814162122799 -0.6755851457118569
outer loop
vertex -74.45585632324219 42.2277717590332 -7.916537761688232
vertex -148.52369689941406 42.994178771972656 -7.179673194885254
vertex -148.50460815429688 43.187984466552734 -6.968142986297607
endloop
endfacet
facet normal 0.00090767035903747 0.7372726877428001 -0.6755946714140268
outer loop
vertex -74.45585632324219 42.2277717590332 -7.916537761688232
vertex -148.58059692382812 42.806583404541016 -7.384471416473389
vertex -148.52369689941406 42.994178771972656 -7.179673194885254
endloop
endfacet
facet normal 0.0009077691897043788 0.7372758730575584 -0.6755911951485997
outer loop
vertex -150.06004333496094 42.3577995300293 -7.876222610473633
vertex -158.16571044921875 42.33513259887695 -7.911850452423096
vertex -150.21157836914062 42.48216247558594 -7.740708351135254
endloop
endfacet
facet normal 0.0009077472885855367 0.7372787573824351 -0.6755880474871298
outer loop
vertex -149.998046875 42.32465744018555 -7.9123077392578125
vertex -158.16571044921875 42.33513259887695 -7.911850452423096
vertex -150.06004333496094 42.3577995300293 -7.876222610473633
endloop
endfacet
facet normal 0.0009077691305907429 0.7372836317124509 -0.6755827279942143
outer loop
vertex -149.01327514648438 42.323394775390625 -7.912363052368164
vertex -148.94891357421875 42.3577995300293 -7.874729633331299
vertex -74.45585632324219 42.2277717590332 -7.916537761688232
endloop
endfacet
facet normal 0.000907750704406158 0.737275817349452 -0.675591255967953
outer loop
vertex -74.45585632324219 42.2277717590332 -7.916537761688232
vertex -148.94891357421875 42.3577995300293 -7.874729633331299
vertex -148.79736328125 42.48216247558594 -7.7388081550598145
endloop
endfacet
facet normal 0.0009077525828640343 0.7372779443068124 -0.6755889347998301
outer loop
vertex -74.45585632324219 42.2277717590332 -7.916537761688232
vertex -148.67300415039062 42.633697509765625 -7.573267936706543
vertex -148.58059692382812 42.806583404541016 -7.384471416473389
endloop
endfacet
facet normal 0.0009077782516375846 0.737280384986214 -0.6755862712142884
outer loop
vertex -74.45585632324219 42.2277717590332 -7.916537761688232
vertex -148.79736328125 42.48216247558594 -7.7388081550598145
vertex -148.67300415039062 42.633697509765625 -7.573267936706543
endloop
endfacet
facet normal 0.0009075864665206144 0.7372802273101812 -0.6755864435468294
outer loop
vertex -150.21157836914062 42.48216247558594 -7.740708351135254
vertex -158.16571044921875 42.33513259887695 -7.911850452423096
vertex -150.33595275878906 42.633697509765625 -7.575502395629883
endloop
endfacet
facet normal 0.00090769089558949 0.737276099308492 -0.6755909483449974
outer loop
vertex -150.48526000976562 42.994178771972656 -7.182308673858643
vertex -158.3451385498047 43.20060729980469 -6.967592239379883
vertex -150.5043487548828 43.1905517578125 -6.968031406402588
endloop
endfacet
facet normal 0.0009077311957685457 0.7372768179537278 -0.6755901640285343
outer loop
vertex -150.48526000976562 42.994178771972656 -7.182308673858643
vertex -158.16571044921875 42.33513259887695 -7.911850452423096
vertex -158.3451385498047 43.20060729980469 -6.967592239379883
endloop
endfacet
facet normal 0.000907726827217623 0.7372766429719485 -0.6755903549933355
outer loop
vertex -74.45585632324219 42.2277717590332 -7.916537761688232
vertex -148.50460815429688 43.187984466552734 -6.968142986297607
vertex -74.26323699951172 43.092769622802734 -6.9723005294799805
endloop
endfacet
facet normal 0.0009077250012725912 0.7372785976344896 -0.6755882218522186
outer loop
vertex -150.33595275878906 42.633697509765625 -7.575502395629883
vertex -158.16571044921875 42.33513259887695 -7.911850452423096
vertex -150.42835998535156 42.806583404541016 -7.386953830718994
endloop
endfacet
facet normal -0.27040161986400785 0.6835841307921406 -0.6779348789552535
outer loop
vertex -158.16571044921875 42.33513259887695 -7.911850452423096
vertex -158.71896362304688 42.106380462646484 -7.92183780670166
vertex -159.2361602783203 42.839725494384766 -6.976092338562012
endloop
endfacet
facet normal -0.2703991060926673 0.6835866368115372 -0.6779333546868586
outer loop
vertex -159.2361602783203 42.839725494384766 -6.976092338562012
vertex -158.3451385498047 43.20060729980469 -6.967592239379883
vertex -158.16571044921875 42.33513259887695 -7.911850452423096
endloop
endfacet
facet normal -0.5001979637606614 0.5301631156674886 -0.6846379100191787
outer loop
vertex -159.2361602783203 42.839725494384766 -6.976092338562012
vertex -158.71896362304688 42.106380462646484 -7.92183780670166
vertex -159.28392028808594 42.81998062133789 -6.956488609313965
endloop
endfacet
facet normal -0.5002372179009515 0.5301289886960149 -0.6846356557840502
outer loop
vertex -161.5152587890625 40.58864212036133 -7.053910732269287
vertex -159.28392028808594 42.81998062133789 -6.956488609313965
vertex -158.71896362304688 42.106380462646484 -7.92183780670166
endloop
endfacet
facet normal -0.5002369786831402 0.530128018325954 -0.6846365819496942
outer loop
vertex -158.71896362304688 42.106380462646484 -7.92183780670166
vertex -160.7238311767578 40.10150909423828 -8.00937271118164
vertex -161.5152587890625 40.58864212036133 -7.053910732269287
endloop
endfacet
facet normal -0.6533656931064532 0.300972090113971 -0.6946431256724216
outer loop
vertex -161.5152587890625 40.58864212036133 -7.053910732269287
vertex -160.7238311767578 40.10150909423828 -8.00937271118164
vertex -161.56939697265625 40.53450393676758 -7.026446342468262
endloop
endfacet
facet normal -0.6533705799128635 0.3009620186055961 -0.6946428929033776
outer loop
vertex -160.7238311767578 40.10150909423828 -8.00937271118164
vertex -161.91595458984375 39.69783401489258 -7.062976360321045
vertex -161.56939697265625 40.53450393676758 -7.026446342468262
endloop
endfacet
facet normal -0.6533705545657795 0.3009703059926206 -0.6946393260801709
outer loop
vertex -160.7238311767578 40.10150909423828 -8.00937271118164
vertex -160.95285034179688 39.548622131347656 -8.033512115478516
vertex -161.91595458984375 39.69783401489258 -7.062976360321045
endloop
endfacet
facet normal -0.7071057734498639 0.030850939465683656 -0.7064344588763734
outer loop
vertex -161.91595458984375 39.69783401489258 -7.062976360321045
vertex -160.95285034179688 39.548622131347656 -8.033512115478516
vertex -161.9499969482422 39.61565017700195 -7.0324907302856445
endloop
endfacet
facet normal -0.7071061805044173 0.030843591085274336 -0.7064343723102796
outer loop
vertex -160.95285034179688 39.548622131347656 -8.033512115478516
vertex -161.9499969482422 -60.72145462036133 -11.41330337524414
vertex -161.9499969482422 39.61565017700195 -7.0324907302856445
endloop
endfacet
facet normal -0.7071062097582215 0.03084359039022267 -0.7064343430590011
outer loop
vertex -160.95285034179688 39.548622131347656 -8.033512115478516
vertex -160.95285034179688 -60.49251174926758 -12.401402473449707
vertex -161.9499969482422 -60.72145462036133 -11.41330337524414
endloop
endfacet
facet normal -0.6597407293188811 -0.22335632103258274 -0.7175333608499194
outer loop
vertex -161.9499969482422 -60.72145462036133 -11.41330337524414
vertex -160.95285034179688 -60.49251174926758 -12.401402473449707
vertex -161.9499969482422 -60.808475494384766 -11.386215209960938
endloop
endfacet
facet normal -0.6594627353681989 -0.22420464939033266 -0.7175243381603519
outer loop
vertex -160.95285034179688 -60.49251174926758 -12.401402473449707
vertex -161.64012145996094 -61.61117172241211 -11.420197486877441
vertex -161.9499969482422 -60.808475494384766 -11.386215209960938
endloop
endfacet
facet normal 0.5240408414159023 0.44341480499937186 0.7271619539246275
outer loop
vertex -161.64012145996094 -61.61117172241211 -11.420197486877441
vertex -160.75096130371094 -61.015472412109375 -12.424235343933105
vertex -161.61448669433594 -61.590545654296875 -11.451249122619629
endloop
endfacet
facet normal -0.6600827865312239 -0.223512854493439 -0.7171699371846044
outer loop
vertex -160.95285034179688 -60.49251174926758 -12.401402473449707
vertex -160.75096130371094 -61.015472412109375 -12.424235343933105
vertex -161.64012145996094 -61.61117172241211 -11.420197486877441
endloop
endfacet
facet normal -0.5239106324927725 -0.4435930478552055 -0.7271470670060853
outer loop
vertex -160.75096130371094 -61.015472412109375 -12.424235343933105
vertex -158.87405395507812 -63.08415985107422 -12.514555931091309
vertex -159.47119140625 -63.95283126831055 -11.554388046264648
endloop
endfacet
facet normal -0.5238868426695646 -0.4435885679383749 -0.7271669398921382
outer loop
vertex -160.75096130371094 -61.015472412109375 -12.424235343933105
vertex -159.47119140625 -63.95283126831055 -11.554388046264648
vertex -159.50930786132812 -63.99784469604492 -11.499467849731445
endloop
endfacet
facet normal -0.5239087682027723 -0.4435921251203469 -0.7271489731351259
outer loop
vertex -160.75096130371094 -61.015472412109375 -12.424235343933105
vertex -159.50930786132812 -63.99784469604492 -11.499467849731445
vertex -161.61448669433594 -61.67756652832031 -11.398161888122559
endloop
endfacet
facet normal -0.523903750713922 -0.44359836872233427 -0.727148779311888
outer loop
vertex -161.61448669433594 -61.590545654296875 -11.451249122619629
vertex -160.75096130371094 -61.015472412109375 -12.424235343933105
vertex -161.61448669433594 -61.67756652832031 -11.398161888122559
endloop
endfacet
facet normal -0.5238844763030898 -0.44360454261749716 -0.7271588995933134
outer loop
vertex -161.61448669433594 -61.590545654296875 -11.451249122619629
vertex -161.61448669433594 -61.67756652832031 -11.398161888122559
vertex -161.64012145996094 -61.61117172241211 -11.420197486877441
endloop
endfacet
facet normal -0.28671285158781495 -0.6149113876372343 -0.7346289717186728
outer loop
vertex -158.87405395507812 -63.08415985107422 -12.514555931091309
vertex -158.29307556152344 -63.34162139892578 -12.525796890258789
vertex -158.5044708251953 -64.38124084472656 -11.57309341430664
endloop
endfacet
facet normal -0.28677129309459365 -0.6148799455221965 -0.7346324782171528
outer loop
vertex -159.47119140625 -63.95283126831055 -11.554388046264648
vertex -158.87405395507812 -63.08415985107422 -12.514555931091309
vertex -159.47119140625 -64.03985595703125 -11.481549263000488
endloop
endfacet
facet normal -0.2866907023077321 -0.6149113646593535 -0.7346376350440202
outer loop
vertex -158.87405395507812 -63.08415985107422 -12.514555931091309
vertex -158.5044708251953 -64.38124084472656 -11.57309341430664
vertex -158.5281982421875 -64.45774841308594 -11.499794960021973
endloop
endfacet
facet normal -0.2867151222885881 -0.6149108135086169 -0.7346285660666967
outer loop
vertex -158.87405395507812 -63.08415985107422 -12.514555931091309
vertex -158.5281982421875 -64.45774841308594 -11.499794960021973
vertex -159.47119140625 -64.03985595703125 -11.481549263000488
endloop
endfacet
facet normal -0.32776469542718795 -0.606382216790975 -0.724479752367991
outer loop
vertex -159.47119140625 -63.95283126831055 -11.554388046264648
vertex -159.47119140625 -64.03985595703125 -11.481549263000488
vertex -159.50930786132812 -63.99784469604492 -11.499467849731445
endloop
endfacet
facet normal 0.2865771817329916 0.6149544518678575 0.7346458609683164
outer loop
vertex -158.5044708251953 -64.38124084472656 -11.57309341430664
vertex -158.29307556152344 -63.34162139892578 -12.525796890258789
vertex -158.5281982421875 -64.45774841308594 -11.499794960021973
endloop
endfacet
facet normal -0.00024080232237536705 -0.6767306935577654 -0.7362306095314616
outer loop
vertex -158.5281982421875 -64.45774841308594 -11.499794960021973
vertex -158.29307556152344 -63.34162139892578 -12.525796890258789
vertex 158.20423889160156 -64.56690979003906 -11.503050804138184
endloop
endfacet
facet normal -0.00023892400349305996 -0.6755901426346315 -0.7372773576410976
outer loop
vertex -158.29307556152344 -63.34162139892578 -12.525796890258789
vertex 157.9971466064453 -63.44839096069336 -12.530458450317383
vertex 158.18284606933594 -64.48814392089844 -11.577760696411133
endloop
endfacet
facet normal -0.0003199869761296146 -0.6882251728796577 -0.7254970771981791
outer loop
vertex 158.20423889160156 -64.56690979003906 -11.503050804138184
vertex -158.29307556152344 -63.34162139892578 -12.525796890258789
vertex 158.18284606933594 -64.48814392089844 -11.577760696411133
endloop
endfacet
facet normal 0 -1 0
outer loop
vertex 24.414344787597656 -63.825008392333984 -11.010660171508789
vertex 24.90097999572754 -63.825008392333984 -11.335819244384766
vertex 24.414344787597656 -63.825008392333984 -3.8893399238586426
endloop
endfacet
facet normal 0 -1 0
outer loop
vertex 25.475004196166992 -63.825008392333984 -3.450000047683716
vertex 26.725004196166992 -63.825008392333984 -6.699999809265137
vertex 26.80112648010254 -63.825008392333984 -6.31731653213501
endloop
endfacet
facet normal 0 -1 0
outer loop
vertex 38.04903030395508 -63.825008392333984 -11.335819244384766
vertex 38.53566360473633 -63.825008392333984 -11.010660171508789
vertex 38.04903030395508 -63.825008392333984 -3.564180612564087
endloop
endfacet
facet normal -1 0 0
outer loop
vertex 38.975006103515625 -63.825008392333984 -4.949999809265137
vertex 38.975006103515625 -64.53492736816406 -9.949999809265137
vertex 38.975006103515625 -64.53492736816406 -4.949999809265137
endloop
endfacet
facet normal 0 -1 0
outer loop
vertex 24.90097999572754 -63.825008392333984 -11.335819244384766
vertex 25.475004196166992 -63.825008392333984 -11.449999809265137
vertex 24.90097999572754 -63.825008392333984 -3.564180612564087
endloop
endfacet
facet normal 0 -1 0
outer loop
vertex 38.86082458496094 -63.825008392333984 -10.524024963378906
vertex 38.975006103515625 -63.825008392333984 -9.949999809265137
vertex 38.86082458496094 -63.825008392333984 -4.375974655151367
endloop
endfacet
facet normal -0.19509040787318935 0 -0.9807852633251952
outer loop
vertex 37.475006103515625 -63.825008392333984 -3.450000047683716
vertex 38.04903030395508 -64.53461456298828 -3.564180612564087
vertex 37.475006103515625 -64.53441619873047 -3.450000047683716
endloop
endfacet
facet normal 0 -1 0
outer loop
vertex 38.86082458496094 -63.825008392333984 -4.375974655151367
vertex 38.975006103515625 -63.825008392333984 -9.949999809265137
vertex 38.975006103515625 -63.825008392333984 -4.949999809265137
endloop
endfacet
facet normal 0 -1 0
outer loop
vertex 37.475006103515625 -63.825008392333984 -11.449999809265137
vertex 38.04903030395508 -63.825008392333984 -11.335819244384766
vertex 37.475006103515625 -63.825008392333984 -3.450000047683716
endloop
endfacet
facet normal 0 0 -1
outer loop
vertex 37.475006103515625 -64.53441619873047 -3.450000047683716
vertex 25.475004196166992 -63.825008392333984 -3.450000047683716
vertex 37.475006103515625 -63.825008392333984 -3.450000047683716
endloop
endfacet
facet normal 0 -1 0
outer loop
vertex 36.225006103515625 -63.825008392333984 -8.199999809265137
vertex 37.475006103515625 -63.825008392333984 -11.449999809265137
vertex 36.225006103515625 -63.825008392333984 -6.699999809265137
endloop
endfacet
facet normal -0.5555718102198659 0 -0.8314685584488576
outer loop
vertex 38.04903030395508 -63.825008392333984 -3.564180612564087
vertex 38.53566360473633 -64.53477478027344 -3.8893399238586426
vertex 38.04903030395508 -64.53461456298828 -3.564180612564087
endloop
endfacet
facet normal -0.19509040787318935 0 -0.9807852633251952
outer loop
vertex 37.475006103515625 -63.825008392333984 -3.450000047683716
vertex 38.04903030395508 -63.825008392333984 -3.564180612564087
vertex 38.04903030395508 -64.53461456298828 -3.564180612564087
endloop
endfacet
facet normal -0.5555718102198659 0 -0.8314685584488577
outer loop
vertex 38.04903030395508 -63.825008392333984 -3.564180612564087
vertex 38.53566360473633 -63.825008392333984 -3.8893399238586426
vertex 38.53566360473633 -64.53477478027344 -3.8893399238586426
endloop
endfacet
facet normal 0 0 -1
outer loop
vertex 25.475004196166992 -64.53036499023438 -3.450000047683716
vertex 25.475004196166992 -63.825008392333984 -3.450000047683716
vertex 37.475006103515625 -64.53441619873047 -3.450000047683716
endloop
endfacet
facet normal 0.19509040787318935 0 -0.9807852633251952
outer loop
vertex 25.475004196166992 -64.53036499023438 -3.450000047683716
vertex 24.90097999572754 -63.825008392333984 -3.564180612564087
vertex 25.475004196166992 -63.825008392333984 -3.450000047683716
endloop
endfacet
facet normal 0.19509040787318935 0 -0.9807852633251953
outer loop
vertex 25.475004196166992 -64.53036499023438 -3.450000047683716
vertex 24.90097999572754 -64.5301742553711 -3.564180612564087
vertex 24.90097999572754 -63.825008392333984 -3.564180612564087
endloop
endfacet
facet normal 0.5555703047945764 0 -0.8314695643440363
outer loop
vertex 24.90097999572754 -64.5301742553711 -3.564180612564087
vertex 24.414344787597656 -63.825008392333984 -3.8893399238586426
vertex 24.90097999572754 -63.825008392333984 -3.564180612564087
endloop
endfacet
facet normal 0.5555703047945764 0 -0.8314695643440363
outer loop
vertex 24.90097999572754 -64.5301742553711 -3.564180612564087
vertex 24.414344787597656 -64.5300064086914 -3.8893399238586426
vertex 24.414344787597656 -63.825008392333984 -3.8893399238586426
endloop
endfacet
facet normal 0 -1 0
outer loop
vertex 24.08918571472168 -63.825008392333984 -10.524024963378906
vertex 24.414344787597656 -63.825008392333984 -11.010660171508789
vertex 24.08918571472168 -63.825008392333984 -4.375974655151367
endloop
endfacet
facet normal -0.8314679956250158 0 -0.5555726525408882
outer loop
vertex 38.53566360473633 -63.825008392333984 -3.8893399238586426
vertex 38.86082458496094 -64.53488159179688 -4.375974655151367
vertex 38.53566360473633 -64.53477478027344 -3.8893399238586426
endloop
endfacet
facet normal -0.8314679956250159 0 -0.5555726525408882
outer loop
vertex 38.53566360473633 -63.825008392333984 -3.8893399238586426
vertex 38.86082458496094 -63.825008392333984 -4.375974655151367
vertex 38.86082458496094 -64.53488159179688 -4.375974655151367
endloop
endfacet
facet normal -0.9807850135586839 0 -0.1950916635294606
outer loop
vertex 38.86082458496094 -63.825008392333984 -4.375974655151367
vertex 38.975006103515625 -64.53492736816406 -4.949999809265137
vertex 38.86082458496094 -64.53488159179688 -4.375974655151367
endloop
endfacet
facet normal 0 -1 0
outer loop
vertex 25.475004196166992 -63.825008392333984 -3.450000047683716
vertex 27.725004196166992 -63.825008392333984 -5.699999809265137
vertex 37.475006103515625 -63.825008392333984 -3.450000047683716
endloop
endfacet
facet normal 0 -1 0
outer loop
vertex 24.08918571472168 -63.825008392333984 -4.375974655151367
vertex 24.414344787597656 -63.825008392333984 -11.010660171508789
vertex 24.414344787597656 -63.825008392333984 -3.8893399238586426
endloop
endfacet
facet normal 0 -1 0
outer loop
vertex 23.975004196166992 -63.825008392333984 -4.949999809265137
vertex 24.08918571472168 -63.825008392333984 -10.524024963378906
vertex 24.08918571472168 -63.825008392333984 -4.375974655151367
endloop
endfacet
facet normal 0 -1 0
outer loop
vertex 36.14888381958008 -63.825008392333984 -8.582683563232422
vertex 37.475006103515625 -63.825008392333984 -11.449999809265137
vertex 36.225006103515625 -63.825008392333984 -8.199999809265137
endloop
endfacet
facet normal 0 -1 0
outer loop
vertex 35.93211364746094 -63.825008392333984 -8.907106399536133
vertex 37.475006103515625 -63.825008392333984 -11.449999809265137
vertex 36.14888381958008 -63.825008392333984 -8.582683563232422
endloop
endfacet
facet normal 0 -1 0
outer loop
vertex 35.607688903808594 -63.825008392333984 -9.123879432678223
vertex 37.475006103515625 -63.825008392333984 -11.449999809265137
vertex 35.93211364746094 -63.825008392333984 -8.907106399536133
endloop
endfacet
facet normal 0 -1 0
outer loop
vertex 35.225006103515625 -63.825008392333984 -9.199999809265137
vertex 37.475006103515625 -63.825008392333984 -11.449999809265137
vertex 35.607688903808594 -63.825008392333984 -9.123879432678223
endloop
endfacet
facet normal -0.9807850135586839 0 0.19509166352946058
outer loop
vertex 38.975006103515625 -63.825008392333984 -9.949999809265137
vertex 38.86082458496094 -64.53488159179688 -10.524024963378906
vertex 38.975006103515625 -64.53492736816406 -9.949999809265137
endloop
endfacet
facet normal 0 -1 0
outer loop
vertex 25.475004196166992 -63.825008392333984 -11.449999809265137
vertex 26.80112648010254 -63.825008392333984 -8.582683563232422
vertex 26.725004196166992 -63.825008392333984 -8.199999809265137
endloop
endfacet
facet normal 0 -1 0
outer loop
vertex 25.475004196166992 -63.825008392333984 -11.449999809265137
vertex 27.017898559570312 -63.825008392333984 -8.907106399536133
vertex 26.80112648010254 -63.825008392333984 -8.582683563232422
endloop
endfacet
facet normal 0 -1 0
outer loop
vertex 27.725004196166992 -63.825008392333984 -9.199999809265137
vertex 25.475004196166992 -63.825008392333984 -11.449999809265137
vertex 35.225006103515625 -63.825008392333984 -9.199999809265137
endloop
endfacet
facet normal 0 -1 0
outer loop
vertex 25.475004196166992 -63.825008392333984 -11.449999809265137
vertex 27.342321395874023 -63.825008392333984 -9.123879432678223
vertex 27.017898559570312 -63.825008392333984 -8.907106399536133
endloop
endfacet
facet normal 0 -1 0
outer loop
vertex 27.725004196166992 -63.825008392333984 -9.199999809265137
vertex 27.342321395874023 -63.825008392333984 -9.123879432678223
vertex 25.475004196166992 -63.825008392333984 -11.449999809265137
endloop
endfacet
facet normal 0.980785013558684 0 0.1950916635294606
outer loop
vertex 23.975004196166992 -64.52986145019531 -9.949999809265137
vertex 24.08918571472168 -63.825008392333984 -10.524024963378906
vertex 23.975004196166992 -63.825008392333984 -9.949999809265137
endloop
endfacet
facet normal -0.9807850135586839 0 0.1950916635294606
outer loop
vertex 38.86082458496094 -63.825008392333984 -10.524024963378906
vertex 38.86082458496094 -64.53488159179688 -10.524024963378906
vertex 38.975006103515625 -63.825008392333984 -9.949999809265137
endloop
endfacet
facet normal -0.8314682470994302 0 0.5555722761850169
outer loop
vertex 38.86082458496094 -63.825008392333984 -10.524024963378906
vertex 38.53566360473633 -64.53477478027344 -11.010660171508789
vertex 38.86082458496094 -64.53488159179688 -10.524024963378906
endloop
endfacet
facet normal -0.8314682470994302 0 0.5555722761850169
outer loop
vertex 38.53566360473633 -63.825008392333984 -11.010660171508789
vertex 38.53566360473633 -64.53477478027344 -11.010660171508789
vertex 38.86082458496094 -63.825008392333984 -10.524024963378906
endloop
endfacet
facet normal 0 -1 0
outer loop
vertex 25.475004196166992 -63.825008392333984 -11.449999809265137
vertex 37.475006103515625 -63.825008392333984 -11.449999809265137
vertex 35.225006103515625 -63.825008392333984 -9.199999809265137
endloop
endfacet
facet normal 0.9807850135586839 0 0.1950916635294606
outer loop
vertex 23.975004196166992 -64.52986145019531 -9.949999809265137
vertex 24.08918571472168 -64.52989959716797 -10.524024963378906
vertex 24.08918571472168 -63.825008392333984 -10.524024963378906
endloop
endfacet
facet normal 0.8314697525217963 0 0.5555700231666056
outer loop
vertex 24.08918571472168 -64.52989959716797 -10.524024963378906
vertex 24.414344787597656 -63.825008392333984 -11.010660171508789
vertex 24.08918571472168 -63.825008392333984 -10.524024963378906
endloop
endfacet
facet normal 0.8314697525217962 0 0.5555700231666056
outer loop
vertex 24.08918571472168 -64.52989959716797 -10.524024963378906
vertex 24.414344787597656 -64.5300064086914 -11.010660171508789
vertex 24.414344787597656 -63.825008392333984 -11.010660171508789
endloop
endfacet
facet normal -0.5555715285918135 0 0.8314687466274098
outer loop
vertex 38.53566360473633 -63.825008392333984 -11.010660171508789
vertex 38.04903030395508 -64.53461456298828 -11.335819244384766
vertex 38.53566360473633 -64.53477478027344 -11.010660171508789
endloop
endfacet
facet normal 1 0 0
outer loop
vertex 23.975004196166992 -64.52986145019531 -4.949999809265137
vertex 23.975004196166992 -63.825008392333984 -9.949999809265137
vertex 23.975004196166992 -63.825008392333984 -4.949999809265137
endloop
endfacet
facet normal 1 0 0
outer loop
vertex 23.975004196166992 -64.52986145019531 -4.949999809265137
vertex 23.975004196166992 -64.52986145019531 -9.949999809265137
vertex 23.975004196166992 -63.825008392333984 -9.949999809265137
endloop
endfacet
facet normal -0.5555715285918135 0 0.8314687466274098
outer loop
vertex 38.04903030395508 -63.825008392333984 -11.335819244384766
vertex 38.04903030395508 -64.53461456298828 -11.335819244384766
vertex 38.53566360473633 -63.825008392333984 -11.010660171508789
endloop
endfacet
facet normal -0.19509040787318935 0 0.9807852633251952
outer loop
vertex 38.04903030395508 -63.825008392333984 -11.335819244384766
vertex 37.475006103515625 -64.53441619873047 -11.449999809265137
vertex 38.04903030395508 -64.53461456298828 -11.335819244384766
endloop
endfacet
facet normal -0.19509040787318935 0 0.9807852633251952
outer loop
vertex 37.475006103515625 -63.825008392333984 -11.449999809265137
vertex 37.475006103515625 -64.53441619873047 -11.449999809265137
vertex 38.04903030395508 -63.825008392333984 -11.335819244384766
endloop
endfacet
facet normal 0 0 1
outer loop
vertex 37.475006103515625 -63.825008392333984 -11.449999809265137
vertex 25.475004196166992 -64.53036499023438 -11.449999809265137
vertex 37.475006103515625 -64.53441619873047 -11.449999809265137
endloop
endfacet
facet normal 0.5555700231666056 0 0.8314697525217962
outer loop
vertex 24.414344787597656 -64.5300064086914 -11.010660171508789
vertex 24.90097999572754 -63.825008392333984 -11.335819244384766
vertex 24.414344787597656 -63.825008392333984 -11.010660171508789
endloop
endfacet
facet normal 0.5555700231666056 0 0.8314697525217963
outer loop
vertex 24.414344787597656 -64.5300064086914 -11.010660171508789
vertex 24.90097999572754 -64.5301742553711 -11.335819244384766
vertex 24.90097999572754 -63.825008392333984 -11.335819244384766
endloop
endfacet
facet normal 0 0 1
outer loop
vertex 25.475004196166992 -63.825008392333984 -11.449999809265137
vertex 25.475004196166992 -64.53036499023438 -11.449999809265137
vertex 37.475006103515625 -63.825008392333984 -11.449999809265137
endloop
endfacet
facet normal 0.19509040787318935 0 0.9807852633251953
outer loop
vertex 24.90097999572754 -64.5301742553711 -11.335819244384766
vertex 25.475004196166992 -63.825008392333984 -11.449999809265137
vertex 24.90097999572754 -63.825008392333984 -11.335819244384766
endloop
endfacet
facet normal 0.19509040787318935 0 0.9807852633251952
outer loop
vertex 24.90097999572754 -64.5301742553711 -11.335819244384766
vertex 25.475004196166992 -64.53036499023438 -11.449999809265137
vertex 25.475004196166992 -63.825008392333984 -11.449999809265137
endloop
endfacet
facet normal 0.8314695010489663 0 -0.5555703995223136
outer loop
vertex 24.414344787597656 -64.5300064086914 -3.8893399238586426
vertex 24.08918571472168 -63.825008392333984 -4.375974655151367
vertex 24.414344787597656 -63.825008392333984 -3.8893399238586426
endloop
endfacet
facet normal 0 -1 0
outer loop
vertex 38.53566360473633 -63.825008392333984 -11.010660171508789
vertex 38.86082458496094 -63.825008392333984 -10.524024963378906
vertex 38.53566360473633 -63.825008392333984 -3.8893399238586426
endloop
endfacet
facet normal 0.8314695010489663 0 -0.5555703995223136
outer loop
vertex 24.414344787597656 -64.5300064086914 -3.8893399238586426
vertex 24.08918571472168 -64.52989959716797 -4.375974655151367
vertex 24.08918571472168 -63.825008392333984 -4.375974655151367
endloop
endfacet
facet normal -1 0 0
outer loop
vertex 38.975006103515625 -63.825008392333984 -9.949999809265137
vertex 38.975006103515625 -64.53492736816406 -9.949999809265137
vertex 38.975006103515625 -63.825008392333984 -4.949999809265137
endloop
endfacet
facet normal 0.9807850135586839 0 -0.1950916635294606
outer loop
vertex 24.08918571472168 -64.52989959716797 -4.375974655151367
vertex 23.975004196166992 -63.825008392333984 -4.949999809265137
vertex 24.08918571472168 -63.825008392333984 -4.375974655151367
endloop
endfacet
facet normal 0 -1 0
outer loop
vertex 25.475004196166992 -63.825008392333984 -11.449999809265137
vertex 26.725004196166992 -63.825008392333984 -8.199999809265137
vertex 25.475004196166992 -63.825008392333984 -3.450000047683716
endloop
endfacet
facet normal 0 -1 0
outer loop
vertex 37.475006103515625 -63.825008392333984 -3.450000047683716
vertex 35.225006103515625 -63.825008392333984 -5.699999809265137
vertex 35.607688903808594 -63.825008392333984 -5.776120662689209
endloop
endfacet
facet normal 0 -1 0
outer loop
vertex 35.607688903808594 -63.825008392333984 -5.776120662689209
vertex 35.93211364746094 -63.825008392333984 -5.992893218994141
vertex 37.475006103515625 -63.825008392333984 -3.450000047683716
endloop
endfacet
facet normal -0.9807850135586839 0 -0.19509166352946058
outer loop
vertex 38.975006103515625 -63.825008392333984 -4.949999809265137
vertex 38.975006103515625 -64.53492736816406 -4.949999809265137
vertex 38.86082458496094 -63.825008392333984 -4.375974655151367
endloop
endfacet
facet normal 0 -1 0
outer loop
vertex 27.725004196166992 -63.825008392333984 -5.699999809265137
vertex 35.225006103515625 -63.825008392333984 -5.699999809265137
vertex 37.475006103515625 -63.825008392333984 -3.450000047683716
endloop
endfacet
facet normal 0 -1 0
outer loop
vertex 23.975004196166992 -63.825008392333984 -9.949999809265137
vertex 24.08918571472168 -63.825008392333984 -10.524024963378906
vertex 23.975004196166992 -63.825008392333984 -4.949999809265137
endloop
endfacet
facet normal 0 -1 0
outer loop
vertex 35.93211364746094 -63.825008392333984 -5.992893218994141
vertex 36.14888381958008 -63.825008392333984 -6.31731653213501
vertex 37.475006103515625 -63.825008392333984 -3.450000047683716
endloop
endfacet
facet normal 0 -1 0
outer loop
vertex 36.225006103515625 -63.825008392333984 -6.699999809265137
vertex 37.475006103515625 -63.825008392333984 -11.449999809265137
vertex 37.475006103515625 -63.825008392333984 -3.450000047683716
endloop
endfacet
facet normal 0 -1 0
outer loop
vertex 25.475004196166992 -63.825008392333984 -3.450000047683716
vertex 27.342321395874023 -63.825008392333984 -5.776120662689209
vertex 27.725004196166992 -63.825008392333984 -5.699999809265137
endloop
endfacet
facet normal 0 -1 0
outer loop
vertex 25.475004196166992 -63.825008392333984 -3.450000047683716
vertex 27.017898559570312 -63.825008392333984 -5.992893218994141
vertex 27.342321395874023 -63.825008392333984 -5.776120662689209
endloop
endfacet
facet normal 0.980785013558684 0 -0.1950916635294606
outer loop
vertex 24.08918571472168 -64.52989959716797 -4.375974655151367
vertex 23.975004196166992 -64.52986145019531 -4.949999809265137
vertex 23.975004196166992 -63.825008392333984 -4.949999809265137
endloop
endfacet
facet normal 0 -1 0
outer loop
vertex 25.475004196166992 -63.825008392333984 -3.450000047683716
vertex 26.80112648010254 -63.825008392333984 -6.31731653213501
vertex 27.017898559570312 -63.825008392333984 -5.992893218994141
endloop
endfacet
facet normal 0 -1 0
outer loop
vertex 36.225006103515625 -63.825008392333984 -6.699999809265137
vertex 37.475006103515625 -63.825008392333984 -3.450000047683716
vertex 36.14888381958008 -63.825008392333984 -6.31731653213501
endloop
endfacet
facet normal 0 -1 0
outer loop
vertex 38.04903030395508 -63.825008392333984 -3.564180612564087
vertex 38.53566360473633 -63.825008392333984 -11.010660171508789
vertex 38.53566360473633 -63.825008392333984 -3.8893399238586426
endloop
endfacet
facet normal 0 -1 0
outer loop
vertex 38.53566360473633 -63.825008392333984 -3.8893399238586426
vertex 38.86082458496094 -63.825008392333984 -10.524024963378906
vertex 38.86082458496094 -63.825008392333984 -4.375974655151367
endloop
endfacet
facet normal 0 -1 0
outer loop
vertex 37.475006103515625 -63.825008392333984 -3.450000047683716
vertex 38.04903030395508 -63.825008392333984 -11.335819244384766
vertex 38.04903030395508 -63.825008392333984 -3.564180612564087
endloop
endfacet
facet normal 0 -1 0
outer loop
vertex 24.414344787597656 -63.825008392333984 -3.8893399238586426
vertex 24.90097999572754 -63.825008392333984 -11.335819244384766
vertex 24.90097999572754 -63.825008392333984 -3.564180612564087
endloop
endfacet
facet normal 0 -1 0
outer loop
vertex 24.90097999572754 -63.825008392333984 -3.564180612564087
vertex 25.475004196166992 -63.825008392333984 -11.449999809265137
vertex 25.475004196166992 -63.825008392333984 -3.450000047683716
endloop
endfacet
facet normal 0 -1 0
outer loop
vertex 25.475004196166992 -63.825008392333984 -3.450000047683716
vertex 26.725004196166992 -63.825008392333984 -8.199999809265137
vertex 26.725004196166992 -63.825008392333984 -6.699999809265137
endloop
endfacet
facet normal 0 0 1
outer loop
vertex 35.225006103515625 -62.62500762939453 -9.199999809265137
vertex 27.725004196166992 -62.62500762939453 -9.199999809265137
vertex 27.725004196166992 -63.825008392333984 -9.199999809265137
endloop
endfacet
facet normal -0.980784420993769 0 0.19509464250952002
outer loop
vertex 36.225006103515625 -62.62500762939453 -8.199999809265137
vertex 36.14888381958008 -63.825008392333984 -8.582683563232422
vertex 36.225006103515625 -63.825008392333984 -8.199999809265137
endloop
endfacet
facet normal 0.5555704942502147 0 -0.831469437753771
outer loop
vertex 27.017898559570312 -63.825008392333984 -5.992893218994141
vertex 27.017898559570312 -62.62500762939453 -5.992893218994141
vertex 27.342321395874023 -63.825008392333984 -5.776120662689209
endloop
endfacet
facet normal 0.5555704942502147 0 -0.831469437753771
outer loop
vertex 27.342321395874023 -63.825008392333984 -5.776120662689209
vertex 27.017898559570312 -62.62500762939453 -5.992893218994141
vertex 27.342321395874023 -62.62500762939453 -5.776120662689209
endloop
endfacet
facet normal 0.19509158345481065 0 -0.9807850294866326
outer loop
vertex 27.342321395874023 -63.825008392333984 -5.776120662689209
vertex 27.342321395874023 -62.62500762939453 -5.776120662689209
vertex 27.725004196166992 -63.825008392333984 -5.699999809265137
endloop
endfacet
facet normal 0.19509158345481065 0 -0.9807850294866326
outer loop
vertex 27.725004196166992 -63.825008392333984 -5.699999809265137
vertex 27.342321395874023 -62.62500762939453 -5.776120662689209
vertex 27.725004196166992 -62.62500762939453 -5.699999809265137
endloop
endfacet
facet normal 0 0 -1
outer loop
vertex 27.725004196166992 -62.62500762939453 -5.699999809265137
vertex 35.225006103515625 -63.825008392333984 -5.699999809265137
vertex 27.725004196166992 -63.825008392333984 -5.699999809265137
endloop
endfacet
facet normal 0.831470379496779 0 -0.5555690848305744
outer loop
vertex 26.80112648010254 -63.825008392333984 -6.31731653213501
vertex 26.80112648010254 -62.62500762939453 -6.31731653213501
vertex 27.017898559570312 -63.825008392333984 -5.992893218994141
endloop
endfacet
facet normal -0.8314726376298004 0 -0.555565705270711
outer loop
vertex 35.93211364746094 -62.62500762939453 -5.992893218994141
vertex 36.14888381958008 -62.62500762939453 -6.31731653213501
vertex 36.14888381958008 -63.825008392333984 -6.31731653213501
endloop
endfacet
facet normal -0.8314726376298004 0 -0.555565705270711
outer loop
vertex 35.93211364746094 -62.62500762939453 -5.992893218994141
vertex 36.14888381958008 -63.825008392333984 -6.31731653213501
vertex 35.93211364746094 -63.825008392333984 -5.992893218994141
endloop
endfacet
facet normal 0.831470379496779 0 -0.5555690848305744
outer loop
vertex 27.017898559570312 -63.825008392333984 -5.992893218994141
vertex 26.80112648010254 -62.62500762939453 -6.31731653213501
vertex 27.017898559570312 -62.62500762939453 -5.992893218994141
endloop
endfacet
facet normal 0.9807843744785476 0 -0.1950948763518
outer loop
vertex 26.80112648010254 -63.825008392333984 -6.31731653213501
vertex 26.725004196166992 -62.62500762939453 -6.699999809265137
vertex 26.80112648010254 -62.62500762939453 -6.31731653213501
endloop
endfacet
facet normal -0.9807843744785476 0 -0.1950948763518
outer loop
vertex 36.225006103515625 -62.62500762939453 -6.699999809265137
vertex 36.225006103515625 -63.825008392333984 -6.699999809265137
vertex 36.14888381958008 -62.62500762939453 -6.31731653213501
endloop
endfacet
facet normal -0.5555682361196549 0 -0.8314709465849636
outer loop
vertex 35.607688903808594 -62.62500762939453 -5.776120662689209
vertex 35.93211364746094 -62.62500762939453 -5.992893218994141
vertex 35.93211364746094 -63.825008392333984 -5.992893218994141
endloop
endfacet
facet normal 0 0 -1
outer loop
vertex 35.225006103515625 -63.825008392333984 -5.699999809265137
vertex 27.725004196166992 -62.62500762939453 -5.699999809265137
vertex 35.225006103515625 -62.62500762939453 -5.699999809265137
endloop
endfacet
facet normal -0.19509158345481065 0 -0.9807850294866326
outer loop
vertex 35.225006103515625 -63.825008392333984 -5.699999809265137
vertex 35.225006103515625 -62.62500762939453 -5.699999809265137
vertex 35.607688903808594 -63.825008392333984 -5.776120662689209
endloop
endfacet
facet normal -0.5555682361196549 0 -0.8314709465849636
outer loop
vertex 35.607688903808594 -62.62500762939453 -5.776120662689209
vertex 35.93211364746094 -63.825008392333984 -5.992893218994141
vertex 35.607688903808594 -63.825008392333984 -5.776120662689209
endloop
endfacet
facet normal -0.19509158345481065 0 -0.9807850294866326
outer loop
vertex 35.607688903808594 -63.825008392333984 -5.776120662689209
vertex 35.225006103515625 -62.62500762939453 -5.699999809265137
vertex 35.607688903808594 -62.62500762939453 -5.776120662689209
endloop
endfacet
facet normal -0.8314722604247334 0 0.5555662698042281
outer loop
vertex 36.14888381958008 -62.62500762939453 -8.582683563232422
vertex 35.93211364746094 -63.825008392333984 -8.907106399536133
vertex 36.14888381958008 -63.825008392333984 -8.582683563232422
endloop
endfacet
facet normal -0.9807843744785476 0 -0.1950948763518
outer loop
vertex 36.14888381958008 -62.62500762939453 -6.31731653213501
vertex 36.225006103515625 -63.825008392333984 -6.699999809265137
vertex 36.14888381958008 -63.825008392333984 -6.31731653213501
endloop
endfacet
facet normal -0.8314722604247334 0 0.5555662698042281
outer loop
vertex 35.93211364746094 -62.62500762939453 -8.907106399536133
vertex 35.93211364746094 -63.825008392333984 -8.907106399536133
vertex 36.14888381958008 -62.62500762939453 -8.582683563232422
endloop
endfacet
facet normal -0.5555690810033217 0 0.83147038205406
outer loop
vertex 35.93211364746094 -62.62500762939453 -8.907106399536133
vertex 35.607688903808594 -63.825008392333984 -9.123879432678223
vertex 35.93211364746094 -63.825008392333984 -8.907106399536133
endloop
endfacet
facet normal -0.5555690810033217 0 0.83147038205406
outer loop
vertex 35.607688903808594 -62.62500762939453 -9.123879432678223
vertex 35.607688903808594 -63.825008392333984 -9.123879432678223
vertex 35.93211364746094 -62.62500762939453 -8.907106399536133
endloop
endfacet
facet normal -0.19509040787318935 0 0.9807852633251952
outer loop
vertex 35.607688903808594 -62.62500762939453 -9.123879432678223
vertex 35.225006103515625 -63.825008392333984 -9.199999809265137
vertex 35.607688903808594 -63.825008392333984 -9.123879432678223
endloop
endfacet
facet normal -1 0 0
outer loop
vertex 36.225006103515625 -62.62500762939453 -6.699999809265137
vertex 36.225006103515625 -63.825008392333984 -8.199999809265137
vertex 36.225006103515625 -63.825008392333984 -6.699999809265137
endloop
endfacet
facet normal 0.980784420993769 0 0.19509464250952002
outer loop
vertex 26.80112648010254 -63.825008392333984 -8.582683563232422
vertex 26.80112648010254 -62.62500762939453 -8.582683563232422
vertex 26.725004196166992 -63.825008392333984 -8.199999809265137
endloop
endfacet
facet normal -1 0 0
outer loop
vertex 36.225006103515625 -62.62500762939453 -8.199999809265137
vertex 36.225006103515625 -63.825008392333984 -8.199999809265137
vertex 36.225006103515625 -62.62500762939453 -6.699999809265137
endloop
endfacet
facet normal 1 0 0
outer loop
vertex 26.725004196166992 -63.825008392333984 -6.699999809265137
vertex 26.725004196166992 -62.62500762939453 -8.199999809265137
vertex 26.725004196166992 -62.62500762939453 -6.699999809265137
endloop
endfacet
facet normal 1 0 0
outer loop
vertex 26.725004196166992 -63.825008392333984 -8.199999809265137
vertex 26.725004196166992 -62.62500762939453 -8.199999809265137
vertex 26.725004196166992 -63.825008392333984 -6.699999809265137
endloop
endfacet
facet normal -0.19509040787318935 0 0.9807852633251952
outer loop
vertex 35.225006103515625 -62.62500762939453 -9.199999809265137
vertex 35.225006103515625 -63.825008392333984 -9.199999809265137
vertex 35.607688903808594 -62.62500762939453 -9.123879432678223
endloop
endfacet
facet normal 0 0 1
outer loop
vertex 35.225006103515625 -62.62500762939453 -9.199999809265137
vertex 27.725004196166992 -63.825008392333984 -9.199999809265137
vertex 35.225006103515625 -63.825008392333984 -9.199999809265137
endloop
endfacet
facet normal 0.8314700022881474 0 0.5555696493644593
outer loop
vertex 26.80112648010254 -63.825008392333984 -8.582683563232422
vertex 27.017898559570312 -62.62500762939453 -8.907106399536133
vertex 26.80112648010254 -62.62500762939453 -8.582683563232422
endloop
endfacet
facet normal 0.8314700022881474 0 0.5555696493644593
outer loop
vertex 26.80112648010254 -63.825008392333984 -8.582683563232422
vertex 27.017898559570312 -63.825008392333984 -8.907106399536133
vertex 27.017898559570312 -62.62500762939453 -8.907106399536133
endloop
endfacet
facet normal 0.5555713391342493 0 0.8314688732193027
outer loop
vertex 27.017898559570312 -63.825008392333984 -8.907106399536133
vertex 27.342321395874023 -62.62500762939453 -9.123879432678223
vertex 27.017898559570312 -62.62500762939453 -8.907106399536133
endloop
endfacet
facet normal 0.9807843744785476 0 -0.1950948763518
outer loop
vertex 26.725004196166992 -63.825008392333984 -6.699999809265137
vertex 26.725004196166992 -62.62500762939453 -6.699999809265137
vertex 26.80112648010254 -63.825008392333984 -6.31731653213501
endloop
endfacet
facet normal 0.5555713391342493 0 0.8314688732193027
outer loop
vertex 27.017898559570312 -63.825008392333984 -8.907106399536133
vertex 27.342321395874023 -63.825008392333984 -9.123879432678223
vertex 27.342321395874023 -62.62500762939453 -9.123879432678223
endloop
endfacet
facet normal 0.19509040787318935 0 0.9807852633251952
outer loop
vertex 27.342321395874023 -63.825008392333984 -9.123879432678223
vertex 27.725004196166992 -62.62500762939453 -9.199999809265137
vertex 27.342321395874023 -62.62500762939453 -9.123879432678223
endloop
endfacet
facet normal 0.980784420993769 0 0.19509464250952002
outer loop
vertex 26.725004196166992 -63.825008392333984 -8.199999809265137
vertex 26.80112648010254 -62.62500762939453 -8.582683563232422
vertex 26.725004196166992 -62.62500762939453 -8.199999809265137
endloop
endfacet
facet normal -0.980784420993769 0 0.19509464250952002
outer loop
vertex 36.14888381958008 -62.62500762939453 -8.582683563232422
vertex 36.14888381958008 -63.825008392333984 -8.582683563232422
vertex 36.225006103515625 -62.62500762939453 -8.199999809265137
endloop
endfacet
facet normal 0.19509040787318935 0 0.9807852633251952
outer loop
vertex 27.342321395874023 -63.825008392333984 -9.123879432678223
vertex 27.725004196166992 -63.825008392333984 -9.199999809265137
vertex 27.725004196166992 -62.62500762939453 -9.199999809265137
endloop
endfacet
facet normal -0.008179325396659162 -0.09348809772340452 0.9955867989382517
outer loop
vertex 148.16574096679688 -63.84040451049805 -0.26862257719039917
vertex 148.07046508789062 -64.38079833984375 -0.32014966011047363
vertex 148.78285217285156 -63.83504104614258 -0.26304900646209717
endloop
endfacet
facet normal 0.04492956153403793 -0.0963522860691563 0.9943327267417111
outer loop
vertex 151.79978942871094 -63.893157958984375 -0.32014966011047363
vertex 151.6466064453125 -64.84125518798828 -0.4050999879837036
vertex 152.7846221923828 -64.31059265136719 -0.4050999879837036
endloop
endfacet
facet normal 0.04492971590794422 -0.0963519275136768 0.9943327545106974
outer loop
vertex 152.7846221923828 -64.31059265136719 -0.4050999879837036
vertex 152.56591796875 -63.93177795410156 -0.3585101068019867
vertex 151.79978942871094 -63.893157958984375 -0.32014966011047363
endloop
endfacet
facet normal 0.06812096838607894 -0.09728590016122106 0.9929224477752346
outer loop
vertex 153.25875854492188 -63.97860336303711 -0.4050999879837036
vertex 153.68284606933594 -64.65022277832031 -0.5
vertex 153.68284606933594 -64.01101684570312 -0.43737101554870605
endloop
endfacet
facet normal -0.044928995390985854 -0.09635182298787584 -0.9943327971962255
outer loop
vertex 146.71908569335938 -64.84125518798828 -1.5949000120162964
vertex 146.1397247314453 -64.57109832763672 -1.5949000120162964
vertex 146.8173370361328 -64.57132720947266 -1.6254957914352417
endloop
endfacet
facet normal -0.0275159619479836 -0.10269000528160499 -0.9943327585136381
outer loop
vertex 146.71908569335938 -64.84125518798828 -1.5949000120162964
vertex 146.8173370361328 -64.57132720947266 -1.6254957914352417
vertex 148.0367889404297 -64.57173919677734 -1.6591988801956177
endloop
endfacet
facet normal -0.02751586159106063 -0.10269048478947515 -0.9943327117693574
outer loop
vertex 146.71908569335938 -64.84125518798828 -1.5949000120162964
vertex 148.0367889404297 -64.57173919677734 -1.6591988801956177
vertex 147.9319610595703 -65.16624450683594 -1.5949000120162964
endloop
endfacet
facet normal -0.009265809314189893 -0.10590847828163269 -0.9943327104173039
outer loop
vertex 148.0367889404297 -64.57173919677734 -1.6591988801956177
vertex 148.78285217285156 -64.57199096679688 -1.6661243438720703
vertex 147.9319610595703 -65.16624450683594 -1.5949000120162964
endloop
endfacet
facet normal -0.009266270079166894 -0.10590782633627027 -0.9943327755633655
outer loop
vertex 147.9319610595703 -65.16624450683594 -1.5949000120162964
vertex 148.78285217285156 -64.57199096679688 -1.6661243438720703
vertex 148.78285217285156 -65.24069213867188 -1.5949000120162964
endloop
endfacet
facet normal 0.00926621770323134 -0.10590722771120976 -0.9943328398117013
outer loop
vertex 149.5828399658203 -65.24069213867188 -1.5949000120162964
vertex 149.5828399658203 -64.57225799560547 -1.666095495223999
vertex 150.43373107910156 -65.16624450683594 -1.5949000120162964
endloop
endfacet
facet normal 0.009265708012669379 -0.10590794920595606 -0.9943327677141153
outer loop
vertex 149.5828399658203 -64.57225799560547 -1.666095495223999
vertex 150.32904052734375 -64.572509765625 -1.659115195274353
vertex 150.43373107910156 -65.16624450683594 -1.5949000120162964
endloop
endfacet
facet normal 0.02751566069863254 -0.10269001765974109 -0.994332765571647
outer loop
vertex 150.43373107910156 -65.16624450683594 -1.5949000120162964
vertex 150.32904052734375 -64.572509765625 -1.659115195274353
vertex 151.5489501953125 -64.57292175292969 -1.625314712524414
endloop
endfacet
facet normal 0.027515812334704823 -0.10269030096244723 -0.9943327321172742
outer loop
vertex 151.5489501953125 -64.57292175292969 -1.625314712524414
vertex 151.6466064453125 -64.84125518798828 -1.5949000120162964
vertex 150.43373107910156 -65.16624450683594 -1.5949000120162964
endloop
endfacet
facet normal 0.04493003805833932 -0.096352627075964 -0.994332672165426
outer loop
vertex 151.6466064453125 -64.84125518798828 -1.5949000120162964
vertex 151.5489501953125 -64.57292175292969 -1.625314712524414
vertex 152.2215576171875 -64.57315063476562 -1.5949000120162964
endloop
endfacet
facet normal -0.05019190847416811 -0.10763651718380038 -0.9929225309621401
outer loop
vertex 146.1397247314453 -64.57109832763672 -1.5949000120162964
vertex 146.44668579101562 -65.58966827392578 -1.5
vertex 145.18284606933594 -65.00032806396484 -1.5
endloop
endfacet
facet normal -0.06812053251619628 -0.0972857813197376 -0.9929224893226651
outer loop
vertex 145.43080139160156 -64.57086181640625 -1.5590900182724
vertex 145.18284606933594 -65.00032806396484 -1.5
vertex 144.68284606933594 -64.65022277832031 -1.5
endloop
endfacet
facet normal -0.06811977311212858 -0.09729248799960723 -0.9929218842839543
outer loop
vertex 144.68284606933594 -64.57061004638672 -1.5078009366989136
vertex 145.43080139160156 -64.57086181640625 -1.5590900182724
vertex 144.68284606933594 -64.65022277832031 -1.5
endloop
endfacet
facet normal -0.050191611754919506 -0.10763716641361434 -0.9929224755820021
outer loop
vertex 145.43080139160156 -64.57086181640625 -1.5590900182724
vertex 146.1397247314453 -64.57109832763672 -1.5949000120162964
vertex 145.18284606933594 -65.00032806396484 -1.5
endloop
endfacet
facet normal -0.05019093084645229 -0.10763623006545874 -0.9929226115050771
outer loop
vertex 146.1397247314453 -64.57109832763672 -1.5949000120162964
vertex 146.71908569335938 -64.84125518798828 -1.5949000120162964
vertex 146.44668579101562 -65.58966827392578 -1.5
endloop
endfacet
facet normal -0.030738516969597902 -0.11471632466617013 -0.9929226094865579
outer loop
vertex 146.44668579101562 -65.58966827392578 -1.5
vertex 146.71908569335938 -64.84125518798828 -1.5949000120162964
vertex 147.7936553955078 -65.95059204101562 -1.5
endloop
endfacet
facet normal -0.030738062634503144 -0.11471589006872557 -0.9929226737622712
outer loop
vertex 147.7936553955078 -65.95059204101562 -1.5
vertex 146.71908569335938 -64.84125518798828 -1.5949000120162964
vertex 147.9319610595703 -65.16624450683594 -1.5949000120162964
endloop
endfacet
facet normal -0.010350467899542089 -0.11831087595724492 -0.9929226578361933
outer loop
vertex 147.7936553955078 -65.95059204101562 -1.5
vertex 147.9319610595703 -65.16624450683594 -1.5949000120162964
vertex 148.78285217285156 -66.0371322631836 -1.5
endloop
endfacet
facet normal -0.010351550311359363 -0.11831191874618642 -0.99292252229907
outer loop
vertex 148.78285217285156 -66.0371322631836 -1.5
vertex 147.9319610595703 -65.16624450683594 -1.5949000120162964
vertex 148.78285217285156 -65.24069213867188 -1.5949000120162964
endloop
endfacet
facet normal 0.01035055923448784 -0.1183119199600419 -0.992922532486247
outer loop
vertex 149.5828399658203 -65.24069213867188 -1.5949000120162964
vertex 150.57203674316406 -65.95059204101562 -1.5
vertex 149.5828399658203 -66.0371322631836 -1.5
endloop
endfacet
facet normal 0.010351444120622385 -0.11831070505070439 -0.9929226680235591
outer loop
vertex 150.57203674316406 -65.95059204101562 -1.5
vertex 149.5828399658203 -65.24069213867188 -1.5949000120162964
vertex 150.43373107910156 -65.16624450683594 -1.5949000120162964
endloop
endfacet
facet normal 0.03073838516966136 -0.11471583278803799 -0.9929226703952873
outer loop
vertex 150.57203674316406 -65.95059204101562 -1.5
vertex 150.43373107910156 -65.16624450683594 -1.5949000120162964
vertex 151.91900634765625 -65.58966827392578 -1.5
endloop
endfacet
facet normal 0.030738209004710124 -0.11471643632919659 -0.9929226061194862
outer loop
vertex 151.91900634765625 -65.58966827392578 -1.5
vertex 150.43373107910156 -65.16624450683594 -1.5949000120162964
vertex 151.6466064453125 -64.84125518798828 -1.5949000120162964
endloop
endfacet
facet normal -0.42261948047228126 -0.9063072187317825 0
outer loop
vertex 145.18284606933594 -65.00032806396484 -1.5
vertex 146.44668579101562 -65.58966827392578 -1.5
vertex 146.44668579101562 -65.58966827392578 -0.5
endloop
endfacet
facet normal -1 0 0
outer loop
vertex 144.68284606933594 -64.57061004638672 -1.5078009366989136
vertex 144.68284606933594 -64.65022277832031 -1.5
vertex 144.68284606933594 -64.65022277832031 -0.5
endloop
endfacet
facet normal -0.5735781035076711 -0.8191508769308272 0
outer loop
vertex 145.18284606933594 -65.00032806396484 -1.5
vertex 145.18284606933594 -65.00032806396484 -0.5
vertex 144.68284606933594 -64.65022277832031 -1.5
endloop
endfacet
facet normal -1 0 0
outer loop
vertex 144.68284606933594 -64.57061004638672 -1
vertex 144.68284606933594 -64.57061004638672 -1.5078009366989136
vertex 144.68284606933594 -64.65022277832031 -0.5
endloop
endfacet
facet normal -0.42261948047228126 -0.9063072187317825 0
outer loop
vertex 145.18284606933594 -65.00032806396484 -0.5
vertex 145.18284606933594 -65.00032806396484 -1.5
vertex 146.44668579101562 -65.58966827392578 -0.5
endloop
endfacet
facet normal -0.5735781035076711 -0.8191508769308272 0
outer loop
vertex 144.68284606933594 -64.65022277832031 -0.5
vertex 144.68284606933594 -64.65022277832031 -1.5
vertex 145.18284606933594 -65.00032806396484 -0.5
endloop
endfacet
facet normal -0.258821955123109 -0.9659250465467034 0
outer loop
vertex 146.44668579101562 -65.58966827392578 -1.5
vertex 147.7936553955078 -65.95059204101562 -1.5
vertex 147.7936553955078 -65.95059204101562 -0.5
endloop
endfacet
facet normal -0.08715246278900435 -0.9961949850455036 0
outer loop
vertex 147.7936553955078 -65.95059204101562 -1.5
vertex 148.78285217285156 -66.0371322631836 -1.5
vertex 148.78285217285156 -66.0371322631836 -0.5
endloop
endfacet
facet normal 0.08715246278900435 -0.9961949850455036 0
outer loop
vertex 150.57203674316406 -65.95059204101562 -1.5
vertex 150.57203674316406 -65.95059204101562 -0.5
vertex 149.5828399658203 -66.0371322631836 -1.5
endloop
endfacet
facet normal 0.258821955123109 -0.9659250465467034 0
outer loop
vertex 150.57203674316406 -65.95059204101562 -1.5
vertex 151.91900634765625 -65.58966827392578 -1.5
vertex 151.91900634765625 -65.58966827392578 -0.5
endloop
endfacet
facet normal -0.258821955123109 -0.9659250465467034 0
outer loop
vertex 146.44668579101562 -65.58966827392578 -0.5
vertex 146.44668579101562 -65.58966827392578 -1.5
vertex 147.7936553955078 -65.95059204101562 -0.5
endloop
endfacet
facet normal -0.08715246278900435 -0.9961949850455036 0
outer loop
vertex 147.7936553955078 -65.95059204101562 -0.5
vertex 147.7936553955078 -65.95059204101562 -1.5
vertex 148.78285217285156 -66.0371322631836 -0.5
endloop
endfacet
facet normal 0.08715246278900435 -0.9961949850455036 0
outer loop
vertex 149.5828399658203 -66.0371322631836 -1.5
vertex 150.57203674316406 -65.95059204101562 -0.5
vertex 149.5828399658203 -66.0371322631836 -0.5
endloop
endfacet
facet normal 0.258821955123109 -0.9659250465467034 0
outer loop
vertex 150.57203674316406 -65.95059204101562 -0.5
vertex 150.57203674316406 -65.95059204101562 -1.5
vertex 151.91900634765625 -65.58966827392578 -0.5
endloop
endfacet
facet normal 0.05019165176549849 -0.10763596667221456 -0.9929226036160064
outer loop
vertex 151.91900634765625 -65.58966827392578 -1.5
vertex 151.6466064453125 -64.84125518798828 -1.5949000120162964
vertex 153.18284606933594 -65.00032806396484 -1.5
endloop
endfacet
facet normal 0.05019163310701511 -0.1076361364487254 -0.9929225861548534
outer loop
vertex 153.18284606933594 -65.00032806396484 -1.5
vertex 151.6466064453125 -64.84125518798828 -1.5949000120162964
vertex 152.2215576171875 -64.57315063476562 -1.5949000120162964
endloop
endfacet
facet normal 0.050191088848570285 -0.10763733837406111 -0.9929224833731699
outer loop
vertex 153.18284606933594 -65.00032806396484 -1.5
vertex 152.2215576171875 -64.57315063476562 -1.5949000120162964
vertex 152.9363555908203 -64.57339477539062 -1.5587413311004639
endloop
endfacet
facet normal 0.06811999657287564 -0.09728606272335 -0.9929224985197483
outer loop
vertex 153.18284606933594 -65.00032806396484 -1.5
vertex 152.9363555908203 -64.57339477539062 -1.5587413311004639
vertex 153.68284606933594 -64.57364654541016 -1.5075032711029053
endloop
endfacet
facet normal 0.0681240300802956 -0.09729077633729767 -0.9929217599414895
outer loop
vertex 153.18284606933594 -65.00032806396484 -1.5
vertex 153.68284606933594 -64.57364654541016 -1.5075032711029053
vertex 153.68284606933594 -64.65022277832031 -1.5
endloop
endfacet
facet normal 1 0 0
outer loop
vertex 153.68284606933594 -64.65022277832031 -1.5
vertex 153.68284606933594 -64.57364654541016 -1.5075032711029053
vertex 153.68284606933594 -64.57364654541016 -1
endloop
endfacet
facet normal 0.42261948047228126 -0.9063072187317825 0
outer loop
vertex 151.91900634765625 -65.58966827392578 -1.5
vertex 153.18284606933594 -65.00032806396484 -1.5
vertex 153.18284606933594 -65.00032806396484 -0.5
endloop
endfacet
facet normal 0.5735781035076711 -0.8191508769308272 0
outer loop
vertex 153.18284606933594 -65.00032806396484 -1.5
vertex 153.68284606933594 -64.65022277832031 -1.5
vertex 153.68284606933594 -64.65022277832031 -0.5
endloop
endfacet
facet normal -0.03073838516966136 -0.11471583278803799 0.9929226703952873
outer loop
vertex 146.44668579101562 -65.58966827392578 -0.5
vertex 147.7936553955078 -65.95059204101562 -0.5
vertex 147.9319610595703 -65.16624450683594 -0.4050999879837036
endloop
endfacet
facet normal -0.030738209004710124 -0.11471643632919659 0.9929226061194862
outer loop
vertex 146.71908569335938 -64.84125518798828 -0.4050999879837036
vertex 146.44668579101562 -65.58966827392578 -0.5
vertex 147.9319610595703 -65.16624450683594 -0.4050999879837036
endloop
endfacet
facet normal -0.01035055923448784 -0.1183119199600419 0.992922532486247
outer loop
vertex 147.7936553955078 -65.95059204101562 -0.5
vertex 148.78285217285156 -66.0371322631836 -0.5
vertex 148.78285217285156 -65.24069213867188 -0.4050999879837036
endloop
endfacet
facet normal -0.010351444120622385 -0.11831070505070439 0.9929226680235591
outer loop
vertex 147.9319610595703 -65.16624450683594 -0.4050999879837036
vertex 147.7936553955078 -65.95059204101562 -0.5
vertex 148.78285217285156 -65.24069213867188 -0.4050999879837036
endloop
endfacet
facet normal 0.010350467899542089 -0.11831087595724492 0.9929226578361933
outer loop
vertex 149.5828399658203 -66.0371322631836 -0.5
vertex 150.57203674316406 -65.95059204101562 -0.5
vertex 150.43373107910156 -65.16624450683594 -0.4050999879837036
endloop
endfacet
facet normal 0.010351550311359363 -0.11831191874618642 0.99292252229907
outer loop
vertex 149.5828399658203 -65.24069213867188 -0.4050999879837036
vertex 149.5828399658203 -66.0371322631836 -0.5
vertex 150.43373107910156 -65.16624450683594 -0.4050999879837036
endloop
endfacet
facet normal 0.030738516969597902 -0.11471632466617013 0.9929226094865579
outer loop
vertex 150.57203674316406 -65.95059204101562 -0.5
vertex 151.91900634765625 -65.58966827392578 -0.5
vertex 151.6466064453125 -64.84125518798828 -0.4050999879837036
endloop
endfacet
facet normal 0.030738062634503144 -0.11471589006872557 0.9929226737622712
outer loop
vertex 150.43373107910156 -65.16624450683594 -0.4050999879837036
vertex 150.57203674316406 -65.95059204101562 -0.5
vertex 151.6466064453125 -64.84125518798828 -0.4050999879837036
endloop
endfacet
facet normal -0.06097865345534783 -0.08708555858080466 0.9943327960544406
outer loop
vertex 145.80128479003906 -63.929176330566406 -0.3581898808479309
vertex 145.10301208496094 -63.97584915161133 -0.4050999879837036
vertex 145.58106994628906 -64.31059265136719 -0.4050999879837036
endloop
endfacet
facet normal 1 0 0
outer loop
vertex 153.68284606933594 -64.65022277832031 -0.5
vertex 153.68284606933594 -64.65022277832031 -1.5
vertex 153.68284606933594 -64.57364654541016 -1
endloop
endfacet
facet normal 0.42261948047228126 -0.9063072187317825 0
outer loop
vertex 151.91900634765625 -65.58966827392578 -0.5
vertex 151.91900634765625 -65.58966827392578 -1.5
vertex 153.18284606933594 -65.00032806396484 -0.5
endloop
endfacet
facet normal 0.5735781035076711 -0.8191508769308272 0
outer loop
vertex 153.18284606933594 -65.00032806396484 -0.5
vertex 153.18284606933594 -65.00032806396484 -1.5
vertex 153.68284606933594 -64.65022277832031 -0.5
endloop
endfacet
facet normal -1 0 0
outer loop
vertex 144.68284606933594 -64.00765228271484 -0.4370410144329071
vertex 144.68284606933594 -64.57061004638672 -1
vertex 144.68284606933594 -64.65022277832031 -0.5
endloop
endfacet
facet normal -0.044929703836725246 -0.09635159241283205 0.9943327875277249
outer loop
vertex 146.56211853027344 -63.89139175415039 -0.32014966011047363
vertex 145.80128479003906 -63.929176330566406 -0.3581898808479309
vertex 145.58106994628906 -64.31059265136719 -0.4050999879837036
endloop
endfacet
facet normal -0.04492965978741411 -0.09635249677536142 0.9943327018843046
outer loop
vertex 145.58106994628906 -64.31059265136719 -0.4050999879837036
vertex 146.71908569335938 -64.84125518798828 -0.4050999879837036
vertex 146.9918670654297 -64.09178924560547 -0.32014966011047363
endloop
endfacet
facet normal -0.04492986424942408 -0.09635122279106692 0.9943328160958956
outer loop
vertex 146.56211853027344 -63.89139175415039 -0.32014966011047363
vertex 145.58106994628906 -64.31059265136719 -0.4050999879837036
vertex 146.9918670654297 -64.09178924560547 -0.32014966011047363
endloop
endfacet
facet normal -0.02751585661262372 -0.10269046620971531 0.9943327138259632
outer loop
vertex 146.71908569335938 -64.84125518798828 -0.4050999879837036
vertex 147.9319610595703 -65.16624450683594 -0.4050999879837036
vertex 148.07046508789062 -64.38079833984375 -0.32014966011047363
endloop
endfacet
facet normal -0.05019165176549849 -0.10763596667221456 0.9929226036160064
outer loop
vertex 145.18284606933594 -65.00032806396484 -0.5
vertex 146.44668579101562 -65.58966827392578 -0.5
vertex 146.71908569335938 -64.84125518798828 -0.4050999879837036
endloop
endfacet
facet normal -0.06812030807062844 -0.09728546077963576 0.9929225361271928
outer loop
vertex 144.68284606933594 -64.65022277832031 -0.5
vertex 145.18284606933594 -65.00032806396484 -0.5
vertex 145.58106994628906 -64.31059265136719 -0.4050999879837036
endloop
endfacet
facet normal -0.06811820072358457 -0.09728644418738597 0.9929225843476198
outer loop
vertex 145.10301208496094 -63.97584915161133 -0.4050999879837036
vertex 144.68284606933594 -64.00765228271484 -0.4370410144329071
vertex 144.68284606933594 -64.65022277832031 -0.5
endloop
endfacet
facet normal -0.02751582006018486 -0.10269057166359322 0.9943327039466318
outer loop
vertex 146.9918670654297 -64.09178924560547 -0.32014966011047363
vertex 146.71908569335938 -64.84125518798828 -0.4050999879837036
vertex 148.07046508789062 -64.38079833984375 -0.32014966011047363
endloop
endfacet
facet normal -0.024289289883251325 -0.09064898149348678 0.9955866574794787
outer loop
vertex 146.9918670654297 -64.09178924560547 -0.32014966011047363
vertex 148.07046508789062 -64.38079833984375 -0.32014966011047363
vertex 147.0728302001953 -63.86933517456055 -0.29791978001594543
endloop
endfacet
facet normal -0.024288720677394147 -0.09064787620611206 0.9955867720029112
outer loop
vertex 147.0728302001953 -63.86933517456055 -0.29791978001594543
vertex 148.07046508789062 -64.38079833984375 -0.32014966011047363
vertex 148.16574096679688 -63.84040451049805 -0.26862257719039917
endloop
endfacet
facet normal -0.009266277350550132 -0.10590790944375436 0.9943327666437007
outer loop
vertex 147.9319610595703 -65.16624450683594 -0.4050999879837036
vertex 148.78285217285156 -65.24069213867188 -0.4050999879837036
vertex 148.78285217285156 -64.44312286376953 -0.32014966011047363
endloop
endfacet
facet normal -0.009265619580046784 -0.10590867458284837 0.9943326912768693
outer loop
vertex 148.07046508789062 -64.38079833984375 -0.32014966011047363
vertex 147.9319610595703 -65.16624450683594 -0.4050999879837036
vertex 148.78285217285156 -64.44312286376953 -0.32014966011047363
endloop
endfacet
facet normal -0.008179016957414964 -0.09348849668033601 0.9955867640090748
outer loop
vertex 148.07046508789062 -64.38079833984375 -0.32014966011047363
vertex 148.78285217285156 -64.44312286376953 -0.32014966011047363
vertex 148.78285217285156 -63.83504104614258 -0.26304900646209717
endloop
endfacet
facet normal 0.009265354262835545 -0.10590791034967952 0.9943327751491189
outer loop
vertex 149.5828399658203 -64.44312286376953 -0.32014966011047363
vertex 149.5828399658203 -65.24069213867188 -0.4050999879837036
vertex 150.2952423095703 -64.38079833984375 -0.32014966011047363
endloop
endfacet
facet normal 0.009266348681976363 -0.10590872471853452 0.9943326791424476
outer loop
vertex 150.2952423095703 -64.38079833984375 -0.32014966011047363
vertex 149.5828399658203 -65.24069213867188 -0.4050999879837036
vertex 150.43373107910156 -65.16624450683594 -0.4050999879837036
endloop
endfacet
facet normal 0.008178798446609004 -0.0934880014384334 0.9955868123087093
outer loop
vertex 149.5828399658203 -64.44312286376953 -0.32014966011047363
vertex 150.2952423095703 -64.38079833984375 -0.32014966011047363
vertex 150.20008850097656 -63.841163635253906 -0.2686949670314789
endloop
endfacet
facet normal 0.027515879126116617 -0.10269055023112574 0.9943327045255755
outer loop
vertex 150.43373107910156 -65.16624450683594 -0.4050999879837036
vertex 151.6466064453125 -64.84125518798828 -0.4050999879837036
vertex 151.3738250732422 -64.09178924560547 -0.32014966011047363
endloop
endfacet
facet normal 0.027516301579980425 -0.10269091594638453 0.9943326550654222
outer loop
vertex 150.2952423095703 -64.38079833984375 -0.32014966011047363
vertex 150.43373107910156 -65.16624450683594 -0.4050999879837036
vertex 151.3738250732422 -64.09178924560547 -0.32014966011047363
endloop
endfacet
facet normal 0.04493003458811925 -0.09635235994330224 0.9943326982078315
outer loop
vertex 151.3738250732422 -64.09178924560547 -0.32014966011047363
vertex 151.6466064453125 -64.84125518798828 -0.4050999879837036
vertex 151.79978942871094 -63.893157958984375 -0.32014966011047363
endloop
endfacet
facet normal 0.024289171987206 -0.0906472591054958 0.9955868171791131
outer loop
vertex 150.20008850097656 -63.841163635253906 -0.2686949670314789
vertex 150.2952423095703 -64.38079833984375 -0.32014966011047363
vertex 151.3738250732422 -64.09178924560547 -0.32014966011047363
endloop
endfacet
facet normal 0.008179215346324605 -0.09348842523266693 0.9955867690883776
outer loop
vertex 149.5828399658203 -63.8353385925293 -0.2630769908428192
vertex 149.5828399658203 -64.44312286376953 -0.32014966011047363
vertex 150.20008850097656 -63.841163635253906 -0.2686949670314789
endloop
endfacet
facet normal -0.0396618499882648 -0.08505406834328821 0.9955866326512042
outer loop
vertex 147.0728302001953 -63.86933517456055 -0.29791978001594543
vertex 146.56211853027344 -63.89139175415039 -0.32014966011047363
vertex 146.9918670654297 -64.09178924560547 -0.32014966011047363
endloop
endfacet
facet normal 0.0242890446305325 -0.09064784522727133 0.9955867669201859
outer loop
vertex 150.20008850097656 -63.841163635253906 -0.2686949670314789
vertex 151.3738250732422 -64.09178924560547 -0.32014966011047363
vertex 151.29342651367188 -63.87091827392578 -0.2980779707431793
endloop
endfacet
facet normal 0.03966077085480264 -0.0850524355047183 0.9955868151346312
outer loop
vertex 151.29342651367188 -63.87091827392578 -0.2980779707431793
vertex 151.3738250732422 -64.09178924560547 -0.32014966011047363
vertex 151.79978942871094 -63.893157958984375 -0.32014966011047363
endloop
endfacet
facet normal -0.0681204765887073 -0.09728502382989139 0.9929225673776102
outer loop
vertex 145.10301208496094 -63.97584915161133 -0.4050999879837036
vertex 144.68284606933594 -64.65022277832031 -0.5
vertex 145.58106994628906 -64.31059265136719 -0.4050999879837036
endloop
endfacet
facet normal 1 0 0
outer loop
vertex 153.68284606933594 -64.65022277832031 -0.5
vertex 153.68284606933594 -64.57364654541016 -1
vertex 153.68284606933594 -64.01101684570312 -0.43737101554870605
endloop
endfacet
facet normal 0.05019192220417751 -0.10763654662779717 0.9929225270762527
outer loop
vertex 151.91900634765625 -65.58966827392578 -0.5
vertex 153.18284606933594 -65.00032806396484 -0.5
vertex 152.7846221923828 -64.31059265136719 -0.4050999879837036
endloop
endfacet
facet normal 0.05019126511808305 -0.10763610793679108 0.9929226078471907
outer loop
vertex 151.6466064453125 -64.84125518798828 -0.4050999879837036
vertex 151.91900634765625 -65.58966827392578 -0.5
vertex 152.7846221923828 -64.31059265136719 -0.4050999879837036
endloop
endfacet
facet normal 0.06811943239165444 -0.09728596779031717 0.9929225465270392
outer loop
vertex 152.7846221923828 -64.31059265136719 -0.4050999879837036
vertex 153.18284606933594 -65.00032806396484 -0.5
vertex 153.25875854492188 -63.97860336303711 -0.4050999879837036
endloop
endfacet
facet normal 0.06812072396125565 -0.09728605473043322 0.9929224493997412
outer loop
vertex 153.25875854492188 -63.97860336303711 -0.4050999879837036
vertex 153.18284606933594 -65.00032806396484 -0.5
vertex 153.68284606933594 -64.65022277832031 -0.5
endloop
endfacet
facet normal 0.06097791629315001 -0.08708668572439303 0.994332742543504
outer loop
vertex 152.56591796875 -63.93177795410156 -0.3585101068019867
vertex 152.7846221923828 -64.31059265136719 -0.4050999879837036
vertex 153.25875854492188 -63.97860336303711 -0.4050999879837036
endloop
endfacet
facet normal -0.050191565455899055 -0.1076367520168617 0.9929225228447318
outer loop
vertex 145.58106994628906 -64.31059265136719 -0.4050999879837036
vertex 145.18284606933594 -65.00032806396484 -0.5
vertex 146.71908569335938 -64.84125518798828 -0.4050999879837036
endloop
endfacet
facet normal 0.030738621262502725 -0.11471703877239071 -0.9929225237540813
outer loop
vertex 58.5720329284668 -65.9195327758789 -1.5
vertex 58.43373107910156 -65.13519287109375 -1.5949000120162964
vertex 59.91900634765625 -65.55860900878906 -1.5
endloop
endfacet
facet normal 0.060978744196152505 -0.08708646676555855 0.9943327109486801
outer loop
vertex 60.78462600708008 -64.27953338623047 -0.4050999879837036
vertex 61.25875473022461 -63.94754409790039 -0.4050999879837036
vertex 60.56591796875 -63.90072250366211 -0.3585101068019867
endloop
endfacet
facet normal -0.027515671895115033 -0.10268977683531745 0.9943327901329982
outer loop
vertex 54.719085693359375 -64.8102035522461 -0.4050999879837036
vertex 55.93196105957031 -65.13519287109375 -0.4050999879837036
vertex 56.070457458496094 -64.34973907470703 -0.32014966011047363
endloop
endfacet
facet normal -0.044929696484976044 -0.09635151319713955 0.9943327955359761
outer loop
vertex 54.99186706542969 -64.06072998046875 -0.32014966011047363
vertex 53.5810661315918 -64.27953338623047 -0.4050999879837036
vertex 54.719085693359375 -64.8102035522461 -0.4050999879837036
endloop
endfacet
facet normal -0.02751574511645344 -0.10268956559616621 0.9943328099224912
outer loop
vertex 54.99186706542969 -64.06072998046875 -0.32014966011047363
vertex 54.719085693359375 -64.8102035522461 -0.4050999879837036
vertex 56.070457458496094 -64.34973907470703 -0.32014966011047363
endloop
endfacet
facet normal -0.024289345665706584 -0.09064854847543456 0.9955866955451085
outer loop
vertex 54.99186706542969 -64.06072998046875 -0.32014966011047363
vertex 56.070457458496094 -64.34973907470703 -0.32014966011047363
vertex 55.07283401489258 -63.83827590942383 -0.29791978001594543
endloop
endfacet
facet normal -0.039660334296890885 -0.08505394695079443 0.9955867034023457
outer loop
vertex 55.07283401489258 -63.83827590942383 -0.29791978001594543
vertex 54.562110900878906 -63.86033630371094 -0.32014966011047363
vertex 54.99186706542969 -64.06072998046875 -0.32014966011047363
endloop
endfacet
facet normal -0.009265539615381955 -0.1059077605639215 0.9943327893758563
outer loop
vertex 56.070457458496094 -64.34973907470703 -0.32014966011047363
vertex 55.93196105957031 -65.13519287109375 -0.4050999879837036
vertex 56.78284454345703 -64.41206359863281 -0.32014966011047363
endloop
endfacet
facet normal -0.009265410893681122 -0.10590791029410418 0.9943327746273413
outer loop
vertex 56.78284454345703 -64.41206359863281 -0.32014966011047363
vertex 55.93196105957031 -65.13519287109375 -0.4050999879837036
vertex 56.78284454345703 -65.20963287353516 -0.4050999879837036
endloop
endfacet
facet normal -0.024289034880710967 -0.09064794499817531 0.9955867580739367
outer loop
vertex 56.16574478149414 -63.809349060058594 -0.26862257719039917
vertex 55.07283401489258 -63.83827590942383 -0.29791978001594543
vertex 56.070457458496094 -64.34973907470703 -0.32014966011047363
endloop
endfacet
facet normal -0.008179067815509625 -0.09348907800286396 0.9955867090032107
outer loop
vertex 56.070457458496094 -64.34973907470703 -0.32014966011047363
vertex 56.78284454345703 -64.41206359863281 -0.32014966011047363
vertex 56.78284454345703 -63.803985595703125 -0.26304900646209717
endloop
endfacet
facet normal 0.009265399936777554 -0.10590778505165421 0.9943327880691977
outer loop
vertex 57.582847595214844 -65.20963287353516 -0.4050999879837036
vertex 58.43373107910156 -65.13519287109375 -0.4050999879837036
vertex 58.29523468017578 -64.34973907470703 -0.32014966011047363
endloop
endfacet
facet normal -0.0275155282210252 -0.10268924063688195 -0.994332849484587
outer loop
vertex 54.719085693359375 -64.8102035522461 -1.5949000120162964
vertex 56.03678894042969 -64.54067993164062 -1.6591988801956177
vertex 55.93196105957031 -65.13519287109375 -1.5949000120162964
endloop
endfacet
facet normal -0.027515795057883045 -0.10268796571849124 -0.9943329737662985
outer loop
vertex 56.03678894042969 -64.54067993164062 -1.6591988801956177
vertex 54.719085693359375 -64.8102035522461 -1.5949000120162964
vertex 54.81732940673828 -64.54026794433594 -1.6254957914352417
endloop
endfacet
facet normal -0.044930012374338184 -0.09635001411059045 -0.9943329265235717
outer loop
vertex 54.81732940673828 -64.54026794433594 -1.6254957914352417
vertex 54.719085693359375 -64.8102035522461 -1.5949000120162964
vertex 54.139732360839844 -64.5400390625 -1.5949000120162964
endloop
endfacet
facet normal 0.00926555270263327 -0.10590791015493684 0.9943327733207472
outer loop
vertex 57.582847595214844 -64.41206359863281 -0.32014966011047363
vertex 57.582847595214844 -65.20963287353516 -0.4050999879837036
vertex 58.29523468017578 -64.34973907470703 -0.32014966011047363
endloop
endfacet
facet normal -0.009265904946912032 -0.10590711786890704 -0.9943328544256275
outer loop
vertex 56.03678894042969 -64.54067993164062 -1.6591988801956177
vertex 56.78284454345703 -64.54093170166016 -1.6661243438720703
vertex 55.93196105957031 -65.13519287109375 -1.5949000120162964
endloop
endfacet
facet normal -0.009265403622977689 -0.10590782718661809 -0.9943327835469937
outer loop
vertex 55.93196105957031 -65.13519287109375 -1.5949000120162964
vertex 56.78284454345703 -64.54093170166016 -1.6661243438720703
vertex 56.78284454345703 -65.20963287353516 -1.5949000120162964
endloop
endfacet
facet normal 0.009265455811025888 -0.10590842372002503 -0.9943327195228736
outer loop
vertex 57.582847595214844 -65.20963287353516 -1.5949000120162964
vertex 57.582847595214844 -64.54120635986328 -1.666095495223999
vertex 58.43373107910156 -65.13519287109375 -1.5949000120162964
endloop
endfacet
facet normal 0.00926580276311262 -0.10590793259490136 -0.9943327686004465
outer loop
vertex 58.43373107910156 -65.13519287109375 -1.5949000120162964
vertex 57.582847595214844 -64.54120635986328 -1.666095495223999
vertex 58.32904052734375 -64.54145812988281 -1.659115195274353
endloop
endfacet
facet normal 0.027515832750136842 -0.10268998714854534 -0.9943327639615915
outer loop
vertex 58.43373107910156 -65.13519287109375 -1.5949000120162964
vertex 58.32904052734375 -64.54145812988281 -1.659115195274353
vertex 59.54894256591797 -64.5418701171875 -1.625314712524414
endloop
endfacet
facet normal 0.027515623492101255 -0.10268959619300197 -0.9943328101282584
outer loop
vertex 59.54894256591797 -64.5418701171875 -1.625314712524414
vertex 59.6466064453125 -64.8102035522461 -1.5949000120162964
vertex 58.43373107910156 -65.13519287109375 -1.5949000120162964
endloop
endfacet
facet normal 0.04492953454964626 -0.09635154729977355 -0.9943327995485676
outer loop
vertex 59.6466064453125 -64.8102035522461 -1.5949000120162964
vertex 59.54894256591797 -64.5418701171875 -1.625314712524414
vertex 60.2215576171875 -64.54209899902344 -1.5949000120162964
endloop
endfacet
facet normal 0.008179032356160975 -0.09348867269239501 0.995586747354509
outer loop
vertex 57.582847595214844 -64.41206359863281 -0.32014966011047363
vertex 58.29523468017578 -64.34973907470703 -0.32014966011047363
vertex 58.2000846862793 -63.81010818481445 -0.2686949670314789
endloop
endfacet
facet normal -0.008179472715743383 -0.09348855427292857 0.9955867548566775
outer loop
vertex 56.78284454345703 -63.803985595703125 -0.26304900646209717
vertex 56.16574478149414 -63.809349060058594 -0.26862257719039917
vertex 56.070457458496094 -64.34973907470703 -0.32014966011047363
endloop
endfacet
facet normal 0.008179360999789914 -0.0934890067668773 0.9955867132838696
outer loop
vertex 57.582847595214844 -63.804283142089844 -0.2630769908428192
vertex 57.582847595214844 -64.41206359863281 -0.32014966011047363
vertex 58.2000846862793 -63.81010818481445 -0.2686949670314789
endloop
endfacet
facet normal 0.027515795829043507 -0.10268975485703564 0.9943327889732373
outer loop
vertex 58.29523468017578 -64.34973907470703 -0.32014966011047363
vertex 58.43373107910156 -65.13519287109375 -0.4050999879837036
vertex 59.37382507324219 -64.06072998046875 -0.32014966011047363
endloop
endfacet
facet normal 0.027515626797415406 -0.10268960852858926 0.994332808762836
outer loop
vertex 59.37382507324219 -64.06072998046875 -0.32014966011047363
vertex 58.43373107910156 -65.13519287109375 -0.4050999879837036
vertex 59.6466064453125 -64.8102035522461 -0.4050999879837036
endloop
endfacet
facet normal -0.044929350889696046 -0.09635366657525656 0.9943326024857754
outer loop
vertex 54.562110900878906 -63.86033630371094 -0.32014966011047363
vertex 53.5810661315918 -64.27953338623047 -0.4050999879837036
vertex 54.99186706542969 -64.06072998046875 -0.32014966011047363
endloop
endfacet
facet normal -0.06811968291850319 -0.09728456797374153 -0.9929226664918296
outer loop
vertex 52.68284606933594 -64.61917114257812 -1.5
vertex 53.43080139160156 -64.53980255126953 -1.5590900182724
vertex 53.18284606933594 -64.96927642822266 -1.5
endloop
endfacet
facet normal -0.06811983177275222 -0.09728325347985774 -0.9929227850702318
outer loop
vertex 53.43080139160156 -64.53980255126953 -1.5590900182724
vertex 52.68284606933594 -64.61917114257812 -1.5
vertex 52.68284606933594 -64.53955078125 -1.5078009366989136
endloop
endfacet
facet normal -0.05019095451217091 -0.10763586482955739 -0.9929226499015673
outer loop
vertex 54.139732360839844 -64.5400390625 -1.5949000120162964
vertex 54.446685791015625 -65.55860900878906 -1.5
vertex 53.18284606933594 -64.96927642822266 -1.5
endloop
endfacet
facet normal -0.03073871910701803 -0.11471740392972683 -0.9929224785366095
outer loop
vertex 54.719085693359375 -64.8102035522461 -1.5949000120162964
vertex 55.79365921020508 -65.9195327758789 -1.5
vertex 54.446685791015625 -65.55860900878906 -1.5
endloop
endfacet
facet normal -0.03073838182294883 -0.11471708129496132 -0.9929225262537212
outer loop
vertex 55.79365921020508 -65.9195327758789 -1.5
vertex 54.719085693359375 -64.8102035522461 -1.5949000120162964
vertex 55.93196105957031 -65.13519287109375 -1.5949000120162964
endloop
endfacet
facet normal -0.05019108107322354 -0.10763558791308254 -0.9929226735226192
outer loop
vertex 53.43080139160156 -64.53980255126953 -1.5590900182724
vertex 54.139732360839844 -64.5400390625 -1.5949000120162964
vertex 53.18284606933594 -64.96927642822266 -1.5
endloop
endfacet
facet normal -0.050193137946075765 -0.10763650606340276 -0.9929224700174678
outer loop
vertex 54.446685791015625 -65.55860900878906 -1.5
vertex 54.139732360839844 -64.5400390625 -1.5949000120162964
vertex 54.719085693359375 -64.8102035522461 -1.5949000120162964
endloop
endfacet
facet normal -1 0 0
outer loop
vertex 52.68284606933594 -64.53955078125 -1
vertex 52.68284606933594 -64.53955078125 -1.5078009366989136
vertex 52.68284606933594 -64.61917114257812 -1.5
endloop
endfacet
facet normal 0.02428921401834564 -0.0906480571636329 0.9955867434909073
outer loop
vertex 58.2000846862793 -63.81010818481445 -0.2686949670314789
vertex 58.29523468017578 -64.34973907470703 -0.32014966011047363
vertex 59.37382507324219 -64.06072998046875 -0.32014966011047363
endloop
endfacet
facet normal 0.04492990249123013 -0.09635195497653853 0.9943327434185841
outer loop
vertex 59.6466064453125 -64.8102035522461 -0.4050999879837036
vertex 60.78462600708008 -64.27953338623047 -0.4050999879837036
vertex 59.79978942871094 -63.86210250854492 -0.32014966011047363
endloop
endfacet
facet normal 0.044928910649091214 -0.09635180008681023 0.9943328032444254
outer loop
vertex 59.37382507324219 -64.06072998046875 -0.32014966011047363
vertex 59.6466064453125 -64.8102035522461 -0.4050999879837036
vertex 59.79978942871094 -63.86210250854492 -0.32014966011047363
endloop
endfacet
facet normal 0.04492968676728551 -0.09635245603267804 0.9943327046132318
outer loop
vertex 60.56591796875 -63.90072250366211 -0.3585101068019867
vertex 59.79978942871094 -63.86210250854492 -0.32014966011047363
vertex 60.78462600708008 -64.27953338623047 -0.4050999879837036
endloop
endfacet
facet normal 0.024289082390946414 -0.09064866295109154 0.9955866915451337
outer loop
vertex 58.2000846862793 -63.81010818481445 -0.2686949670314789
vertex 59.37382507324219 -64.06072998046875 -0.32014966011047363
vertex 59.293434143066406 -63.83985900878906 -0.2980779707431793
endloop
endfacet
facet normal -0.0103506878695819 -0.11831202154515617 -0.9929225190408993
outer loop
vertex 55.79365921020508 -65.9195327758789 -1.5
vertex 55.93196105957031 -65.13519287109375 -1.5949000120162964
vertex 56.78284454345703 -66.00607299804688 -1.5
endloop
endfacet
facet normal -0.010350582395055617 -0.11831191993167652 -0.9929225322481929
outer loop
vertex 56.78284454345703 -66.00607299804688 -1.5
vertex 55.93196105957031 -65.13519287109375 -1.5949000120162964
vertex 56.78284454345703 -65.20963287353516 -1.5949000120162964
endloop
endfacet
facet normal 0.010350678969440938 -0.11831191981339857 -0.9929225312555555
outer loop
vertex 57.582847595214844 -65.20963287353516 -1.5949000120162964
vertex 58.5720329284668 -65.9195327758789 -1.5
vertex 57.582847595214844 -66.00607299804688 -1.5
endloop
endfacet
facet normal 0.010350592741722543 -0.11831203819884084 -0.9929225180481762
outer loop
vertex 58.5720329284668 -65.9195327758789 -1.5
vertex 57.582847595214844 -65.20963287353516 -1.5949000120162964
vertex 58.43373107910156 -65.13519287109375 -1.5949000120162964
endloop
endfacet
facet normal 0.0396606612347796 -0.08505383387659508 0.9955867000383807
outer loop
vertex 59.293434143066406 -63.83985900878906 -0.2980779707431793
vertex 59.37382507324219 -64.06072998046875 -0.32014966011047363
vertex 59.79978942871094 -63.86210250854492 -0.32014966011047363
endloop
endfacet
facet normal -0.04493017649702526 -0.0963517642077935 0.9943327495230114
outer loop
vertex 54.562110900878906 -63.86033630371094 -0.32014966011047363
vertex 53.80127716064453 -63.89811706542969 -0.3581898808479309
vertex 53.5810661315918 -64.27953338623047 -0.4050999879837036
endloop
endfacet
facet normal 0.030738490484591752 -0.11471748682530435 -0.9929224760368832
outer loop
vertex 59.91900634765625 -65.55860900878906 -1.5
vertex 58.43373107910156 -65.13519287109375 -1.5949000120162964
vertex 59.6466064453125 -64.8102035522461 -1.5949000120162964
endloop
endfacet
facet normal -0.060978459587583696 -0.08708627413693434 0.994332745273569
outer loop
vertex 53.80127716064453 -63.89811706542969 -0.3581898808479309
vertex 53.10300827026367 -63.944793701171875 -0.4050999879837036
vertex 53.5810661315918 -64.27953338623047 -0.4050999879837036
endloop
endfacet
facet normal 0.05019163310701511 -0.1076361364487254 -0.9929225861548534
outer loop
vertex 61.18284606933594 -64.96927642822266 -1.5
vertex 59.6466064453125 -64.8102035522461 -1.5949000120162964
vertex 60.2215576171875 -64.54209899902344 -1.5949000120162964
endloop
endfacet
facet normal 0.05019224965271513 -0.10763477488574719 -0.9929227025857019
outer loop
vertex 61.18284606933594 -64.96927642822266 -1.5
vertex 60.2215576171875 -64.54209899902344 -1.5949000120162964
vertex 60.93635559082031 -64.5423355102539 -1.5587413311004639
endloop
endfacet
facet normal 0.06812000867996858 -0.09728434034484557 -0.9929226664454334
outer loop
vertex 61.18284606933594 -64.96927642822266 -1.5
vertex 60.93635559082031 -64.5423355102539 -1.5587413311004639
vertex 61.68284606933594 -64.54258728027344 -1.5075032711029053
endloop
endfacet
facet normal 0.06811733918686169 -0.09728122079256833 -0.9929231552256245
outer loop
vertex 61.68284606933594 -64.54258728027344 -1.5075032711029053
vertex 61.68284606933594 -64.61917114257812 -1.5
vertex 61.18284606933594 -64.96927642822266 -1.5
endloop
endfacet
facet normal 1 0 0
outer loop
vertex 61.68284606933594 -64.61917114257812 -1.5
vertex 61.68284606933594 -64.54258728027344 -1.5075032711029053
vertex 61.68284606933594 -64.54258728027344 -1
endloop
endfacet
facet normal 0.4226149865464898 -0.9063093142775872 0
outer loop
vertex 61.18284606933594 -64.96927642822266 -0.5
vertex 59.91900634765625 -65.55860900878906 -1.5
vertex 61.18284606933594 -64.96927642822266 -1.5
endloop
endfacet
facet normal -0.5735781035076711 -0.8191508769308272 0
outer loop
vertex 53.18284606933594 -64.96927642822266 -1.5
vertex 53.18284606933594 -64.96927642822266 -0.5
vertex 52.68284606933594 -64.61917114257812 -1.5
endloop
endfacet
facet normal -1 0 0
outer loop
vertex 52.68284606933594 -64.53955078125 -1
vertex 52.68284606933594 -64.61917114257812 -1.5
vertex 52.68284606933594 -64.61917114257812 -0.5
endloop
endfacet
facet normal -0.4226149865464898 -0.9063093142775872 0
outer loop
vertex 53.18284606933594 -64.96927642822266 -1.5
vertex 54.446685791015625 -65.55860900878906 -1.5
vertex 54.446685791015625 -65.55860900878906 -0.5
endloop
endfacet
facet normal -0.2588212712285562 -0.9659252297976455 0
outer loop
vertex 54.446685791015625 -65.55860900878906 -1.5
vertex 55.79365921020508 -65.9195327758789 -1.5
vertex 55.79365921020508 -65.9195327758789 -0.5
endloop
endfacet
facet normal -0.5735781035076711 -0.8191508769308272 0
outer loop
vertex 52.68284606933594 -64.61917114257812 -0.5
vertex 52.68284606933594 -64.61917114257812 -1.5
vertex 53.18284606933594 -64.96927642822266 -0.5
endloop
endfacet
facet normal -0.4226149865464898 -0.9063093142775872 0
outer loop
vertex 53.18284606933594 -64.96927642822266 -0.5
vertex 53.18284606933594 -64.96927642822266 -1.5
vertex 54.446685791015625 -65.55860900878906 -0.5
endloop
endfacet
facet normal -0.2588212712285562 -0.9659252297976455 0
outer loop
vertex 54.446685791015625 -65.55860900878906 -0.5
vertex 54.446685791015625 -65.55860900878906 -1.5
vertex 55.79365921020508 -65.9195327758789 -0.5
endloop
endfacet
facet normal -0.08715346341544244 -0.9961948975048472 0
outer loop
vertex 55.79365921020508 -65.9195327758789 -1.5
vertex 56.78284454345703 -66.00607299804688 -1.5
vertex 56.78284454345703 -66.00607299804688 -0.5
endloop
endfacet
facet normal 0.5735781035076711 -0.8191508769308272 0
outer loop
vertex 61.18284606933594 -64.96927642822266 -1.5
vertex 61.68284606933594 -64.61917114257812 -1.5
vertex 61.68284606933594 -64.61917114257812 -0.5
endloop
endfacet
facet normal 1 0 0
outer loop
vertex 61.68284606933594 -64.61917114257812 -0.5
vertex 61.68284606933594 -64.61917114257812 -1.5
vertex 61.68284606933594 -64.54258728027344 -1
endloop
endfacet
facet normal 0.08715346341544244 -0.9961948975048472 0
outer loop
vertex 58.5720329284668 -65.9195327758789 -1.5
vertex 58.5720329284668 -65.9195327758789 -0.5
vertex 57.582847595214844 -66.00607299804688 -1.5
endloop
endfacet
facet normal 0.2588212712285562 -0.9659252297976455 0
outer loop
vertex 58.5720329284668 -65.9195327758789 -1.5
vertex 59.91900634765625 -65.55860900878906 -1.5
vertex 59.91900634765625 -65.55860900878906 -0.5
endloop
endfacet
facet normal -0.08715346341544244 -0.9961948975048472 0
outer loop
vertex 55.79365921020508 -65.9195327758789 -0.5
vertex 55.79365921020508 -65.9195327758789 -1.5
vertex 56.78284454345703 -66.00607299804688 -0.5
endloop
endfacet
facet normal 0.5735781035076711 -0.8191508769308272 0
outer loop
vertex 61.18284606933594 -64.96927642822266 -0.5
vertex 61.18284606933594 -64.96927642822266 -1.5
vertex 61.68284606933594 -64.61917114257812 -0.5
endloop
endfacet
facet normal 0.08715346341544244 -0.9961948975048472 0
outer loop
vertex 57.582847595214844 -66.00607299804688 -1.5
vertex 58.5720329284668 -65.9195327758789 -0.5
vertex 57.582847595214844 -66.00607299804688 -0.5
endloop
endfacet
facet normal 1 0 0
outer loop
vertex 61.68284606933594 -64.61917114257812 -0.5
vertex 61.68284606933594 -64.54258728027344 -1
vertex 61.68284606933594 -63.97996139526367 -0.43737101554870605
endloop
endfacet
facet normal 0.0681200097411043 -0.09728503472276606 0.992922598338794
outer loop
vertex 61.18284606933594 -64.96927642822266 -0.5
vertex 61.68284606933594 -64.61917114257812 -0.5
vertex 61.25875473022461 -63.94754409790039 -0.4050999879837036
endloop
endfacet
facet normal 0.2588212712285562 -0.9659252297976455 0
outer loop
vertex 58.5720329284668 -65.9195327758789 -0.5
vertex 58.5720329284668 -65.9195327758789 -1.5
vertex 59.91900634765625 -65.55860900878906 -0.5
endloop
endfacet
facet normal 0.4226149865464898 -0.9063093142775872 0
outer loop
vertex 59.91900634765625 -65.55860900878906 -0.5
vertex 59.91900634765625 -65.55860900878906 -1.5
vertex 61.18284606933594 -64.96927642822266 -0.5
endloop
endfacet
facet normal -1 0 0
outer loop
vertex 52.68284606933594 -63.976593017578125 -0.4370410144329071
vertex 52.68284606933594 -64.53955078125 -1
vertex 52.68284606933594 -64.61917114257812 -0.5
endloop
endfacet
facet normal -0.06811979015208762 -0.09728528949677896 0.9929225884413967
outer loop
vertex 53.10300827026367 -63.944793701171875 -0.4050999879837036
vertex 52.68284606933594 -63.976593017578125 -0.4370410144329071
vertex 52.68284606933594 -64.61917114257812 -0.5
endloop
endfacet
facet normal -0.06811985707368569 -0.09728524773190074 0.9929225879422843
outer loop
vertex 53.10300827026367 -63.944793701171875 -0.4050999879837036
vertex 52.68284606933594 -64.61917114257812 -0.5
vertex 53.5810661315918 -64.27953338623047 -0.4050999879837036
endloop
endfacet
facet normal -0.050191527834938396 -0.10763709433580018 0.9929224876376508
outer loop
vertex 53.18284606933594 -64.96927642822266 -0.5
vertex 54.446685791015625 -65.55860900878906 -0.5
vertex 54.719085693359375 -64.8102035522461 -0.4050999879837036
endloop
endfacet
facet normal -0.030738621262502725 -0.11471703877239071 0.9929225237540813
outer loop
vertex 54.446685791015625 -65.55860900878906 -0.5
vertex 55.79365921020508 -65.9195327758789 -0.5
vertex 55.93196105957031 -65.13519287109375 -0.4050999879837036
endloop
endfacet
facet normal -0.030738490484591752 -0.11471748682530435 0.9929224760368832
outer loop
vertex 54.719085693359375 -64.8102035522461 -0.4050999879837036
vertex 54.446685791015625 -65.55860900878906 -0.5
vertex 55.93196105957031 -65.13519287109375 -0.4050999879837036
endloop
endfacet
facet normal -0.06811996427167809 -0.09728496978597692 0.9929226078206532
outer loop
vertex 53.5810661315918 -64.27953338623047 -0.4050999879837036
vertex 52.68284606933594 -64.61917114257812 -0.5
vertex 53.18284606933594 -64.96927642822266 -0.5
endloop
endfacet
facet normal -0.050191670998435335 -0.10763579166864268 0.9929226216147206
outer loop
vertex 53.5810661315918 -64.27953338623047 -0.4050999879837036
vertex 53.18284606933594 -64.96927642822266 -0.5
vertex 54.719085693359375 -64.8102035522461 -0.4050999879837036
endloop
endfacet
facet normal 0.0681195354783063 -0.09728533463602687 0.9929226014906579
outer loop
vertex 61.25875473022461 -63.94754409790039 -0.4050999879837036
vertex 61.68284606933594 -64.61917114257812 -0.5
vertex 61.68284606933594 -63.97996139526367 -0.43737101554870605
endloop
endfacet
facet normal 0.06811986853082895 -0.0972850252179932 0.9929226089578569
outer loop
vertex 60.78462600708008 -64.27953338623047 -0.4050999879837036
vertex 61.18284606933594 -64.96927642822266 -0.5
vertex 61.25875473022461 -63.94754409790039 -0.4050999879837036
endloop
endfacet
facet normal -0.010350678969440938 -0.11831191981339857 0.9929225312555555
outer loop
vertex 55.79365921020508 -65.9195327758789 -0.5
vertex 56.78284454345703 -66.00607299804688 -0.5
vertex 56.78284454345703 -65.20963287353516 -0.4050999879837036
endloop
endfacet
facet normal -0.010350592741722543 -0.11831203819884084 0.9929225180481762
outer loop
vertex 55.93196105957031 -65.13519287109375 -0.4050999879837036
vertex 55.79365921020508 -65.9195327758789 -0.5
vertex 56.78284454345703 -65.20963287353516 -0.4050999879837036
endloop
endfacet
facet normal 0.0103506878695819 -0.11831202154515617 0.9929225190408993
outer loop
vertex 57.582847595214844 -66.00607299804688 -0.5
vertex 58.5720329284668 -65.9195327758789 -0.5
vertex 58.43373107910156 -65.13519287109375 -0.4050999879837036
endloop
endfacet
facet normal 0.010350582395055617 -0.11831191993167652 0.9929225322481929
outer loop
vertex 57.582847595214844 -65.20963287353516 -0.4050999879837036
vertex 57.582847595214844 -66.00607299804688 -0.5
vertex 58.43373107910156 -65.13519287109375 -0.4050999879837036
endloop
endfacet
facet normal 0.03073871910701803 -0.11471740392972683 0.9929224785366095
outer loop
vertex 58.5720329284668 -65.9195327758789 -0.5
vertex 59.91900634765625 -65.55860900878906 -0.5
vertex 59.6466064453125 -64.8102035522461 -0.4050999879837036
endloop
endfacet
facet normal 0.03073838182294883 -0.11471708129496132 0.9929225262537212
outer loop
vertex 58.43373107910156 -65.13519287109375 -0.4050999879837036
vertex 58.5720329284668 -65.9195327758789 -0.5
vertex 59.6466064453125 -64.8102035522461 -0.4050999879837036
endloop
endfacet
facet normal 0.05019107925482487 -0.10763613234356605 0.992922614596603
outer loop
vertex 59.91900634765625 -65.55860900878906 -0.5
vertex 61.18284606933594 -64.96927642822266 -0.5
vertex 60.78462600708008 -64.27953338623047 -0.4050999879837036
endloop
endfacet
facet normal 0.05019216917863777 -0.10763686001363731 0.9929224806194831
outer loop
vertex 59.6466064453125 -64.8102035522461 -0.4050999879837036
vertex 59.91900634765625 -65.55860900878906 -0.5
vertex 60.78462600708008 -64.27953338623047 -0.4050999879837036
endloop
endfacet
facet normal 0.050191527834938396 -0.10763709433580018 -0.9929224876376508
outer loop
vertex 59.91900634765625 -65.55860900878906 -1.5
vertex 59.6466064453125 -64.8102035522461 -1.5949000120162964
vertex 61.18284606933594 -64.96927642822266 -1.5
endloop
endfacet
facet normal -0.5735697163184464 -0.8191567496653964 0
outer loop
vertex -153.5044708251953 -64.89949798583984 -1.5
vertex -153.5044708251953 -64.89949798583984 -0.5
vertex -154.0044708251953 -64.54940032958984 -1.5
endloop
endfacet
facet normal 0.04493022788627335 -0.0963527744707668 0.9943326493049863
outer loop
vertex -147.31349182128906 -63.990962982177734 -0.32014966011047363
vertex -147.04071044921875 -64.74042510986328 -0.4050999879837036
vertex -146.8875274658203 -63.79233169555664 -0.32014966011047363
endloop
endfacet
facet normal -1 0 0
outer loop
vertex -154.0044708251953 -64.46977996826172 -1.5078009366989136
vertex -154.0044708251953 -64.54940032958984 -1.5
vertex -154.0044708251953 -64.54940032958984 -0.5
endloop
endfacet
facet normal 0.02751600062961986 -0.10269126236673098 -0.9943326276165728
outer loop
vertex -148.2535858154297 -65.06541442871094 -1.5949000120162964
vertex -148.3582763671875 -64.47168731689453 -1.659115195274353
vertex -147.1383819580078 -64.47209930419922 -1.625314712524414
endloop
endfacet
facet normal 0.060979745238266256 -0.08708649503238733 0.9943326470822782
outer loop
vertex -146.12139892578125 -63.83095169067383 -0.3585101068019867
vertex -145.90269470214844 -64.20976257324219 -0.4050999879837036
vertex -145.42857360839844 -63.87777328491211 -0.4050999879837036
endloop
endfacet
facet normal 0.04492966130590569 -0.0963529178210343 0.9943326610155725
outer loop
vertex -146.8875274658203 -63.79233169555664 -0.32014966011047363
vertex -145.90269470214844 -64.20976257324219 -0.4050999879837036
vertex -146.12139892578125 -63.83095169067383 -0.3585101068019867
endloop
endfacet
facet normal 0.04492975483001421 -0.09635270059599713 0.994332677839149
outer loop
vertex -146.8875274658203 -63.79233169555664 -0.32014966011047363
vertex -147.04071044921875 -64.74042510986328 -0.4050999879837036
vertex -145.90269470214844 -64.20976257324219 -0.4050999879837036
endloop
endfacet
facet normal 0.00817883978392481 -0.09348842551985781 0.9955867721467611
outer loop
vertex -149.10447692871094 -63.7345085144043 -0.2630769908428192
vertex -149.10447692871094 -64.34229278564453 -0.32014966011047363
vertex -148.48724365234375 -63.74033737182617 -0.2686949670314789
endloop
endfacet
facet normal 0.03966019043099634 -0.0850511907871476 0.9955869445913126
outer loop
vertex -147.39389038085938 -63.77008819580078 -0.2980779707431793
vertex -147.31349182128906 -63.990962982177734 -0.32014966011047363
vertex -146.8875274658203 -63.79233169555664 -0.32014966011047363
endloop
endfacet
facet normal 0.024289068173268678 -0.09064628522763087 0.9955869083820384
outer loop
vertex -148.48724365234375 -63.74033737182617 -0.2686949670314789
vertex -147.31349182128906 -63.990962982177734 -0.32014966011047363
vertex -147.39389038085938 -63.77008819580078 -0.2980779707431793
endloop
endfacet
facet normal -0.008178945062470334 -0.09348858967429143 0.9955867558673012
outer loop
vertex -150.52157592773438 -63.73957824707031 -0.26862257719039917
vertex -150.6168670654297 -64.27996826171875 -0.32014966011047363
vertex -149.90447998046875 -63.73421096801758 -0.26304900646209717
endloop
endfacet
facet normal -0.024289039816739813 -0.09064777413955494 0.995586773510137
outer loop
vertex -150.52157592773438 -63.73957824707031 -0.26862257719039917
vertex -151.61448669433594 -63.76850509643555 -0.29791978001594543
vertex -150.6168670654297 -64.27996826171875 -0.32014966011047363
endloop
endfacet
facet normal 0.009265706217932018 -0.10590929493880852 -0.9943326243937929
outer loop
vertex -149.10447692871094 -64.471435546875 -1.666095495223999
vertex -148.3582763671875 -64.47168731689453 -1.659115195274353
vertex -148.2535858154297 -65.06541442871094 -1.5949000120162964
endloop
endfacet
facet normal 0.00926632227209463 -0.10590842286966284 -0.9943327115391559
outer loop
vertex -149.10447692871094 -65.13986206054688 -1.5949000120162964
vertex -149.10447692871094 -64.471435546875 -1.666095495223999
vertex -148.2535858154297 -65.06541442871094 -1.5949000120162964
endloop
endfacet
facet normal -0.009265998831415968 -0.10590844505619906 -0.9943327121901574
outer loop
vertex -150.65052795410156 -64.47090911865234 -1.6591988801956177
vertex -149.90447998046875 -64.47116088867188 -1.6661243438720703
vertex -150.75535583496094 -65.06541442871094 -1.5949000120162964
endloop
endfacet
facet normal 0.027516005292192773 -0.10269102108883382 0.9943326524058701
outer loop
vertex -148.2535858154297 -65.06541442871094 -0.4050999879837036
vertex -147.04071044921875 -64.74042510986328 -0.4050999879837036
vertex -147.31349182128906 -63.990962982177734 -0.32014966011047363
endloop
endfacet
facet normal 0.02428870037910229 -0.09064797791463174 0.9955867632375808
outer loop
vertex -148.48724365234375 -63.74033737182617 -0.2686949670314789
vertex -148.39208984375 -64.27996826171875 -0.32014966011047363
vertex -147.31349182128906 -63.990962982177734 -0.32014966011047363
endloop
endfacet
facet normal 0.0081790274185396 -0.09348861625397438 0.9955867526948137
outer loop
vertex -149.10447692871094 -64.34229278564453 -0.32014966011047363
vertex -148.39208984375 -64.27996826171875 -0.32014966011047363
vertex -148.48724365234375 -63.74033737182617 -0.2686949670314789
endloop
endfacet
facet normal 0.00926633334628765 -0.10590854944094784 0.9943326979545778
outer loop
vertex -148.39208984375 -64.27996826171875 -0.32014966011047363
vertex -149.10447692871094 -65.13986206054688 -0.4050999879837036
vertex -148.2535858154297 -65.06541442871094 -0.4050999879837036
endloop
endfacet
facet normal 0.00926555270263327 -0.10590791015493684 0.9943327733207472
outer loop
vertex -149.10447692871094 -64.34229278564453 -0.32014966011047363
vertex -149.10447692871094 -65.13986206054688 -0.4050999879837036
vertex -148.39208984375 -64.27996826171875 -0.32014966011047363
endloop
endfacet
facet normal -0.008179016957414964 -0.09348849668033601 0.9955867640090748
outer loop
vertex -150.6168670654297 -64.27996826171875 -0.32014966011047363
vertex -149.90447998046875 -64.34229278564453 -0.32014966011047363
vertex -149.90447998046875 -63.73421096801758 -0.26304900646209717
endloop
endfacet
facet normal -0.009265634913372935 -0.10590884984713972 0.9943326724661662
outer loop
vertex -150.6168670654297 -64.27996826171875 -0.32014966011047363
vertex -150.75535583496094 -65.06541442871094 -0.4050999879837036
vertex -149.90447998046875 -64.34229278564453 -0.32014966011047363
endloop
endfacet
facet normal -0.009266443508785707 -0.10590790928067584 0.9943327651126128
outer loop
vertex -150.75535583496094 -65.06541442871094 -0.4050999879837036
vertex -149.90447998046875 -65.13986206054688 -0.4050999879837036
vertex -149.90447998046875 -64.34229278564453 -0.32014966011047363
endloop
endfacet
facet normal -0.024288934699628163 -0.09064757002562883 0.9955867946591125
outer loop
vertex -151.69544982910156 -63.990962982177734 -0.32014966011047363
vertex -150.6168670654297 -64.27996826171875 -0.32014966011047363
vertex -151.61448669433594 -63.76850509643555 -0.29791978001594543
endloop
endfacet
facet normal -0.027515969991077572 -0.10269103389814334 0.9943326520598529
outer loop
vertex -151.69544982910156 -63.990962982177734 -0.32014966011047363
vertex -151.96823120117188 -64.74042510986328 -0.4050999879837036
vertex -150.6168670654297 -64.27996826171875 -0.32014966011047363
endloop
endfacet
facet normal -0.02751599183698395 -0.10269097087336401 0.9943326579642815
outer loop
vertex -151.96823120117188 -64.74042510986328 -0.4050999879837036
vertex -150.75535583496094 -65.06541442871094 -0.4050999879837036
vertex -150.6168670654297 -64.27996826171875 -0.32014966011047363
endloop
endfacet
facet normal 0.06811862486452684 -0.09728476563996982 0.9929227197123358
outer loop
vertex -145.42857360839844 -63.87777328491211 -0.4050999879837036
vertex -145.0044708251953 -64.54940032958984 -0.5
vertex -145.0044708251953 -63.910186767578125 -0.43737101554870605
endloop
endfacet
facet normal 0.06811842526248069 -0.09728489186719697 0.9929227210383231
outer loop
vertex -145.42857360839844 -63.87777328491211 -0.4050999879837036
vertex -145.5044708251953 -64.89949798583984 -0.5
vertex -145.0044708251953 -64.54940032958984 -0.5
endloop
endfacet
facet normal 0.06812099228586681 -0.09728506462473215 0.9929225280005236
outer loop
vertex -145.90269470214844 -64.20976257324219 -0.4050999879837036
vertex -145.5044708251953 -64.89949798583984 -0.5
vertex -145.42857360839844 -63.87777328491211 -0.4050999879837036
endloop
endfacet
facet normal 0.05019126511808305 -0.10763610793679108 0.9929226078471907
outer loop
vertex -147.04071044921875 -64.74042510986328 -0.4050999879837036
vertex -146.768310546875 -65.48883819580078 -0.5
vertex -145.90269470214844 -64.20976257324219 -0.4050999879837036
endloop
endfacet
facet normal 0.05019192220417751 -0.10763654662779717 0.9929225270762527
outer loop
vertex -146.768310546875 -65.48883819580078 -0.5
vertex -145.5044708251953 -64.89949798583984 -0.5
vertex -145.90269470214844 -64.20976257324219 -0.4050999879837036
endloop
endfacet
facet normal 1 0 0
outer loop
vertex -145.0044708251953 -64.54940032958984 -0.5
vertex -145.0044708251953 -64.47281646728516 -1
vertex -145.0044708251953 -63.910186767578125 -0.43737101554870605
endloop
endfacet
facet normal 0.030738213477213925 -0.11471645302079035 0.9929226040525809
outer loop
vertex -148.2535858154297 -65.06541442871094 -0.4050999879837036
vertex -148.11529541015625 -65.84976196289062 -0.5
vertex -147.04071044921875 -64.74042510986328 -0.4050999879837036
endloop
endfacet
facet normal 0.030738199594644806 -0.11471643974113196 0.9929226060166013
outer loop
vertex -148.11529541015625 -65.84976196289062 -0.5
vertex -146.768310546875 -65.48883819580078 -0.5
vertex -147.04071044921875 -64.74042510986328 -0.4050999879837036
endloop
endfacet
facet normal 0.010351550311359363 -0.11831191874618642 0.99292252229907
outer loop
vertex -149.10447692871094 -65.13986206054688 -0.4050999879837036
vertex -149.10447692871094 -65.9363021850586 -0.5
vertex -148.2535858154297 -65.06541442871094 -0.4050999879837036
endloop
endfacet
facet normal 0.010350642258124931 -0.11831104393325662 0.9929226360035647
outer loop
vertex -149.10447692871094 -65.9363021850586 -0.5
vertex -148.11529541015625 -65.84976196289062 -0.5
vertex -148.2535858154297 -65.06541442871094 -0.4050999879837036
endloop
endfacet
facet normal -0.010351626952882161 -0.11831067304233818 0.9929226699313987
outer loop
vertex -150.75535583496094 -65.06541442871094 -0.4050999879837036
vertex -150.89366149902344 -65.84976196289062 -0.5
vertex -149.90447998046875 -65.13986206054688 -0.4050999879837036
endloop
endfacet
facet normal -0.010350718881707533 -0.11831191976451631 0.9929225308453155
outer loop
vertex -150.89366149902344 -65.84976196289062 -0.5
vertex -149.90447998046875 -65.9363021850586 -0.5
vertex -149.90447998046875 -65.13986206054688 -0.4050999879837036
endloop
endfacet
facet normal -0.030738209004710124 -0.11471643632919659 0.9929226061194862
outer loop
vertex -151.96823120117188 -64.74042510986328 -0.4050999879837036
vertex -152.24063110351562 -65.48883819580078 -0.5
vertex -150.75535583496094 -65.06541442871094 -0.4050999879837036
endloop
endfacet
facet normal -0.03073838516966136 -0.11471583278803799 0.9929226703952873
outer loop
vertex -152.24063110351562 -65.48883819580078 -0.5
vertex -150.89366149902344 -65.84976196289062 -0.5
vertex -150.75535583496094 -65.06541442871094 -0.4050999879837036
endloop
endfacet
facet normal -0.044929703836725246 -0.09635159241283205 0.9943327875277249
outer loop
vertex -152.12521362304688 -63.79056167602539 -0.32014966011047363
vertex -152.88604736328125 -63.828346252441406 -0.3581898808479309
vertex -153.10626220703125 -64.20976257324219 -0.4050999879837036
endloop
endfacet
facet normal -0.0609781589272298 -0.0870858447494067 0.9943328013186169
outer loop
vertex -153.58432006835938 -63.875022888183594 -0.4050999879837036
vertex -153.10626220703125 -64.20976257324219 -0.4050999879837036
vertex -152.88604736328125 -63.828346252441406 -0.3581898808479309
endloop
endfacet
facet normal -0.0449295075304704 -0.09635204474022147 0.9943327525669904
outer loop
vertex -153.10626220703125 -64.20976257324219 -0.4050999879837036
vertex -151.69544982910156 -63.990962982177734 -0.32014966011047363
vertex -152.12521362304688 -63.79056167602539 -0.32014966011047363
endloop
endfacet
facet normal -0.04492933829772645 -0.09635309924293102 0.9943326580307067
outer loop
vertex -153.10626220703125 -64.20976257324219 -0.4050999879837036
vertex -151.96823120117188 -64.74042510986328 -0.4050999879837036
vertex -151.69544982910156 -63.990962982177734 -0.32014966011047363
endloop
endfacet
facet normal -0.05019143709784194 -0.10763791996639344 0.9929224027220663
outer loop
vertex -153.10626220703125 -64.20976257324219 -0.4050999879837036
vertex -153.5044708251953 -64.89949798583984 -0.5
vertex -151.96823120117188 -64.74042510986328 -0.4050999879837036
endloop
endfacet
facet normal -0.06812041269823885 -0.0972860412460774 0.9929224720754829
outer loop
vertex -153.58432006835938 -63.875022888183594 -0.4050999879837036
vertex -154.0044708251953 -64.54940032958984 -0.5
vertex -153.10626220703125 -64.20976257324219 -0.4050999879837036
endloop
endfacet
facet normal -0.06812163699285319 -0.09728527720044094 0.9929224629413153
outer loop
vertex -154.0044708251953 -63.906822204589844 -0.4370410144329071
vertex -154.0044708251953 -64.54940032958984 -0.5
vertex -153.58432006835938 -63.875022888183594 -0.4050999879837036
endloop
endfacet
facet normal -0.06811999264426893 -0.09728713035945799 0.9929223941822275
outer loop
vertex -154.0044708251953 -64.54940032958984 -0.5
vertex -153.5044708251953 -64.89949798583984 -0.5
vertex -153.10626220703125 -64.20976257324219 -0.4050999879837036
endloop
endfacet
facet normal -0.05019165176549849 -0.10763596667221456 0.9929226036160064
outer loop
vertex -153.5044708251953 -64.89949798583984 -0.5
vertex -152.24063110351562 -65.48883819580078 -0.5
vertex -151.96823120117188 -64.74042510986328 -0.4050999879837036
endloop
endfacet
facet normal -1 0 0
outer loop
vertex -154.0044708251953 -64.46977996826172 -1
vertex -154.0044708251953 -64.54940032958984 -0.5
vertex -154.0044708251953 -63.906822204589844 -0.4370410144329071
endloop
endfacet
facet normal 0.5735697163184464 -0.8191567496653964 0
outer loop
vertex -145.5044708251953 -64.89949798583984 -0.5
vertex -145.5044708251953 -64.89949798583984 -1.5
vertex -145.0044708251953 -64.54940032958984 -0.5
endloop
endfacet
facet normal 0.42261948047228126 -0.9063072187317825 0
outer loop
vertex -146.768310546875 -65.48883819580078 -0.5
vertex -146.768310546875 -65.48883819580078 -1.5
vertex -145.5044708251953 -64.89949798583984 -0.5
endloop
endfacet
facet normal 1 0 0
outer loop
vertex -145.0044708251953 -64.54940032958984 -0.5
vertex -145.0044708251953 -64.54940032958984 -1.5
vertex -145.0044708251953 -64.47281646728516 -1
endloop
endfacet
facet normal 0.5735697163184464 -0.8191567496653964 0
outer loop
vertex -145.5044708251953 -64.89949798583984 -1.5
vertex -145.0044708251953 -64.54940032958984 -1.5
vertex -145.0044708251953 -64.54940032958984 -0.5
endloop
endfacet
facet normal 0.42261948047228126 -0.9063072187317825 0
outer loop
vertex -146.768310546875 -65.48883819580078 -1.5
vertex -145.5044708251953 -64.89949798583984 -1.5
vertex -145.5044708251953 -64.89949798583984 -0.5
endloop
endfacet
facet normal 0.258819219565804 -0.9659257795417556 0
outer loop
vertex -148.11529541015625 -65.84976196289062 -0.5
vertex -148.11529541015625 -65.84976196289062 -1.5
vertex -146.768310546875 -65.48883819580078 -0.5
endloop
endfacet
facet normal 0.08715379696267496 -0.9961948683239583 0
outer loop
vertex -149.10447692871094 -65.9363021850586 -1.5
vertex -148.11529541015625 -65.84976196289062 -0.5
vertex -149.10447692871094 -65.9363021850586 -0.5
endloop
endfacet
facet normal -0.08715379696267496 -0.9961948683239583 0
outer loop
vertex -150.89366149902344 -65.84976196289062 -0.5
vertex -150.89366149902344 -65.84976196289062 -1.5
vertex -149.90447998046875 -65.9363021850586 -0.5
endloop
endfacet
facet normal -0.258821955123109 -0.9659250465467034 0
outer loop
vertex -152.24063110351562 -65.48883819580078 -0.5
vertex -152.24063110351562 -65.48883819580078 -1.5
vertex -150.89366149902344 -65.84976196289062 -0.5
endloop
endfacet
facet normal 0.258819219565804 -0.9659257795417556 0
outer loop
vertex -148.11529541015625 -65.84976196289062 -1.5
vertex -146.768310546875 -65.48883819580078 -1.5
vertex -146.768310546875 -65.48883819580078 -0.5
endloop
endfacet
facet normal 0.08715379696267496 -0.9961948683239583 0
outer loop
vertex -148.11529541015625 -65.84976196289062 -1.5
vertex -148.11529541015625 -65.84976196289062 -0.5
vertex -149.10447692871094 -65.9363021850586 -1.5
endloop
endfacet
facet normal -0.08715379696267496 -0.9961948683239583 0
outer loop
vertex -150.89366149902344 -65.84976196289062 -1.5
vertex -149.90447998046875 -65.9363021850586 -1.5
vertex -149.90447998046875 -65.9363021850586 -0.5
endloop
endfacet
facet normal -0.258821955123109 -0.9659250465467034 0
outer loop
vertex -152.24063110351562 -65.48883819580078 -1.5
vertex -150.89366149902344 -65.84976196289062 -1.5
vertex -150.89366149902344 -65.84976196289062 -0.5
endloop
endfacet
facet normal 1 0 0
outer loop
vertex -145.0044708251953 -64.54940032958984 -1.5
vertex -145.0044708251953 -64.47281646728516 -1.5075032711029053
vertex -145.0044708251953 -64.47281646728516 -1
endloop
endfacet
facet normal 0.0681158616805545 -0.0972812306288533 -0.9929232556219294
outer loop
vertex -145.5044708251953 -64.89949798583984 -1.5
vertex -145.0044708251953 -64.47281646728516 -1.5075032711029053
vertex -145.0044708251953 -64.54940032958984 -1.5
endloop
endfacet
facet normal 0.06811999657287564 -0.09728606272335 -0.9929224985197483
outer loop
vertex -145.5044708251953 -64.89949798583984 -1.5
vertex -145.75096130371094 -64.47256469726562 -1.5587413311004639
vertex -145.0044708251953 -64.47281646728516 -1.5075032711029053
endloop
endfacet
facet normal 0.050191088848570285 -0.10763733837406111 -0.9929224833731699
outer loop
vertex -145.5044708251953 -64.89949798583984 -1.5
vertex -146.46575927734375 -64.47232055664062 -1.5949000120162964
vertex -145.75096130371094 -64.47256469726562 -1.5587413311004639
endloop
endfacet
facet normal 0.05019163310701511 -0.1076361364487254 -0.9929225861548534
outer loop
vertex -145.5044708251953 -64.89949798583984 -1.5
vertex -147.04071044921875 -64.74042510986328 -1.5949000120162964
vertex -146.46575927734375 -64.47232055664062 -1.5949000120162964
endloop
endfacet
facet normal 0.05019165176549849 -0.10763596667221456 -0.9929226036160064
outer loop
vertex -146.768310546875 -65.48883819580078 -1.5
vertex -147.04071044921875 -64.74042510986328 -1.5949000120162964
vertex -145.5044708251953 -64.89949798583984 -1.5
endloop
endfacet
facet normal 0.030738209004710124 -0.11471643632919659 -0.9929226061194862
outer loop
vertex -146.768310546875 -65.48883819580078 -1.5
vertex -148.2535858154297 -65.06541442871094 -1.5949000120162964
vertex -147.04071044921875 -64.74042510986328 -1.5949000120162964
endloop
endfacet
facet normal 0.030738203621852728 -0.11471645477086569 -0.9929226041554826
outer loop
vertex -148.11529541015625 -65.84976196289062 -1.5
vertex -148.2535858154297 -65.06541442871094 -1.5949000120162964
vertex -146.768310546875 -65.48883819580078 -1.5
endloop
endfacet
facet normal 0.010351461227542378 -0.11831090057238638 -0.9929226445480059
outer loop
vertex -148.11529541015625 -65.84976196289062 -1.5
vertex -149.10447692871094 -65.13986206054688 -1.5949000120162964
vertex -148.2535858154297 -65.06541442871094 -1.5949000120162964
endloop
endfacet
facet normal 0.010350718881707533 -0.11831191976451631 -0.9929225308453155
outer loop
vertex -149.10447692871094 -65.13986206054688 -1.5949000120162964
vertex -148.11529541015625 -65.84976196289062 -1.5
vertex -149.10447692871094 -65.9363021850586 -1.5
endloop
endfacet
facet normal -0.010351735926212677 -0.11831191851883531 -0.9929225203910456
outer loop
vertex -149.90447998046875 -65.9363021850586 -1.5
vertex -150.75535583496094 -65.06541442871094 -1.5949000120162964
vertex -149.90447998046875 -65.13986206054688 -1.5949000120162964
endloop
endfacet
facet normal -0.010350625153911849 -0.11831084842680832 -0.9929226594772886
outer loop
vertex -150.89366149902344 -65.84976196289062 -1.5
vertex -150.75535583496094 -65.06541442871094 -1.5949000120162964
vertex -149.90447998046875 -65.9363021850586 -1.5
endloop
endfacet
facet normal -0.030738062634503144 -0.11471589006872557 -0.9929226737622712
outer loop
vertex -150.89366149902344 -65.84976196289062 -1.5
vertex -151.96823120117188 -64.74042510986328 -1.5949000120162964
vertex -150.75535583496094 -65.06541442871094 -1.5949000120162964
endloop
endfacet
facet normal -0.030738516969597902 -0.11471632466617013 -0.9929226094865579
outer loop
vertex -152.24063110351562 -65.48883819580078 -1.5
vertex -151.96823120117188 -64.74042510986328 -1.5949000120162964
vertex -150.89366149902344 -65.84976196289062 -1.5
endloop
endfacet
facet normal -0.5735697163184464 -0.8191567496653964 0
outer loop
vertex -154.0044708251953 -64.54940032958984 -0.5
vertex -154.0044708251953 -64.54940032958984 -1.5
vertex -153.5044708251953 -64.89949798583984 -0.5
endloop
endfacet
facet normal -0.009266436237272108 -0.10590782617319215 -0.9943327740322802
outer loop
vertex -150.75535583496094 -65.06541442871094 -1.5949000120162964
vertex -149.90447998046875 -64.47116088867188 -1.6661243438720703
vertex -149.90447998046875 -65.13986206054688 -1.5949000120162964
endloop
endfacet
facet normal -0.02751586159106063 -0.10269048478947515 -0.9943327117693574
outer loop
vertex -151.96823120117188 -64.74042510986328 -1.5949000120162964
vertex -150.65052795410156 -64.47090911865234 -1.6591988801956177
vertex -150.75535583496094 -65.06541442871094 -1.5949000120162964
endloop
endfacet
facet normal -0.027515613729300854 -0.10269166907887566 -0.9943325963192067
outer loop
vertex -151.96823120117188 -64.74042510986328 -1.5949000120162964
vertex -151.8699951171875 -64.47049713134766 -1.6254957914352417
vertex -150.65052795410156 -64.47090911865234 -1.6591988801956177
endloop
endfacet
facet normal -0.04492999643540641 -0.09635396976311472 -0.9943325439364857
outer loop
vertex -152.54759216308594 -64.47026824951172 -1.5949000120162964
vertex -151.8699951171875 -64.47049713134766 -1.6254957914352417
vertex -151.96823120117188 -64.74042510986328 -1.5949000120162964
endloop
endfacet
facet normal 0.027516139425040907 -0.10269152167890822 -0.9943325969947944
outer loop
vertex -148.2535858154297 -65.06541442871094 -1.5949000120162964
vertex -147.1383819580078 -64.47209930419922 -1.625314712524414
vertex -147.04071044921875 -64.74042510986328 -1.5949000120162964
endloop
endfacet
facet normal 0.04493011081807153 -0.09635278310946958 -0.9943326537577529
outer loop
vertex -147.04071044921875 -64.74042510986328 -1.5949000120162964
vertex -147.1383819580078 -64.47209930419922 -1.625314712524414
vertex -146.46575927734375 -64.47232055664062 -1.5949000120162964
endloop
endfacet
facet normal -0.050191611754919506 -0.10763716641361434 -0.9929224755820021
outer loop
vertex -153.2565155029297 -64.47003173828125 -1.5590900182724
vertex -152.54759216308594 -64.47026824951172 -1.5949000120162964
vertex -153.5044708251953 -64.89949798583984 -1.5
endloop
endfacet
facet normal -0.42261948047228126 -0.9063072187317825 0
outer loop
vertex -153.5044708251953 -64.89949798583984 -0.5
vertex -153.5044708251953 -64.89949798583984 -1.5
vertex -152.24063110351562 -65.48883819580078 -0.5
endloop
endfacet
facet normal -0.06811947626456002 -0.09728639287992952 -0.9929225018670159
outer loop
vertex -153.2565155029297 -64.47003173828125 -1.5590900182724
vertex -153.5044708251953 -64.89949798583984 -1.5
vertex -154.0044708251953 -64.54940032958984 -1.5
endloop
endfacet
facet normal -0.06811983177275222 -0.09728325347985774 -0.9929227850702318
outer loop
vertex -154.0044708251953 -64.46977996826172 -1.5078009366989136
vertex -153.2565155029297 -64.47003173828125 -1.5590900182724
vertex -154.0044708251953 -64.54940032958984 -1.5
endloop
endfacet
facet normal -0.05019190847416811 -0.10763651718380038 -0.9929225309621401
outer loop
vertex -153.5044708251953 -64.89949798583984 -1.5
vertex -152.54759216308594 -64.47026824951172 -1.5949000120162964
vertex -152.24063110351562 -65.48883819580078 -1.5
endloop
endfacet
facet normal -0.05019093084645229 -0.10763623006545874 -0.9929226115050771
outer loop
vertex -152.54759216308594 -64.47026824951172 -1.5949000120162964
vertex -151.96823120117188 -64.74042510986328 -1.5949000120162964
vertex -152.24063110351562 -65.48883819580078 -1.5
endloop
endfacet
facet normal -0.42261948047228126 -0.9063072187317825 0
outer loop
vertex -153.5044708251953 -64.89949798583984 -1.5
vertex -152.24063110351562 -65.48883819580078 -1.5
vertex -152.24063110351562 -65.48883819580078 -0.5
endloop
endfacet
facet normal -0.03966071541159945 -0.0850530360960672 0.9955867660349254
outer loop
vertex -151.61448669433594 -63.76850509643555 -0.29791978001594543
vertex -152.12521362304688 -63.79056167602539 -0.32014966011047363
vertex -151.69544982910156 -63.990962982177734 -0.32014966011047363
endloop
endfacet
facet normal 0.02751544803246708 -0.10269053867140086 0.9943327176488512
outer loop
vertex -148.39208984375 -64.27996826171875 -0.32014966011047363
vertex -148.2535858154297 -65.06541442871094 -0.4050999879837036
vertex -147.31349182128906 -63.990962982177734 -0.32014966011047363
endloop
endfacet
facet normal -1 0 0
outer loop
vertex -154.0044708251953 -64.46977996826172 -1
vertex -154.0044708251953 -64.46977996826172 -1.5078009366989136
vertex -154.0044708251953 -64.54940032958984 -0.5
endloop
endfacet
facet normal 0.010350592741722543 -0.11831203819884084 -0.9929225180481762
outer loop
vertex -56.115291595458984 -65.88081359863281 -1.5
vertex -57.10447692871094 -65.17091369628906 -1.5949000120162964
vertex -56.25359344482422 -65.09647369384766 -1.5949000120162964
endloop
endfacet
facet normal -0.03073812088894997 -0.11471646827852612 0.9929226051560707
outer loop
vertex -59.968238830566406 -64.771484375 -0.4050999879837036
vertex -60.240638732910156 -65.5198974609375 -0.5
vertex -58.7553596496582 -65.09647369384766 -0.4050999879837036
endloop
endfacet
facet normal 0.04492974136907248 -0.09635146572946095 0.9943327981075011
outer loop
vertex -54.887535095214844 -63.823387145996094 -0.32014966011047363
vertex -53.9026985168457 -64.2408218383789 -0.4050999879837036
vertex -54.12140655517578 -63.86200714111328 -0.3585101068019867
endloop
endfacet
facet normal 0.010351493626400865 -0.11831080133852177 -0.9929226560343657
outer loop
vertex -57.10447692871094 -65.17091369628906 -1.5949000120162964
vertex -56.115291595458984 -65.88081359863281 -1.5
vertex -57.10447692871094 -65.96736145019531 -1.5
endloop
endfacet
facet normal 0.03966073174490098 -0.08505235163362057 0.9955868238576935
outer loop
vertex -55.393890380859375 -63.801143646240234 -0.2980779707431793
vertex -55.313499450683594 -64.02201843261719 -0.32014966011047363
vertex -54.887535095214844 -63.823387145996094 -0.32014966011047363
endloop
endfacet
facet normal 0.06097831185528711 -0.08708584932026836 0.994332791539858
outer loop
vertex -53.9026985168457 -64.2408218383789 -0.4050999879837036
vertex -53.42856979370117 -63.90883255004883 -0.4050999879837036
vertex -54.12140655517578 -63.86200714111328 -0.3585101068019867
endloop
endfacet
facet normal 0.044929471399705455 -0.09635209277439243 0.9943327495450092
outer loop
vertex -54.887535095214844 -63.823387145996094 -0.32014966011047363
vertex -55.040714263916016 -64.771484375 -0.4050999879837036
vertex -53.9026985168457 -64.2408218383789 -0.4050999879837036
endloop
endfacet
facet normal 0.04492994445189133 -0.09635216664636054 0.9943327210114841
outer loop
vertex -55.313499450683594 -64.02201843261719 -0.32014966011047363
vertex -55.040714263916016 -64.771484375 -0.4050999879837036
vertex -54.887535095214844 -63.823387145996094 -0.32014966011047363
endloop
endfacet
facet normal 0.5735781035076711 -0.8191508769308272 0
outer loop
vertex -53.504478454589844 -64.93055725097656 -0.5
vertex -53.504478454589844 -64.93055725097656 -1.5
vertex -53.004478454589844 -64.58045196533203 -0.5
endloop
endfacet
facet normal 0.027515766447171405 -0.10269045268577248 0.9943327177177748
outer loop
vertex -55.313499450683594 -64.02201843261719 -0.32014966011047363
vertex -56.25359344482422 -65.09647369384766 -0.4050999879837036
vertex -55.040714263916016 -64.771484375 -0.4050999879837036
endloop
endfacet
facet normal 0.008179366985670952 -0.09348842511670526 0.9955867678534664
outer loop
vertex -57.10447692871094 -63.765567779541016 -0.2630769908428192
vertex -57.10447692871094 -64.37335205078125 -0.32014966011047363
vertex -56.487239837646484 -63.771392822265625 -0.2686949670314789
endloop
endfacet
facet normal 0.024289128873761567 -0.09064709460883777 0.995586833208199
outer loop
vertex -55.313499450683594 -64.02201843261719 -0.32014966011047363
vertex -55.393890380859375 -63.801143646240234 -0.2980779707431793
vertex -56.487239837646484 -63.771392822265625 -0.2686949670314789
endloop
endfacet
facet normal -0.02751587489249416 -0.1026904212348987 -0.9943327179649173
outer loop
vertex -59.968238830566406 -64.771484375 -1.5949000120162964
vertex -59.869991302490234 -64.50155639648438 -1.6254957914352417
vertex -58.650535583496094 -64.50196838378906 -1.6591988801956177
endloop
endfacet
facet normal 0.42262052825064694 -0.9063067301422538 0
outer loop
vertex -54.768314361572266 -65.5198974609375 -0.5
vertex -54.768314361572266 -65.5198974609375 -1.5
vertex -53.504478454589844 -64.93055725097656 -0.5
endloop
endfacet
facet normal -0.04492975123904655 -0.09635217508724873 -0.9943327289240527
outer loop
vertex -60.54759216308594 -64.50132751464844 -1.5949000120162964
vertex -59.869991302490234 -64.50155639648438 -1.6254957914352417
vertex -59.968238830566406 -64.771484375 -1.5949000120162964
endloop
endfacet
facet normal -0.027515823638567638 -0.10269066612741438 -0.9943326940917708
outer loop
vertex -58.7553596496582 -65.09647369384766 -1.5949000120162964
vertex -59.968238830566406 -64.771484375 -1.5949000120162964
vertex -58.650535583496094 -64.50196838378906 -1.6591988801956177
endloop
endfacet
facet normal -0.009265856654488988 -0.10590852876020865 -0.9943327045995753
outer loop
vertex -58.7553596496582 -65.09647369384766 -1.5949000120162964
vertex -58.650535583496094 -64.50196838378906 -1.6591988801956177
vertex -57.904476165771484 -64.5022201538086 -1.6661243438720703
endloop
endfacet
facet normal 0.25881548273982163 -0.965926780814236 0
outer loop
vertex -56.115291595458984 -65.88081359863281 -0.5
vertex -56.115291595458984 -65.88081359863281 -1.5
vertex -54.768314361572266 -65.5198974609375 -0.5
endloop
endfacet
facet normal 1 0 0
outer loop
vertex -53.004478454589844 -64.58045196533203 -0.5
vertex -53.004478454589844 -64.58045196533203 -1.5
vertex -53.004478454589844 -64.50387573242188 -1
endloop
endfacet
facet normal 0.5735781035076711 -0.8191508769308272 0
outer loop
vertex -53.504478454589844 -64.93055725097656 -1.5
vertex -53.004478454589844 -64.58045196533203 -1.5
vertex -53.004478454589844 -64.58045196533203 -0.5
endloop
endfacet
facet normal -0.009265508140888576 -0.10590902187443683 -0.9943326553244095
outer loop
vertex -58.7553596496582 -65.09647369384766 -1.5949000120162964
vertex -57.904476165771484 -64.5022201538086 -1.6661243438720703
vertex -57.904476165771484 -65.17091369628906 -1.5949000120162964
endloop
endfacet
facet normal 0.42262052825064694 -0.9063067301422538 0
outer loop
vertex -54.768314361572266 -65.5198974609375 -1.5
vertex -53.504478454589844 -64.93055725097656 -1.5
vertex -53.504478454589844 -64.93055725097656 -0.5
endloop
endfacet
facet normal 0.25881548273982163 -0.965926780814236 0
outer loop
vertex -56.115291595458984 -65.88081359863281 -1.5
vertex -54.768314361572266 -65.5198974609375 -1.5
vertex -54.768314361572266 -65.5198974609375 -0.5
endloop
endfacet
facet normal 0.009265455811025888 -0.10590842372002503 -0.9943327195228736
outer loop
vertex -57.10447692871094 -65.17091369628906 -1.5949000120162964
vertex -57.10447692871094 -64.50248718261719 -1.666095495223999
vertex -56.25359344482422 -65.09647369384766 -1.5949000120162964
endloop
endfacet
facet normal 0.08716108850428063 -0.9961942303841902 0
outer loop
vertex -57.10447692871094 -65.96736145019531 -0.5
vertex -57.10447692871094 -65.96736145019531 -1.5
vertex -56.115291595458984 -65.88081359863281 -0.5
endloop
endfacet
facet normal 0.00926580276311262 -0.10590793259490136 -0.9943327686004465
outer loop
vertex -57.10447692871094 -64.50248718261719 -1.666095495223999
vertex -56.35828399658203 -64.50273895263672 -1.659115195274353
vertex -56.25359344482422 -65.09647369384766 -1.5949000120162964
endloop
endfacet
facet normal 0.02751574672411584 -0.1026900024041913 -0.9943327647666255
outer loop
vertex -56.25359344482422 -65.09647369384766 -1.5949000120162964
vertex -56.35828399658203 -64.50273895263672 -1.659115195274353
vertex -55.13837814331055 -64.5031509399414 -1.625314712524414
endloop
endfacet
facet normal -0.08716108850428063 -0.9961942303841902 0
outer loop
vertex -58.89366149902344 -65.88081359863281 -0.5
vertex -58.89366149902344 -65.88081359863281 -1.5
vertex -57.904476165771484 -65.96736145019531 -0.5
endloop
endfacet
facet normal -0.25881548273982163 -0.965926780814236 0
outer loop
vertex -60.240638732910156 -65.5198974609375 -0.5
vertex -60.240638732910156 -65.5198974609375 -1.5
vertex -58.89366149902344 -65.88081359863281 -0.5
endloop
endfacet
facet normal 0.027515544619576105 -0.10268962481218868 -0.9943328093552078
outer loop
vertex -56.25359344482422 -65.09647369384766 -1.5949000120162964
vertex -55.13837814331055 -64.5031509399414 -1.625314712524414
vertex -55.040714263916016 -64.771484375 -1.5949000120162964
endloop
endfacet
facet normal 0.08716108850428063 -0.9961942303841902 0
outer loop
vertex -56.115291595458984 -65.88081359863281 -1.5
vertex -56.115291595458984 -65.88081359863281 -0.5
vertex -57.10447692871094 -65.96736145019531 -1.5
endloop
endfacet
facet normal 0.04492953454964626 -0.09635154729977355 -0.9943327995485676
outer loop
vertex -55.040714263916016 -64.771484375 -1.5949000120162964
vertex -55.13837814331055 -64.5031509399414 -1.625314712524414
vertex -54.465763092041016 -64.50337982177734 -1.5949000120162964
endloop
endfacet
facet normal -0.06811977311212858 -0.09729248799960723 -0.9929218842839543
outer loop
vertex -62.004478454589844 -64.58045196533203 -1.5
vertex -62.004478454589844 -64.50083923339844 -1.5078009366989136
vertex -61.25652313232422 -64.50109100341797 -1.5590900182724
endloop
endfacet
facet normal -0.08716108850428063 -0.9961942303841902 0
outer loop
vertex -58.89366149902344 -65.88081359863281 -1.5
vertex -57.904476165771484 -65.96736145019531 -1.5
vertex -57.904476165771484 -65.96736145019531 -0.5
endloop
endfacet
facet normal -0.25881548273982163 -0.965926780814236 0
outer loop
vertex -60.240638732910156 -65.5198974609375 -1.5
vertex -58.89366149902344 -65.88081359863281 -1.5
vertex -58.89366149902344 -65.88081359863281 -0.5
endloop
endfacet
facet normal -0.42261948047228126 -0.9063072187317825 0
outer loop
vertex -60.240638732910156 -65.5198974609375 -0.5
vertex -61.504478454589844 -64.93055725097656 -1.5
vertex -60.240638732910156 -65.5198974609375 -1.5
endloop
endfacet
facet normal -0.06812053251619628 -0.0972857813197376 -0.9929224893226651
outer loop
vertex -62.004478454589844 -64.58045196533203 -1.5
vertex -61.25652313232422 -64.50109100341797 -1.5590900182724
vertex -61.504478454589844 -64.93055725097656 -1.5
endloop
endfacet
facet normal -0.05019170737750549 -0.10763608593212974 -0.9929225878766894
outer loop
vertex -60.54759216308594 -64.50132751464844 -1.5949000120162964
vertex -60.240638732910156 -65.5198974609375 -1.5
vertex -61.504478454589844 -64.93055725097656 -1.5
endloop
endfacet
facet normal -0.05019107138133535 -0.10763747752011497 -0.9929224691720399
outer loop
vertex -61.25652313232422 -64.50109100341797 -1.5590900182724
vertex -60.54759216308594 -64.50132751464844 -1.5949000120162964
vertex -61.504478454589844 -64.93055725097656 -1.5
endloop
endfacet
facet normal -1 0 0
outer loop
vertex -62.004478454589844 -64.50083923339844 -1
vertex -62.004478454589844 -64.50083923339844 -1.5078009366989136
vertex -62.004478454589844 -64.58045196533203 -1.5
endloop
endfacet
facet normal -0.00817942832199809 -0.09348790797677181 0.9955868159103212
outer loop
vertex -58.52157974243164 -63.770633697509766 -0.26862257719039917
vertex -58.61686706542969 -64.31102752685547 -0.32014966011047363
vertex -57.904476165771484 -63.7652702331543 -0.26304900646209717
endloop
endfacet
facet normal 1 0 0
outer loop
vertex -53.004478454589844 -64.58045196533203 -1.5
vertex -53.004478454589844 -64.50387573242188 -1.5075032711029053
vertex -53.004478454589844 -64.50387573242188 -1
endloop
endfacet
facet normal 0.0681240300802956 -0.09729077633729767 -0.9929217599414895
outer loop
vertex -53.504478454589844 -64.93055725097656 -1.5
vertex -53.004478454589844 -64.50387573242188 -1.5075032711029053
vertex -53.004478454589844 -64.58045196533203 -1.5
endloop
endfacet
facet normal 0.06811999657287564 -0.09728606272335 -0.9929224985197483
outer loop
vertex -53.504478454589844 -64.93055725097656 -1.5
vertex -53.75096893310547 -64.50362396240234 -1.5587413311004639
vertex -53.004478454589844 -64.50387573242188 -1.5075032711029053
endloop
endfacet
facet normal 0.050191356920800775 -0.10763718403971681 -0.9929224865529279
outer loop
vertex -53.504478454589844 -64.93055725097656 -1.5
vertex -54.465763092041016 -64.50337982177734 -1.5949000120162964
vertex -53.75096893310547 -64.50362396240234 -1.5587413311004639
endloop
endfacet
facet normal 0.05019173365484869 -0.10763635207391359 -0.9929225576976994
outer loop
vertex -53.504478454589844 -64.93055725097656 -1.5
vertex -55.040714263916016 -64.771484375 -1.5949000120162964
vertex -54.465763092041016 -64.50337982177734 -1.5949000120162964
endloop
endfacet
facet normal 0.050191781208217705 -0.10763591937932698 -0.9929226021994432
outer loop
vertex -54.768314361572266 -65.5198974609375 -1.5
vertex -55.040714263916016 -64.771484375 -1.5949000120162964
vertex -53.504478454589844 -64.93055725097656 -1.5
endloop
endfacet
facet normal 0.03073812088894997 -0.11471646827852612 -0.9929226051560707
outer loop
vertex -54.768314361572266 -65.5198974609375 -1.5
vertex -56.25359344482422 -65.09647369384766 -1.5949000120162964
vertex -55.040714263916016 -64.771484375 -1.5949000120162964
endloop
endfacet
facet normal -0.02428913846127259 -0.09064729226627112 0.995586814977781
outer loop
vertex -58.52157974243164 -63.770633697509766 -0.26862257719039917
vertex -59.61448669433594 -63.799560546875 -0.29791978001594543
vertex -58.61686706542969 -64.31102752685547 -0.32014966011047363
endloop
endfacet
facet normal -0.03966010234288728 -0.08505258541959032 0.9955868289584766
outer loop
vertex -59.61448669433594 -63.799560546875 -0.29791978001594543
vertex -60.125213623046875 -63.82162094116211 -0.32014966011047363
vertex -59.69545364379883 -64.02201843261719 -0.32014966011047363
endloop
endfacet
facet normal -0.044930461991025704 -0.09635064745867887 0.9943328448359565
outer loop
vertex -60.125213623046875 -63.82162094116211 -0.32014966011047363
vertex -60.886043548583984 -63.85940170288086 -0.3581898808479309
vertex -61.10625457763672 -64.2408218383789 -0.4050999879837036
endloop
endfacet
facet normal 0.024289089974593434 -0.09064727363145668 0.9955868178573829
outer loop
vertex -56.487239837646484 -63.771392822265625 -0.2686949670314789
vertex -56.392086029052734 -64.31102752685547 -0.32014966011047363
vertex -55.313499450683594 -64.02201843261719 -0.32014966011047363
endloop
endfacet
facet normal 0.008178927846375287 -0.09348797872338954 0.9955868133786722
outer loop
vertex -57.10447692871094 -64.37335205078125 -0.32014966011047363
vertex -56.392086029052734 -64.31102752685547 -0.32014966011047363
vertex -56.487239837646484 -63.771392822265625 -0.2686949670314789
endloop
endfacet
facet normal -0.5735781035076711 -0.8191508769308272 0
outer loop
vertex -61.504478454589844 -64.93055725097656 -1.5
vertex -61.504478454589844 -64.93055725097656 -0.5
vertex -62.004478454589844 -64.58045196533203 -1.5
endloop
endfacet
facet normal -1 0 0
outer loop
vertex -62.004478454589844 -64.50083923339844 -1
vertex -62.004478454589844 -64.58045196533203 -1.5
vertex -62.004478454589844 -64.58045196533203 -0.5
endloop
endfacet
facet normal -0.42261948047228126 -0.9063072187317825 0
outer loop
vertex -61.504478454589844 -64.93055725097656 -0.5
vertex -61.504478454589844 -64.93055725097656 -1.5
vertex -60.240638732910156 -65.5198974609375 -0.5
endloop
endfacet
facet normal 0.02751617486923178 -0.1026908062538072 0.9943326699005263
outer loop
vertex -56.392086029052734 -64.31102752685547 -0.32014966011047363
vertex -56.25359344482422 -65.09647369384766 -0.4050999879837036
vertex -55.313499450683594 -64.02201843261719 -0.32014966011047363
endloop
endfacet
facet normal 0.0092655907229856 -0.10590891185743896 0.9943326662730775
outer loop
vertex -57.10447692871094 -64.37335205078125 -0.32014966011047363
vertex -57.10447692871094 -65.17091369628906 -0.4050999879837036
vertex -56.392086029052734 -64.31102752685547 -0.32014966011047363
endloop
endfacet
facet normal 0.009265491400015785 -0.10590883051855698 0.9943326758622125
outer loop
vertex -57.10447692871094 -65.17091369628906 -0.4050999879837036
vertex -56.25359344482422 -65.09647369384766 -0.4050999879837036
vertex -56.392086029052734 -64.31102752685547 -0.32014966011047363
endloop
endfacet
facet normal -0.008178973163500053 -0.09348849671382492 0.9955867643657081
outer loop
vertex -58.61686706542969 -64.31102752685547 -0.32014966011047363
vertex -57.904476165771484 -64.37335205078125 -0.32014966011047363
vertex -57.904476165771484 -63.7652702331543 -0.26304900646209717
endloop
endfacet
facet normal -0.010350484642439484 -0.11831080257429008 -0.9929226664055434
outer loop
vertex -57.904476165771484 -65.96736145019531 -1.5
vertex -58.7553596496582 -65.09647369384766 -1.5949000120162964
vertex -57.904476165771484 -65.17091369628906 -1.5949000120162964
endloop
endfacet
facet normal -0.009265498523907892 -0.10590891194792204 0.9943326671225836
outer loop
vertex -57.904476165771484 -64.37335205078125 -0.32014966011047363
vertex -58.7553596496582 -65.09647369384766 -0.4050999879837036
vertex -57.904476165771484 -65.17091369628906 -0.4050999879837036
endloop
endfacet
facet normal -0.024289047793553776 -0.09064711621113965 0.9955868332194268
outer loop
vertex -59.69545364379883 -64.02201843261719 -0.32014966011047363
vertex -58.61686706542969 -64.31102752685547 -0.32014966011047363
vertex -59.61448669433594 -63.799560546875 -0.29791978001594543
endloop
endfacet
facet normal -0.02751605233351927 -0.10269034894856136 0.994332720520049
outer loop
vertex -59.69545364379883 -64.02201843261719 -0.32014966011047363
vertex -59.968238830566406 -64.771484375 -0.4050999879837036
vertex -58.61686706542969 -64.31102752685547 -0.32014966011047363
endloop
endfacet
facet normal 0.030737917911201697 -0.11471716368199743 -0.9929225310965816
outer loop
vertex -56.115291595458984 -65.88081359863281 -1.5
vertex -56.25359344482422 -65.09647369384766 -1.5949000120162964
vertex -54.768314361572266 -65.5198974609375 -1.5
endloop
endfacet
facet normal -0.009265582214087546 -0.10590881459778646 0.9943326767117361
outer loop
vertex -58.61686706542969 -64.31102752685547 -0.32014966011047363
vertex -58.7553596496582 -65.09647369384766 -0.4050999879837036
vertex -57.904476165771484 -64.37335205078125 -0.32014966011047363
endloop
endfacet
facet normal -0.05019149558703732 -0.1076360237332068 -0.9929226053251285
outer loop
vertex -60.54759216308594 -64.50132751464844 -1.5949000120162964
vertex -59.968238830566406 -64.771484375 -1.5949000120162964
vertex -60.240638732910156 -65.5198974609375 -1.5
endloop
endfacet
facet normal -0.030738289537328156 -0.11471709768415557 -0.9929225272171254
outer loop
vertex -59.968238830566406 -64.771484375 -1.5949000120162964
vertex -58.7553596496582 -65.09647369384766 -1.5949000120162964
vertex -58.89366149902344 -65.88081359863281 -1.5
endloop
endfacet
facet normal -0.01035158662083029 -0.11831186420402334 -0.9929225284195138
outer loop
vertex -58.7553596496582 -65.09647369384766 -1.5949000120162964
vertex -57.904476165771484 -65.96736145019531 -1.5
vertex -58.89366149902344 -65.88081359863281 -1.5
endloop
endfacet
facet normal -0.030737766054245212 -0.11471659693575967 -0.99292260127639
outer loop
vertex -59.968238830566406 -64.771484375 -1.5949000120162964
vertex -58.89366149902344 -65.88081359863281 -1.5
vertex -60.240638732910156 -65.5198974609375 -1.5
endloop
endfacet
facet normal -0.5735781035076711 -0.8191508769308272 0
outer loop
vertex -62.004478454589844 -64.58045196533203 -0.5
vertex -62.004478454589844 -64.58045196533203 -1.5
vertex -61.504478454589844 -64.93055725097656 -0.5
endloop
endfacet
facet normal -1 0 0
outer loop
vertex -62.004478454589844 -63.9378776550293 -0.4370410144329071
vertex -62.004478454589844 -64.50083923339844 -1
vertex -62.004478454589844 -64.58045196533203 -0.5
endloop
endfacet
facet normal -0.06812030807062844 -0.09728546077963576 0.9929225361271928
outer loop
vertex -62.004478454589844 -64.58045196533203 -0.5
vertex -61.504478454589844 -64.93055725097656 -0.5
vertex -61.10625457763672 -64.2408218383789 -0.4050999879837036
endloop
endfacet
facet normal -0.050191565455899055 -0.1076367520168617 0.9929225228447318
outer loop
vertex -61.10625457763672 -64.2408218383789 -0.4050999879837036
vertex -61.504478454589844 -64.93055725097656 -0.5
vertex -59.968238830566406 -64.771484375 -0.4050999879837036
endloop
endfacet
facet normal -0.02751587541438936 -0.1026908593578149 0.9943326727029207
outer loop
vertex -59.968238830566406 -64.771484375 -0.4050999879837036
vertex -58.7553596496582 -65.09647369384766 -0.4050999879837036
vertex -58.61686706542969 -64.31102752685547 -0.32014966011047363
endloop
endfacet
facet normal -0.044929467766309995 -0.09635293832609441 0.9943326677738009
outer loop
vertex -61.10625457763672 -64.2408218383789 -0.4050999879837036
vertex -59.69545364379883 -64.02201843261719 -0.32014966011047363
vertex -60.125213623046875 -63.82162094116211 -0.32014966011047363
endloop
endfacet
facet normal -0.068119742817112 -0.0972858618627237 0.9929225356089755
outer loop
vertex -61.58431625366211 -63.90607833862305 -0.4050999879837036
vertex -62.004478454589844 -63.9378776550293 -0.4370410144329071
vertex -62.004478454589844 -64.58045196533203 -0.5
endloop
endfacet
facet normal -0.0681202835309036 -0.09728552440856936 0.9929225315764665
outer loop
vertex -61.58431625366211 -63.90607833862305 -0.4050999879837036
vertex -62.004478454589844 -64.58045196533203 -0.5
vertex -61.10625457763672 -64.2408218383789 -0.4050999879837036
endloop
endfacet
facet normal -0.04492956965268966 -0.09635230347975697 0.9943327246877521
outer loop
vertex -61.10625457763672 -64.2408218383789 -0.4050999879837036
vertex -59.968238830566406 -64.771484375 -0.4050999879837036
vertex -59.69545364379883 -64.02201843261719 -0.32014966011047363
endloop
endfacet
facet normal 0.06812039753896504 -0.09728578071812805 0.9929224986418617
outer loop
vertex -53.9026985168457 -64.2408218383789 -0.4050999879837036
vertex -53.504478454589844 -64.93055725097656 -0.5
vertex -53.42856979370117 -63.90883255004883 -0.4050999879837036
endloop
endfacet
facet normal 0.06812035848205934 -0.09728590422200868 0.9929224892205745
outer loop
vertex -53.42856979370117 -63.90883255004883 -0.4050999879837036
vertex -53.004478454589844 -64.58045196533203 -0.5
vertex -53.004478454589844 -63.941246032714844 -0.43737101554870605
endloop
endfacet
facet normal 0.06812053875038304 -0.09728579022304044 0.9929224880226231
outer loop
vertex -53.504478454589844 -64.93055725097656 -0.5
vertex -53.004478454589844 -64.58045196533203 -0.5
vertex -53.42856979370117 -63.90883255004883 -0.4050999879837036
endloop
endfacet
facet normal -0.06097817845679495 -0.0870855751203291 0.9943328237356207
outer loop
vertex -60.886043548583984 -63.85940170288086 -0.3581898808479309
vertex -61.58431625366211 -63.90607833862305 -0.4050999879837036
vertex -61.10625457763672 -64.2408218383789 -0.4050999879837036
endloop
endfacet
facet normal 0.050192142186563676 -0.10763669349483372 0.9929225000352359
outer loop
vertex -53.9026985168457 -64.2408218383789 -0.4050999879837036
vertex -54.768314361572266 -65.5198974609375 -0.5
vertex -53.504478454589844 -64.93055725097656 -0.5
endloop
endfacet
facet normal 0.05019126511808305 -0.10763610793679108 0.9929226078471907
outer loop
vertex -55.040714263916016 -64.771484375 -0.4050999879837036
vertex -54.768314361572266 -65.5198974609375 -0.5
vertex -53.9026985168457 -64.2408218383789 -0.4050999879837036
endloop
endfacet
facet normal 0.030737766054245212 -0.11471659693575967 0.99292260127639
outer loop
vertex -55.040714263916016 -64.771484375 -0.4050999879837036
vertex -56.115291595458984 -65.88081359863281 -0.5
vertex -54.768314361572266 -65.5198974609375 -0.5
endloop
endfacet
facet normal 1 0 0
outer loop
vertex -53.004478454589844 -64.58045196533203 -0.5
vertex -53.004478454589844 -64.50387573242188 -1
vertex -53.004478454589844 -63.941246032714844 -0.43737101554870605
endloop
endfacet
facet normal 0.030738289537328156 -0.11471709768415557 0.9929225272171254
outer loop
vertex -56.25359344482422 -65.09647369384766 -0.4050999879837036
vertex -56.115291595458984 -65.88081359863281 -0.5
vertex -55.040714263916016 -64.771484375 -0.4050999879837036
endloop
endfacet
facet normal 0.010350484642439484 -0.11831080257429008 0.9929226664055434
outer loop
vertex -57.10447692871094 -65.17091369628906 -0.4050999879837036
vertex -57.10447692871094 -65.96736145019531 -0.5
vertex -56.25359344482422 -65.09647369384766 -0.4050999879837036
endloop
endfacet
facet normal 0.01035158662083029 -0.11831186420402334 0.9929225284195138
outer loop
vertex -57.10447692871094 -65.96736145019531 -0.5
vertex -56.115291595458984 -65.88081359863281 -0.5
vertex -56.25359344482422 -65.09647369384766 -0.4050999879837036
endloop
endfacet
facet normal -0.010350592741722543 -0.11831203819884084 0.9929225180481762
outer loop
vertex -58.7553596496582 -65.09647369384766 -0.4050999879837036
vertex -58.89366149902344 -65.88081359863281 -0.5
vertex -57.904476165771484 -65.17091369628906 -0.4050999879837036
endloop
endfacet
facet normal -0.030737917911201697 -0.11471716368199743 0.9929225310965816
outer loop
vertex -58.7553596496582 -65.09647369384766 -0.4050999879837036
vertex -60.240638732910156 -65.5198974609375 -0.5
vertex -58.89366149902344 -65.88081359863281 -0.5
endloop
endfacet
facet normal -0.010351493626400865 -0.11831080133852177 0.9929226560343657
outer loop
vertex -58.89366149902344 -65.88081359863281 -0.5
vertex -57.904476165771484 -65.96736145019531 -0.5
vertex -57.904476165771484 -65.17091369628906 -0.4050999879837036
endloop
endfacet
facet normal -0.05019165176549849 -0.10763596667221456 0.9929226036160064
outer loop
vertex -59.968238830566406 -64.771484375 -0.4050999879837036
vertex -61.504478454589844 -64.93055725097656 -0.5
vertex -60.240638732910156 -65.5198974609375 -0.5
endloop
endfacet
facet normal -1 0 0
outer loop
vertex 155.18284606933594 -62.872127532958984 -4
vertex 155.18284606933594 -62.075008392333984 0
vertex 155.18284606933594 -62.075008392333984 -4.099999904632568
endloop
endfacet
facet normal 0 1 0
outer loop
vertex 148.78285217285156 -63.372127532958984 -4
vertex 143.68284606933594 -63.372127532958984 -4
vertex 148.78285217285156 -63.372127532958984 0
endloop
endfacet
facet normal 0 0 1
outer loop
vertex 143.18284606933594 -64.57009887695312 -5
vertex 155.03639221191406 -61.51857376098633 -5
vertex 154.8741912841797 -61.410186767578125 -5
endloop
endfacet
facet normal 0 0 1
outer loop
vertex 143.18284606933594 -64.57009887695312 -5
vertex 155.14479064941406 -61.6807861328125 -5
vertex 155.03639221191406 -61.51857376098633 -5
endloop
endfacet
facet normal 0 0 1
outer loop
vertex 143.18284606933594 -64.57009887695312 -5
vertex 155.18284606933594 -61.872127532958984 -5
vertex 155.14479064941406 -61.6807861328125 -5
endloop
endfacet
facet normal 0 0 1
outer loop
vertex 155.18284606933594 -64.57415008544922 -5
vertex 155.18284606933594 -61.872127532958984 -5
vertex 143.18284606933594 -64.57009887695312 -5
endloop
endfacet
facet normal 0 0 1
outer loop
vertex 143.4915008544922 -61.410186767578125 -5
vertex 143.18284606933594 -64.57009887695312 -5
vertex 154.8741912841797 -61.410186767578125 -5
endloop
endfacet
facet normal 0 0 1
outer loop
vertex 143.3292999267578 -61.51857376098633 -5
vertex 143.18284606933594 -64.57009887695312 -5
vertex 143.4915008544922 -61.410186767578125 -5
endloop
endfacet
facet normal -1 0 0
outer loop
vertex 149.5828399658203 -63.572261810302734 0
vertex 149.5828399658203 -64.57225799560547 -4
vertex 149.5828399658203 -63.8353385925293 -0.2630769908428192
endloop
endfacet
facet normal 1 0 0
outer loop
vertex 148.78285217285156 -65.24069213867188 -1.5949000120162964
vertex 148.78285217285156 -64.57199096679688 -1.6661243438720703
vertex 148.78285217285156 -64.44312286376953 -0.32014966011047363
endloop
endfacet
facet normal -1 0 0
outer loop
vertex 149.5828399658203 -64.57225799560547 -1.666095495223999
vertex 149.5828399658203 -65.24069213867188 -1.5949000120162964
vertex 149.5828399658203 -65.24069213867188 -0.4050999879837036
endloop
endfacet
facet normal -1 0 0
outer loop
vertex 149.5828399658203 -63.572261810302734 0
vertex 149.5828399658203 -63.372127532958984 0
vertex 149.5828399658203 -63.372127532958984 -4
endloop
endfacet
facet normal -0.007193259767819254 0.9999741281722806 0
outer loop
vertex 154.8741912841797 -63.33406448364258 0
vertex 149.5828399658203 -63.372127532958984 -4
vertex 149.5828399658203 -63.372127532958984 0
endloop
endfacet
facet normal 0 0 1
outer loop
vertex 143.2209014892578 -61.6807861328125 -5
vertex 143.18284606933594 -64.57009887695312 -5
vertex 143.3292999267578 -61.51857376098633 -5
endloop
endfacet
facet normal 0 0 1
outer loop
vertex 143.18284606933594 -64.57009887695312 -5
vertex 143.2209014892578 -61.6807861328125 -5
vertex 143.18284606933594 -61.872127532958984 -5
endloop
endfacet
facet normal 0.9807899398239572 -0.1950668960641918 0
outer loop
vertex 143.18284606933594 -61.872127532958984 -5
vertex 143.2209014892578 -61.6807861328125 -5
vertex 143.2209014892578 -61.6807861328125 -4.099999904632568
endloop
endfacet
facet normal -1 0 0
outer loop
vertex 155.18284606933594 -64.57415008544922 -5
vertex 155.18284606933594 -64.57415008544922 -4
vertex 155.18284606933594 -62.872127532958984 -4
endloop
endfacet
facet normal 0.831442155391748 -0.5556113229925431 0
outer loop
vertex 143.2209014892578 -61.6807861328125 -5
vertex 143.3292999267578 -61.51857376098633 -5
vertex 143.3292999267578 -61.51857376098633 -4.099999904632568
endloop
endfacet
facet normal 0 1 0
outer loop
vertex 148.78285217285156 -63.372127532958984 0
vertex 143.68284606933594 -63.372127532958984 -4
vertex 143.68284606933594 -63.372127532958984 0
endloop
endfacet
facet normal 1 0 0
outer loop
vertex 143.18284606933594 -62.075008392333984 0
vertex 143.18284606933594 -62.872127532958984 0
vertex 143.18284606933594 -62.075008392333984 -4.099999904632568
endloop
endfacet
facet normal 0.19510077321173103 0.9807832014732841 0
outer loop
vertex 143.68284606933594 -63.372127532958984 -4
vertex 143.4915008544922 -63.33406448364258 0
vertex 143.68284606933594 -63.372127532958984 0
endloop
endfacet
facet normal 1 0 0
outer loop
vertex 148.78285217285156 -66.0371322631836 -1.5
vertex 148.78285217285156 -65.24069213867188 -1.5949000120162964
vertex 148.78285217285156 -65.24069213867188 -0.4050999879837036
endloop
endfacet
facet normal 0.8314421553917481 0.5556113229925432 0
outer loop
vertex 143.3292999267578 -63.22568130493164 0
vertex 143.3292999267578 -63.22568130493164 -4
vertex 143.2209014892578 -63.06346893310547 0
endloop
endfacet
facet normal -1 0 0
outer loop
vertex 149.5828399658203 -65.24069213867188 -0.4050999879837036
vertex 149.5828399658203 -65.24069213867188 -1.5949000120162964
vertex 149.5828399658203 -66.0371322631836 -1.5
endloop
endfacet
facet normal 0.9807899398239573 0.19506689606419184 0
outer loop
vertex 143.18284606933594 -62.872127532958984 0
vertex 143.2209014892578 -63.06346893310547 0
vertex 143.2209014892578 -63.06346893310547 -4
endloop
endfacet
facet normal 0.555584350925849 0.831460178845808 0
outer loop
vertex 143.3292999267578 -63.22568130493164 0
vertex 143.4915008544922 -63.33406448364258 0
vertex 143.4915008544922 -63.33406448364258 -4
endloop
endfacet
facet normal 0.5555978692865379 -0.8314511456749935 0
outer loop
vertex 143.3292999267578 -61.51857376098633 -5
vertex 143.4915008544922 -61.410186767578125 -5
vertex 143.4915008544922 -61.410186767578125 -4.099999904632568
endloop
endfacet
facet normal 1 0 0
outer loop
vertex 148.78285217285156 -66.0371322631836 -0.5
vertex 148.78285217285156 -66.0371322631836 -1.5
vertex 148.78285217285156 -65.24069213867188 -0.4050999879837036
endloop
endfacet
facet normal 0 -1 0
outer loop
vertex 143.4915008544922 -61.410186767578125 -5
vertex 154.8741912841797 -61.410186767578125 -5
vertex 143.4915008544922 -61.410186767578125 -4.099999904632568
endloop
endfacet
facet normal -1 0 0
outer loop
vertex 149.5828399658203 -65.24069213867188 -0.4050999879837036
vertex 149.5828399658203 -66.0371322631836 -1.5
vertex 149.5828399658203 -66.0371322631836 -0.5
endloop
endfacet
facet normal -0.5555978692865379 -0.8314511456749935 0
outer loop
vertex 154.8741912841797 -61.410186767578125 -5
vertex 155.03639221191406 -61.51857376098633 -5
vertex 155.03639221191406 -61.51857376098633 -4.099999904632568
endloop
endfacet
facet normal -1 0 0
outer loop
vertex 149.5828399658203 -64.57225799560547 -1.666095495223999
vertex 149.5828399658203 -65.24069213867188 -0.4050999879837036
vertex 149.5828399658203 -64.44312286376953 -0.32014966011047363
endloop
endfacet
facet normal -0.9807899398239572 -0.1950668960641918 0
outer loop
vertex 155.14479064941406 -61.6807861328125 -5
vertex 155.18284606933594 -61.872127532958984 -5
vertex 155.18284606933594 -61.872127532958984 -4.099999904632568
endloop
endfacet
facet normal -0.831442155391748 -0.5556113229925431 0
outer loop
vertex 155.03639221191406 -61.51857376098633 -5
vertex 155.14479064941406 -61.6807861328125 -5
vertex 155.14479064941406 -61.6807861328125 -4.099999904632568
endloop
endfacet
facet normal 1 0 0
outer loop
vertex 148.78285217285156 -64.57199096679688 -1.6661243438720703
vertex 148.78285217285156 -63.372127532958984 -4
vertex 148.78285217285156 -63.372127532958984 0
endloop
endfacet
facet normal 1 0 0
outer loop
vertex 143.18284606933594 -64.57009887695312 -4
vertex 143.18284606933594 -64.57009887695312 -5
vertex 143.18284606933594 -62.872127532958984 -4
endloop
endfacet
facet normal 1 0 0
outer loop
vertex 143.18284606933594 -62.872127532958984 -4
vertex 143.18284606933594 -64.57009887695312 -5
vertex 143.18284606933594 -61.872127532958984 -5
endloop
endfacet
facet normal 1 0 0
outer loop
vertex 143.18284606933594 -62.872127532958984 -4
vertex 143.18284606933594 -61.872127532958984 -5
vertex 143.18284606933594 -62.075008392333984 -4.099999904632568
endloop
endfacet
facet normal -0.555584350925849 0.831460178845808 0
outer loop
vertex 155.03639221191406 -63.22568130493164 0
vertex 155.03639221191406 -63.22568130493164 -4
vertex 154.8741912841797 -63.33406448364258 0
endloop
endfacet
facet normal -0.8314421553917481 0.5556113229925432 0
outer loop
vertex 155.14479064941406 -63.06346893310547 0
vertex 155.14479064941406 -63.06346893310547 -4
vertex 155.03639221191406 -63.22568130493164 0
endloop
endfacet
facet normal -0.9807899398239573 0.19506689606419184 0
outer loop
vertex 155.18284606933594 -62.872127532958984 -4
vertex 155.14479064941406 -63.06346893310547 0
vertex 155.18284606933594 -62.872127532958984 0
endloop
endfacet
facet normal -1 0 0
outer loop
vertex 155.18284606933594 -62.075008392333984 0
vertex 155.18284606933594 -62.872127532958984 -4
vertex 155.18284606933594 -62.872127532958984 0
endloop
endfacet
facet normal 1 0 0
outer loop
vertex 143.18284606933594 -61.872127532958984 -4.099999904632568
vertex 143.18284606933594 -62.075008392333984 -4.099999904632568
vertex 143.18284606933594 -61.872127532958984 -5
endloop
endfacet
facet normal 0 0 -1
outer loop
vertex 143.18284606933594 -64.57009887695312 -4
vertex 143.68284606933594 -63.372127532958984 -4
vertex 148.78285217285156 -64.57199096679688 -4
endloop
endfacet
facet normal 0 0 -1
outer loop
vertex 143.18284606933594 -64.57009887695312 -4
vertex 143.4915008544922 -63.33406448364258 -4
vertex 143.68284606933594 -63.372127532958984 -4
endloop
endfacet
facet normal 0 0 -1
outer loop
vertex 143.18284606933594 -64.57009887695312 -4
vertex 143.2209014892578 -63.06346893310547 -4
vertex 143.3292999267578 -63.22568130493164 -4
endloop
endfacet
facet normal -1 0 0
outer loop
vertex 155.18284606933594 -61.872127532958984 -5
vertex 155.18284606933594 -62.872127532958984 -4
vertex 155.18284606933594 -62.075008392333984 -4.099999904632568
endloop
endfacet
facet normal 0 0 -1
outer loop
vertex 143.2209014892578 -63.06346893310547 -4
vertex 143.18284606933594 -64.57009887695312 -4
vertex 143.18284606933594 -62.872127532958984 -4
endloop
endfacet
facet normal -1 0 0
outer loop
vertex 155.18284606933594 -61.872127532958984 -4.099999904632568
vertex 155.18284606933594 -61.872127532958984 -5
vertex 155.18284606933594 -62.075008392333984 -4.099999904632568
endloop
endfacet
facet normal 0 0 -1
outer loop
vertex 155.18284606933594 -64.57415008544922 -4
vertex 149.5828399658203 -63.372127532958984 -4
vertex 154.8741912841797 -63.33406448364258 -4
endloop
endfacet
facet normal 0 0 -1
outer loop
vertex 143.4915008544922 -63.33406448364258 -4
vertex 143.18284606933594 -64.57009887695312 -4
vertex 143.3292999267578 -63.22568130493164 -4
endloop
endfacet
facet normal 0 0 -1
outer loop
vertex 149.5828399658203 -63.372127532958984 -4
vertex 155.18284606933594 -64.57415008544922 -4
vertex 149.5828399658203 -64.57225799560547 -4
endloop
endfacet
facet normal -1 0 0
outer loop
vertex 149.5828399658203 -64.57225799560547 -4
vertex 149.5828399658203 -64.57225799560547 -1.666095495223999
vertex 149.5828399658203 -63.8353385925293 -0.2630769908428192
endloop
endfacet
facet normal 0 0 -1
outer loop
vertex 155.18284606933594 -64.57415008544922 -4
vertex 154.8741912841797 -63.33406448364258 -4
vertex 155.03639221191406 -63.22568130493164 -4
endloop
endfacet
facet normal 0 0 -1
outer loop
vertex 148.78285217285156 -64.57199096679688 -4
vertex 143.68284606933594 -63.372127532958984 -4
vertex 148.78285217285156 -63.372127532958984 -4
endloop
endfacet
facet normal -0.8314421553917481 0.5556113229925432 0
outer loop
vertex 155.14479064941406 -63.06346893310547 -4
vertex 155.03639221191406 -63.22568130493164 -4
vertex 155.03639221191406 -63.22568130493164 0
endloop
endfacet
facet normal -0.555584350925849 0.831460178845808 0
outer loop
vertex 155.03639221191406 -63.22568130493164 -4
vertex 154.8741912841797 -63.33406448364258 -4
vertex 154.8741912841797 -63.33406448364258 0
endloop
endfacet
facet normal -0.007193259767819254 0.9999741281722806 0
outer loop
vertex 154.8741912841797 -63.33406448364258 -4
vertex 149.5828399658203 -63.372127532958984 -4
vertex 154.8741912841797 -63.33406448364258 0
endloop
endfacet
facet normal 0 0 -1
outer loop
vertex 155.18284606933594 -64.57415008544922 -4
vertex 155.03639221191406 -63.22568130493164 -4
vertex 155.14479064941406 -63.06346893310547 -4
endloop
endfacet
facet normal 1 0 0
outer loop
vertex 148.78285217285156 -65.24069213867188 -0.4050999879837036
vertex 148.78285217285156 -65.24069213867188 -1.5949000120162964
vertex 148.78285217285156 -64.44312286376953 -0.32014966011047363
endloop
endfacet
facet normal 1 0 0
outer loop
vertex 148.78285217285156 -64.44312286376953 -0.32014966011047363
vertex 148.78285217285156 -64.57199096679688 -1.6661243438720703
vertex 148.78285217285156 -63.83504104614258 -0.26304900646209717
endloop
endfacet
facet normal 1 0 0
outer loop
vertex 148.78285217285156 -63.83504104614258 -0.26304900646209717
vertex 148.78285217285156 -64.57199096679688 -1.6661243438720703
vertex 148.78285217285156 -63.571990966796875 0
endloop
endfacet
facet normal -1 0 0
outer loop
vertex 149.5828399658203 -63.8353385925293 -0.2630769908428192
vertex 149.5828399658203 -64.57225799560547 -1.666095495223999
vertex 149.5828399658203 -64.44312286376953 -0.32014966011047363
endloop
endfacet
facet normal -1 0 0
outer loop
vertex 155.18284606933594 -61.872127532958984 -5
vertex 155.18284606933594 -64.57415008544922 -5
vertex 155.18284606933594 -62.872127532958984 -4
endloop
endfacet
facet normal 0 -1 0
outer loop
vertex 143.4915008544922 -61.410186767578125 -4.099999904632568
vertex 154.8741912841797 -61.410186767578125 -5
vertex 154.8741912841797 -61.410186767578125 -4.099999904632568
endloop
endfacet
facet normal -0.9807899398239573 0.19506689606419184 0
outer loop
vertex 155.18284606933594 -62.872127532958984 -4
vertex 155.14479064941406 -63.06346893310547 -4
vertex 155.14479064941406 -63.06346893310547 0
endloop
endfacet
facet normal 0 0 -1
outer loop
vertex 155.18284606933594 -62.872127532958984 -4
vertex 155.18284606933594 -64.57415008544922 -4
vertex 155.14479064941406 -63.06346893310547 -4
endloop
endfacet
facet normal -0.5555978692865379 -0.8314511456749935 0
outer loop
vertex 154.8741912841797 -61.410186767578125 -4.099999904632568
vertex 154.8741912841797 -61.410186767578125 -5
vertex 155.03639221191406 -61.51857376098633 -4.099999904632568
endloop
endfacet
facet normal -0.9807899398239572 -0.1950668960641918 0
outer loop
vertex 155.14479064941406 -61.6807861328125 -4.099999904632568
vertex 155.14479064941406 -61.6807861328125 -5
vertex 155.18284606933594 -61.872127532958984 -4.099999904632568
endloop
endfacet
facet normal -0.831442155391748 -0.5556113229925431 0
outer loop
vertex 155.03639221191406 -61.51857376098633 -4.099999904632568
vertex 155.03639221191406 -61.51857376098633 -5
vertex 155.14479064941406 -61.6807861328125 -4.099999904632568
endloop
endfacet
facet normal 1 0 0
outer loop
vertex 148.78285217285156 -64.57199096679688 -1.6661243438720703
vertex 148.78285217285156 -64.57199096679688 -4
vertex 148.78285217285156 -63.372127532958984 -4
endloop
endfacet
facet normal 1 0 0
outer loop
vertex 148.78285217285156 -63.571990966796875 0
vertex 148.78285217285156 -64.57199096679688 -1.6661243438720703
vertex 148.78285217285156 -63.372127532958984 0
endloop
endfacet
facet normal 0.19510077321173103 0.9807832014732841 0
outer loop
vertex 143.68284606933594 -63.372127532958984 -4
vertex 143.4915008544922 -63.33406448364258 -4
vertex 143.4915008544922 -63.33406448364258 0
endloop
endfacet
facet normal 0.555584350925849 0.831460178845808 0
outer loop
vertex 143.4915008544922 -63.33406448364258 -4
vertex 143.3292999267578 -63.22568130493164 -4
vertex 143.3292999267578 -63.22568130493164 0
endloop
endfacet
facet normal 0.8314421553917481 0.5556113229925432 0
outer loop
vertex 143.3292999267578 -63.22568130493164 -4
vertex 143.2209014892578 -63.06346893310547 -4
vertex 143.2209014892578 -63.06346893310547 0
endloop
endfacet
facet normal 1 0 0
outer loop
vertex 143.18284606933594 -62.872127532958984 -4
vertex 143.18284606933594 -62.075008392333984 -4.099999904632568
vertex 143.18284606933594 -62.872127532958984 0
endloop
endfacet
facet normal 0.9807899398239573 0.19506689606419184 0
outer loop
vertex 143.2209014892578 -63.06346893310547 -4
vertex 143.18284606933594 -62.872127532958984 -4
vertex 143.18284606933594 -62.872127532958984 0
endloop
endfacet
facet normal 0.5555978692865379 -0.8314511456749935 0
outer loop
vertex 143.4915008544922 -61.410186767578125 -4.099999904632568
vertex 143.3292999267578 -61.51857376098633 -4.099999904632568
vertex 143.3292999267578 -61.51857376098633 -5
endloop
endfacet
facet normal 0.831442155391748 -0.5556113229925431 0
outer loop
vertex 143.3292999267578 -61.51857376098633 -4.099999904632568
vertex 143.2209014892578 -61.6807861328125 -4.099999904632568
vertex 143.2209014892578 -61.6807861328125 -5
endloop
endfacet
facet normal 0.9807899398239572 -0.1950668960641918 0
outer loop
vertex 143.2209014892578 -61.6807861328125 -4.099999904632568
vertex 143.18284606933594 -61.872127532958984 -4.099999904632568
vertex 143.18284606933594 -61.872127532958984 -5
endloop
endfacet
facet normal -1 0 0
outer loop
vertex 149.5828399658203 -63.372127532958984 -4
vertex 149.5828399658203 -64.57225799560547 -4
vertex 149.5828399658203 -63.572261810302734 0
endloop
endfacet
facet normal -1 0 0
outer loop
vertex 63.18284606933594 -61.841068267822266 -5
vertex 63.18284606933594 -62.841068267822266 -4
vertex 63.18284606933594 -62.075008392333984 -4.099999904632568
endloop
endfacet
facet normal 0 0 1
outer loop
vertex 57.975006103515625 -62.62500762939453 -5
vertex 51.18284606933594 -62.62500762939453 -5
vertex 51.18284606933594 -64.53904724121094 -5
endloop
endfacet
facet normal -1 0 0
outer loop
vertex 63.18284606933594 -62.841068267822266 -4
vertex 63.18284606933594 -62.075008392333984 0
vertex 63.18284606933594 -62.075008392333984 -4.099999904632568
endloop
endfacet
facet normal -0.9807869428222868 0.19508196428504695 0
outer loop
vertex 63.18284606933594 -62.841068267822266 -4
vertex 63.1447868347168 -63.032413482666016 -4
vertex 63.1447868347168 -63.032413482666016 0
endloop
endfacet
facet normal -0.83146321751404 0.5555798033776966 0
outer loop
vertex 63.1447868347168 -63.032413482666016 -4
vertex 63.036399841308594 -63.19462203979492 -4
vertex 63.036399841308594 -63.19462203979492 0
endloop
endfacet
facet normal -0.5555707707654927 0.8314692529919772 0
outer loop
vertex 63.036399841308594 -63.19462203979492 -4
vertex 62.87418746948242 -63.303009033203125 -4
vertex 62.87418746948242 -63.303009033203125 0
endloop
endfacet
facet normal -0.007192554448326422 0.9999741332457094 0
outer loop
vertex 62.87418746948242 -63.303009033203125 -4
vertex 57.582847595214844 -63.341068267822266 -4
vertex 62.87418746948242 -63.303009033203125 0
endloop
endfacet
facet normal 1 0 0
outer loop
vertex 56.78284454345703 -64.54093170166016 -1.6661243438720703
vertex 56.78284454345703 -63.341068267822266 -4
vertex 56.78284454345703 -63.341068267822266 0
endloop
endfacet
facet normal 1 0 0
outer loop
vertex 51.18284606933594 -62.62500762939453 0
vertex 51.18284606933594 -62.841068267822266 0
vertex 51.18284606933594 -62.62500762939453 -5
endloop
endfacet
facet normal -1 0 0
outer loop
vertex 57.582847595214844 -64.54120635986328 -4
vertex 57.582847595214844 -64.54120635986328 -1.666095495223999
vertex 57.582847595214844 -64.41206359863281 -0.32014966011047363
endloop
endfacet
facet normal 0.5555707707654927 0.8314692529919772 0
outer loop
vertex 51.32929229736328 -63.19462203979492 0
vertex 51.49150466918945 -63.303009033203125 0
vertex 51.49150466918945 -63.303009033203125 -4
endloop
endfacet
facet normal 0.19508570553829574 0.9807861986664705 0
outer loop
vertex 51.68284606933594 -63.341068267822266 -4
vertex 51.49150466918945 -63.303009033203125 0
vertex 51.68284606933594 -63.341068267822266 0
endloop
endfacet
facet normal 0.83146321751404 0.5555798033776966 0
outer loop
vertex 51.32929229736328 -63.19462203979492 0
vertex 51.32929229736328 -63.19462203979492 -4
vertex 51.22090530395508 -63.032413482666016 0
endloop
endfacet
facet normal 0 1 0
outer loop
vertex 56.78284454345703 -63.341068267822266 0
vertex 51.68284606933594 -63.341068267822266 -4
vertex 51.68284606933594 -63.341068267822266 0
endloop
endfacet
facet normal -1 0 0
outer loop
vertex 57.582847595214844 -64.41206359863281 -0.32014966011047363
vertex 57.582847595214844 -63.804283142089844 -0.2630769908428192
vertex 57.582847595214844 -64.54120635986328 -4
endloop
endfacet
facet normal 0 0 -1
outer loop
vertex 63.18284606933594 -64.54309844970703 -4
vertex 63.036399841308594 -63.19462203979492 -4
vertex 63.1447868347168 -63.032413482666016 -4
endloop
endfacet
facet normal 1 0 0
outer loop
vertex 56.78284454345703 -65.20963287353516 -1.5949000120162964
vertex 56.78284454345703 -64.54093170166016 -1.6661243438720703
vertex 56.78284454345703 -64.41206359863281 -0.32014966011047363
endloop
endfacet
facet normal -1 0 0
outer loop
vertex 57.582847595214844 -64.54120635986328 -1.666095495223999
vertex 57.582847595214844 -65.20963287353516 -1.5949000120162964
vertex 57.582847595214844 -65.20963287353516 -0.4050999879837036
endloop
endfacet
facet normal 0 0 -1
outer loop
vertex 63.18284606933594 -62.841068267822266 -4
vertex 63.18284606933594 -64.54309844970703 -4
vertex 63.1447868347168 -63.032413482666016 -4
endloop
endfacet
facet normal -0.007769032773757206 -0.9999698206094825 0
outer loop
vertex 57.975006103515625 -61.341068267822266 -4.099999904632568
vertex 62.87418746948242 -61.37913131713867 -5
vertex 62.87418746948242 -61.37913131713867 -4.099999904632568
endloop
endfacet
facet normal -1 0 0
outer loop
vertex 57.582847595214844 -63.54120635986328 0
vertex 57.582847595214844 -64.54120635986328 -4
vertex 57.582847595214844 -63.804283142089844 -0.2630769908428192
endloop
endfacet
facet normal -1 0 0
outer loop
vertex 63.18284606933594 -61.841068267822266 -4.099999904632568
vertex 63.18284606933594 -61.841068267822266 -5
vertex 63.18284606933594 -62.075008392333984 -4.099999904632568
endloop
endfacet
facet normal -1 0 0
outer loop
vertex 57.582847595214844 -63.341068267822266 -4
vertex 57.582847595214844 -64.54120635986328 -4
vertex 57.582847595214844 -63.54120635986328 0
endloop
endfacet
facet normal -1 0 0
outer loop
vertex 57.582847595214844 -63.54120635986328 0
vertex 57.582847595214844 -63.341068267822266 0
vertex 57.582847595214844 -63.341068267822266 -4
endloop
endfacet
facet normal -0.007192554448326422 0.9999741332457094 0
outer loop
vertex 62.87418746948242 -63.303009033203125 0
vertex 57.582847595214844 -63.341068267822266 -4
vertex 57.582847595214844 -63.341068267822266 0
endloop
endfacet
facet normal -0.9807861986664705 -0.19508570553829574 0
outer loop
vertex 63.1447868347168 -61.64972686767578 -4.099999904632568
vertex 63.1447868347168 -61.64972686767578 -5
vertex 63.18284606933594 -61.841068267822266 -4.099999904632568
endloop
endfacet
facet normal -0.83146321751404 -0.5555798033776966 0
outer loop
vertex 63.036399841308594 -61.487518310546875 -4.099999904632568
vertex 63.036399841308594 -61.487518310546875 -5
vertex 63.1447868347168 -61.64972686767578 -4.099999904632568
endloop
endfacet
facet normal -1 0 0
outer loop
vertex 63.18284606933594 -61.841068267822266 -5
vertex 63.18284606933594 -64.54309844970703 -5
vertex 63.18284606933594 -62.841068267822266 -4
endloop
endfacet
facet normal -0.5555707707654927 -0.8314692529919772 0
outer loop
vertex 62.87418746948242 -61.37913131713867 -4.099999904632568
vertex 62.87418746948242 -61.37913131713867 -5
vertex 63.036399841308594 -61.487518310546875 -4.099999904632568
endloop
endfacet
facet normal 1 0 0
outer loop
vertex 56.78284454345703 -64.54093170166016 -1.6661243438720703
vertex 56.78284454345703 -64.54093170166016 -4
vertex 56.78284454345703 -63.341068267822266 -4
endloop
endfacet
facet normal 0 0 -1
outer loop
vertex 57.582847595214844 -63.341068267822266 -4
vertex 63.18284606933594 -64.54309844970703 -4
vertex 57.582847595214844 -64.54120635986328 -4
endloop
endfacet
facet normal 0 1 0
outer loop
vertex 56.78284454345703 -63.341068267822266 -4
vertex 51.68284606933594 -63.341068267822266 -4
vertex 56.78284454345703 -63.341068267822266 0
endloop
endfacet
facet normal 0.9807869428222868 0.19508196428504695 0
outer loop
vertex 51.22090530395508 -63.032413482666016 -4
vertex 51.18284606933594 -62.841068267822266 -4
vertex 51.18284606933594 -62.841068267822266 0
endloop
endfacet
facet normal 0 0 -1
outer loop
vertex 56.78284454345703 -64.54093170166016 -4
vertex 51.68284606933594 -63.341068267822266 -4
vertex 56.78284454345703 -63.341068267822266 -4
endloop
endfacet
facet normal 0 0 -1
outer loop
vertex 51.22090530395508 -63.032413482666016 -4
vertex 51.18284606933594 -64.53904724121094 -4
vertex 51.18284606933594 -62.841068267822266 -4
endloop
endfacet
facet normal 0 0 -1
outer loop
vertex 63.18284606933594 -64.54309844970703 -4
vertex 57.582847595214844 -63.341068267822266 -4
vertex 62.87418746948242 -63.303009033203125 -4
endloop
endfacet
facet normal -1 0 0
outer loop
vertex 63.18284606933594 -62.841068267822266 -4
vertex 63.18284606933594 -64.54309844970703 -5
vertex 63.18284606933594 -64.54309844970703 -4
endloop
endfacet
facet normal 0 0 -1
outer loop
vertex 63.18284606933594 -64.54309844970703 -4
vertex 62.87418746948242 -63.303009033203125 -4
vertex 63.036399841308594 -63.19462203979492 -4
endloop
endfacet
facet normal 0 0 -1
outer loop
vertex 51.32929229736328 -63.19462203979492 -4
vertex 51.18284606933594 -64.53904724121094 -4
vertex 51.22090530395508 -63.032413482666016 -4
endloop
endfacet
facet normal 0 0 -1
outer loop
vertex 51.18284606933594 -64.53904724121094 -4
vertex 51.49150466918945 -63.303009033203125 -4
vertex 51.68284606933594 -63.341068267822266 -4
endloop
endfacet
facet normal 0 0 -1
outer loop
vertex 51.49150466918945 -63.303009033203125 -4
vertex 51.18284606933594 -64.53904724121094 -4
vertex 51.32929229736328 -63.19462203979492 -4
endloop
endfacet
facet normal 0 0 -1
outer loop
vertex 56.78284454345703 -64.54093170166016 -4
vertex 51.18284606933594 -64.53904724121094 -4
vertex 51.68284606933594 -63.341068267822266 -4
endloop
endfacet
facet normal 1 0 0
outer loop
vertex 51.18284606933594 -64.53904724121094 -4
vertex 51.18284606933594 -62.62500762939453 -5
vertex 51.18284606933594 -62.841068267822266 -4
endloop
endfacet
facet normal 1 0 0
outer loop
vertex 51.18284606933594 -64.53904724121094 -4
vertex 51.18284606933594 -64.53904724121094 -5
vertex 51.18284606933594 -62.62500762939453 -5
endloop
endfacet
facet normal 1 0 0
outer loop
vertex 56.78284454345703 -66.00607299804688 -1.5
vertex 56.78284454345703 -65.20963287353516 -1.5949000120162964
vertex 56.78284454345703 -65.20963287353516 -0.4050999879837036
endloop
endfacet
facet normal -1 0 0
outer loop
vertex 57.582847595214844 -65.20963287353516 -0.4050999879837036
vertex 57.582847595214844 -65.20963287353516 -1.5949000120162964
vertex 57.582847595214844 -66.00607299804688 -1.5
endloop
endfacet
facet normal 1 0 0
outer loop
vertex 56.78284454345703 -66.00607299804688 -0.5
vertex 56.78284454345703 -66.00607299804688 -1.5
vertex 56.78284454345703 -65.20963287353516 -0.4050999879837036
endloop
endfacet
facet normal -1 0 0
outer loop
vertex 57.582847595214844 -65.20963287353516 -0.4050999879837036
vertex 57.582847595214844 -66.00607299804688 -1.5
vertex 57.582847595214844 -66.00607299804688 -0.5
endloop
endfacet
facet normal -1 0 0
outer loop
vertex 57.582847595214844 -64.41206359863281 -0.32014966011047363
vertex 57.582847595214844 -64.54120635986328 -1.666095495223999
vertex 57.582847595214844 -65.20963287353516 -0.4050999879837036
endloop
endfacet
facet normal -1 0 0
outer loop
vertex 63.18284606933594 -62.075008392333984 0
vertex 63.18284606933594 -62.841068267822266 -4
vertex 63.18284606933594 -62.841068267822266 0
endloop
endfacet
facet normal -0.9807869428222868 0.19508196428504695 0
outer loop
vertex 63.18284606933594 -62.841068267822266 -4
vertex 63.1447868347168 -63.032413482666016 0
vertex 63.18284606933594 -62.841068267822266 0
endloop
endfacet
facet normal -0.5555707707654927 -0.8314692529919772 0
outer loop
vertex 62.87418746948242 -61.37913131713867 -5
vertex 63.036399841308594 -61.487518310546875 -5
vertex 63.036399841308594 -61.487518310546875 -4.099999904632568
endloop
endfacet
facet normal -0.83146321751404 0.5555798033776966 0
outer loop
vertex 63.1447868347168 -63.032413482666016 0
vertex 63.1447868347168 -63.032413482666016 -4
vertex 63.036399841308594 -63.19462203979492 0
endloop
endfacet
facet normal -0.83146321751404 -0.5555798033776966 0
outer loop
vertex 63.036399841308594 -61.487518310546875 -5
vertex 63.1447868347168 -61.64972686767578 -5
vertex 63.1447868347168 -61.64972686767578 -4.099999904632568
endloop
endfacet
facet normal -0.5555707707654927 0.8314692529919772 0
outer loop
vertex 63.036399841308594 -63.19462203979492 0
vertex 63.036399841308594 -63.19462203979492 -4
vertex 62.87418746948242 -63.303009033203125 0
endloop
endfacet
facet normal 1 0 0
outer loop
vertex 56.78284454345703 -63.54093551635742 0
vertex 56.78284454345703 -64.54093170166016 -1.6661243438720703
vertex 56.78284454345703 -63.341068267822266 0
endloop
endfacet
facet normal 1 0 0
outer loop
vertex 51.18284606933594 -62.841068267822266 -4
vertex 51.18284606933594 -62.62500762939453 -5
vertex 51.18284606933594 -62.841068267822266 0
endloop
endfacet
facet normal 0.19508570553829574 0.9807861986664705 0
outer loop
vertex 51.68284606933594 -63.341068267822266 -4
vertex 51.49150466918945 -63.303009033203125 -4
vertex 51.49150466918945 -63.303009033203125 0
endloop
endfacet
facet normal 0.5555707707654927 0.8314692529919772 0
outer loop
vertex 51.49150466918945 -63.303009033203125 -4
vertex 51.32929229736328 -63.19462203979492 -4
vertex 51.32929229736328 -63.19462203979492 0
endloop
endfacet
facet normal 0.83146321751404 0.5555798033776966 0
outer loop
vertex 51.32929229736328 -63.19462203979492 -4
vertex 51.22090530395508 -63.032413482666016 -4
vertex 51.22090530395508 -63.032413482666016 0
endloop
endfacet
facet normal -0.9807861986664705 -0.19508570553829574 0
outer loop
vertex 63.1447868347168 -61.64972686767578 -5
vertex 63.18284606933594 -61.841068267822266 -5
vertex 63.18284606933594 -61.841068267822266 -4.099999904632568
endloop
endfacet
facet normal -0.007769032773757206 -0.9999698206094825 0
outer loop
vertex 57.975006103515625 -61.341068267822266 -5
vertex 62.87418746948242 -61.37913131713867 -5
vertex 57.975006103515625 -61.341068267822266 -4.099999904632568
endloop
endfacet
facet normal 0 0 1
outer loop
vertex 57.975006103515625 -61.341068267822266 -5
vertex 57.975006103515625 -62.62500762939453 -5
vertex 62.87418746948242 -61.37913131713867 -5
endloop
endfacet
facet normal 0 0 1
outer loop
vertex 63.1447868347168 -61.64972686767578 -5
vertex 51.18284606933594 -64.53904724121094 -5
vertex 63.18284606933594 -61.841068267822266 -5
endloop
endfacet
facet normal 0 0 1
outer loop
vertex 51.18284606933594 -64.53904724121094 -5
vertex 63.036399841308594 -61.487518310546875 -5
vertex 62.87418746948242 -61.37913131713867 -5
endloop
endfacet
facet normal 0 0 1
outer loop
vertex 51.18284606933594 -64.53904724121094 -5
vertex 63.1447868347168 -61.64972686767578 -5
vertex 63.036399841308594 -61.487518310546875 -5
endloop
endfacet
facet normal 1 0 0
outer loop
vertex 56.78284454345703 -63.54093551635742 0
vertex 56.78284454345703 -63.803985595703125 -0.26304900646209717
vertex 56.78284454345703 -64.54093170166016 -1.6661243438720703
endloop
endfacet
facet normal 1 0 0
outer loop
vertex 56.78284454345703 -64.41206359863281 -0.32014966011047363
vertex 56.78284454345703 -64.54093170166016 -1.6661243438720703
vertex 56.78284454345703 -63.803985595703125 -0.26304900646209717
endloop
endfacet
facet normal 1 0 0
outer loop
vertex 56.78284454345703 -65.20963287353516 -0.4050999879837036
vertex 56.78284454345703 -65.20963287353516 -1.5949000120162964
vertex 56.78284454345703 -64.41206359863281 -0.32014966011047363
endloop
endfacet
facet normal 0 0 1
outer loop
vertex 63.18284606933594 -64.54309844970703 -5
vertex 63.18284606933594 -61.841068267822266 -5
vertex 51.18284606933594 -64.53904724121094 -5
endloop
endfacet
facet normal 0 0 1
outer loop
vertex 57.975006103515625 -62.62500762939453 -5
vertex 51.18284606933594 -64.53904724121094 -5
vertex 62.87418746948242 -61.37913131713867 -5
endloop
endfacet
facet normal 0.9807869428222868 0.19508196428504695 0
outer loop
vertex 51.18284606933594 -62.841068267822266 0
vertex 51.22090530395508 -63.032413482666016 0
vertex 51.22090530395508 -63.032413482666016 -4
endloop
endfacet
facet normal -0.8314782854783427 0.5555572524753821 0
outer loop
vertex -143.54254150390625 -62.96263885498047 -4
vertex -143.6509246826172 -63.12485122680664 -4
vertex -143.6509246826172 -63.12485122680664 0
endloop
endfacet
facet normal 1 0 0
outer loop
vertex -155.5044708251953 -64.46927642822266 -4
vertex -155.5044708251953 -64.46927642822266 -5
vertex -155.5044708251953 -61.771297454833984 -5
endloop
endfacet
facet normal 0 1 0
outer loop
vertex -149.90447998046875 -63.271297454833984 -4
vertex -155.0044708251953 -63.271297454833984 -4
vertex -149.90447998046875 -63.271297454833984 0
endloop
endfacet
facet normal -0.007192559633405969 0.9999741332084146 0
outer loop
vertex -143.81314086914062 -63.233238220214844 -4
vertex -149.10447692871094 -63.271297454833984 -4
vertex -143.81314086914062 -63.233238220214844 0
endloop
endfacet
facet normal -0.5555617383814266 0.831475288175546 0
outer loop
vertex -143.6509246826172 -63.12485122680664 -4
vertex -143.81314086914062 -63.233238220214844 -4
vertex -143.81314086914062 -63.233238220214844 0
endloop
endfacet
facet normal 1 0 0
outer loop
vertex -155.5044708251953 -62.771297454833984 -4
vertex -155.5044708251953 -62.075008392333984 -4.099999904632568
vertex -155.5044708251953 -62.771297454833984 0
endloop
endfacet
facet normal -0.9807749732009802 0.19514213266902813 0
outer loop
vertex -143.5044708251953 -62.771297454833984 -4
vertex -143.54254150390625 -62.96263885498047 -4
vertex -143.54254150390625 -62.96263885498047 0
endloop
endfacet
facet normal -1 0 0
outer loop
vertex -143.5044708251953 -62.771297454833984 -4
vertex -143.5044708251953 -62.075008392333984 0
vertex -143.5044708251953 -62.075008392333984 -4.099999904632568
endloop
endfacet
facet normal -1 0 0
outer loop
vertex -149.10447692871094 -63.271297454833984 -4
vertex -149.10447692871094 -64.471435546875 -1.666095495223999
vertex -149.10447692871094 -63.7345085144043 -0.2630769908428192
endloop
endfacet
facet normal 1 0 0
outer loop
vertex -149.90447998046875 -64.47116088867188 -1.6661243438720703
vertex -149.90447998046875 -63.271297454833984 -4
vertex -149.90447998046875 -63.271297454833984 0
endloop
endfacet
facet normal 0.19508196428504695 0.9807869428222868 0
outer loop
vertex -155.0044708251953 -63.271297454833984 -4
vertex -155.19581604003906 -63.233238220214844 0
vertex -155.0044708251953 -63.271297454833984 0
endloop
endfacet
facet normal 0.8314782854783427 0.5555572524753821 0
outer loop
vertex -155.3580322265625 -63.12485122680664 0
vertex -155.3580322265625 -63.12485122680664 -4
vertex -155.46641540527344 -62.96263885498047 0
endloop
endfacet
facet normal 0.5555617383814266 0.831475288175546 0
outer loop
vertex -155.19581604003906 -63.233238220214844 0
vertex -155.19581604003906 -63.233238220214844 -4
vertex -155.3580322265625 -63.12485122680664 0
endloop
endfacet
facet normal 0.9807899398239573 0.19506689606419184 0
outer loop
vertex -155.46641540527344 -62.96263885498047 0
vertex -155.46641540527344 -62.96263885498047 -4
vertex -155.5044708251953 -62.771297454833984 0
endloop
endfacet
facet normal 1 0 0
outer loop
vertex -155.5044708251953 -62.771297454833984 0
vertex -155.5044708251953 -62.075008392333984 -4.099999904632568
vertex -155.5044708251953 -62.075008392333984 0
endloop
endfacet
facet normal 0 1 0
outer loop
vertex -149.90447998046875 -63.271297454833984 0
vertex -155.0044708251953 -63.271297454833984 -4
vertex -155.0044708251953 -63.271297454833984 0
endloop
endfacet
facet normal 0.5555617383814266 0.831475288175546 0
outer loop
vertex -155.19581604003906 -63.233238220214844 -4
vertex -155.3580322265625 -63.12485122680664 -4
vertex -155.3580322265625 -63.12485122680664 0
endloop
endfacet
facet normal 0.8314782854783427 0.5555572524753821 0
outer loop
vertex -155.3580322265625 -63.12485122680664 -4
vertex -155.46641540527344 -62.96263885498047 -4
vertex -155.46641540527344 -62.96263885498047 0
endloop
endfacet
facet normal 0.19508196428504695 0.9807869428222868 0
outer loop
vertex -155.0044708251953 -63.271297454833984 -4
vertex -155.19581604003906 -63.233238220214844 -4
vertex -155.19581604003906 -63.233238220214844 0
endloop
endfacet
facet normal -1 0 0
outer loop
vertex -149.10447692871094 -63.271297454833984 -4
vertex -149.10447692871094 -64.471435546875 -4
vertex -149.10447692871094 -64.471435546875 -1.666095495223999
endloop
endfacet
facet normal 1 0 0
outer loop
vertex -149.90447998046875 -64.47116088867188 -4
vertex -149.90447998046875 -63.271297454833984 -4
vertex -149.90447998046875 -64.47116088867188 -1.6661243438720703
endloop
endfacet
facet normal -0.5555482201148602 -0.8314843204337715 0
outer loop
vertex -143.81314086914062 -61.30936050415039 -4.099999904632568
vertex -143.81314086914062 -61.30936050415039 -5
vertex -143.6509246826172 -61.41774368286133 -4.099999904632568
endloop
endfacet
facet normal -0.9807749732009802 -0.19514213266902813 0
outer loop
vertex -143.54254150390625 -61.5799560546875 -4.099999904632568
vertex -143.54254150390625 -61.5799560546875 -5
vertex -143.5044708251953 -61.771297454833984 -4.099999904632568
endloop
endfacet
facet normal -1 0 0
outer loop
vertex -143.5044708251953 -61.771297454833984 -4.099999904632568
vertex -143.5044708251953 -61.771297454833984 -5
vertex -143.5044708251953 -62.075008392333984 -4.099999904632568
endloop
endfacet
facet normal -0.8314782854783427 -0.5555572524753821 0
outer loop
vertex -143.6509246826172 -61.41774368286133 -4.099999904632568
vertex -143.6509246826172 -61.41774368286133 -5
vertex -143.54254150390625 -61.5799560546875 -4.099999904632568
endloop
endfacet
facet normal 0 -1 0
outer loop
vertex -155.19581604003906 -61.30936050415039 -4.099999904632568
vertex -143.81314086914062 -61.30936050415039 -5
vertex -143.81314086914062 -61.30936050415039 -4.099999904632568
endloop
endfacet
facet normal 1 0 0
outer loop
vertex -149.90447998046875 -65.13986206054688 -1.5949000120162964
vertex -149.90447998046875 -64.47116088867188 -1.6661243438720703
vertex -149.90447998046875 -64.34229278564453 -0.32014966011047363
endloop
endfacet
facet normal -1 0 0
outer loop
vertex -149.10447692871094 -64.471435546875 -1.666095495223999
vertex -149.10447692871094 -65.13986206054688 -1.5949000120162964
vertex -149.10447692871094 -65.13986206054688 -0.4050999879837036
endloop
endfacet
facet normal -1 0 0
outer loop
vertex -149.10447692871094 -63.7345085144043 -0.2630769908428192
vertex -149.10447692871094 -63.471431732177734 0
vertex -149.10447692871094 -63.271297454833984 -4
endloop
endfacet
facet normal -1 0 0
outer loop
vertex -149.10447692871094 -63.471431732177734 0
vertex -149.10447692871094 -63.271297454833984 0
vertex -149.10447692871094 -63.271297454833984 -4
endloop
endfacet
facet normal -0.007192559633405969 0.9999741332084146 0
outer loop
vertex -143.81314086914062 -63.233238220214844 0
vertex -149.10447692871094 -63.271297454833984 -4
vertex -149.10447692871094 -63.271297454833984 0
endloop
endfacet
facet normal 0 0 -1
outer loop
vertex -143.5044708251953 -62.771297454833984 -4
vertex -143.5044708251953 -64.47332763671875 -4
vertex -143.54254150390625 -62.96263885498047 -4
endloop
endfacet
facet normal 0 0 -1
outer loop
vertex -143.5044708251953 -64.47332763671875 -4
vertex -143.6509246826172 -63.12485122680664 -4
vertex -143.54254150390625 -62.96263885498047 -4
endloop
endfacet
facet normal 0 0 -1
outer loop
vertex -143.5044708251953 -64.47332763671875 -4
vertex -143.81314086914062 -63.233238220214844 -4
vertex -143.6509246826172 -63.12485122680664 -4
endloop
endfacet
facet normal 0 0 -1
outer loop
vertex -143.5044708251953 -64.47332763671875 -4
vertex -149.10447692871094 -63.271297454833984 -4
vertex -143.81314086914062 -63.233238220214844 -4
endloop
endfacet
facet normal 0 0 -1
outer loop
vertex -149.90447998046875 -64.47116088867188 -4
vertex -155.0044708251953 -63.271297454833984 -4
vertex -149.90447998046875 -63.271297454833984 -4
endloop
endfacet
facet normal 0 0 -1
outer loop
vertex -149.10447692871094 -63.271297454833984 -4
vertex -143.5044708251953 -64.47332763671875 -4
vertex -149.10447692871094 -64.471435546875 -4
endloop
endfacet
facet normal -1 0 0
outer loop
vertex -143.5044708251953 -61.771297454833984 -5
vertex -143.5044708251953 -62.771297454833984 -4
vertex -143.5044708251953 -62.075008392333984 -4.099999904632568
endloop
endfacet
facet normal -1 0 0
outer loop
vertex -143.5044708251953 -62.771297454833984 -4
vertex -143.5044708251953 -64.47332763671875 -5
vertex -143.5044708251953 -64.47332763671875 -4
endloop
endfacet
facet normal -1 0 0
outer loop
vertex -143.5044708251953 -61.771297454833984 -5
vertex -143.5044708251953 -64.47332763671875 -5
vertex -143.5044708251953 -62.771297454833984 -4
endloop
endfacet
facet normal 0.5555482201148602 -0.8314843204337715 0
outer loop
vertex -155.3580322265625 -61.41774368286133 -4.099999904632568
vertex -155.3580322265625 -61.41774368286133 -5
vertex -155.19581604003906 -61.30936050415039 -4.099999904632568
endloop
endfacet
facet normal 0.8314782854783427 -0.5555572524753821 0
outer loop
vertex -155.46641540527344 -61.5799560546875 -4.099999904632568
vertex -155.46641540527344 -61.5799560546875 -5
vertex -155.3580322265625 -61.41774368286133 -4.099999904632568
endloop
endfacet
facet normal -0.5555617383814266 0.831475288175546 0
outer loop
vertex -143.6509246826172 -63.12485122680664 0
vertex -143.6509246826172 -63.12485122680664 -4
vertex -143.81314086914062 -63.233238220214844 0
endloop
endfacet
facet normal 0.9807899398239572 -0.1950668960641918 0
outer loop
vertex -155.5044708251953 -61.771297454833984 -4.099999904632568
vertex -155.5044708251953 -61.771297454833984 -5
vertex -155.46641540527344 -61.5799560546875 -4.099999904632568
endloop
endfacet
facet normal 1 0 0
outer loop
vertex -155.5044708251953 -62.075008392333984 -4.099999904632568
vertex -155.5044708251953 -61.771297454833984 -5
vertex -155.5044708251953 -61.771297454833984 -4.099999904632568
endloop
endfacet
facet normal 0 0 1
outer loop
vertex -155.46641540527344 -61.5799560546875 -5
vertex -155.5044708251953 -64.46927642822266 -5
vertex -155.3580322265625 -61.41774368286133 -5
endloop
endfacet
facet normal -0.8314782854783427 0.5555572524753821 0
outer loop
vertex -143.54254150390625 -62.96263885498047 0
vertex -143.54254150390625 -62.96263885498047 -4
vertex -143.6509246826172 -63.12485122680664 0
endloop
endfacet
facet normal -0.9807749732009802 0.19514213266902813 0
outer loop
vertex -143.5044708251953 -62.771297454833984 -4
vertex -143.54254150390625 -62.96263885498047 0
vertex -143.5044708251953 -62.771297454833984 0
endloop
endfacet
facet normal -1 0 0
outer loop
vertex -143.5044708251953 -62.075008392333984 0
vertex -143.5044708251953 -62.771297454833984 -4
vertex -143.5044708251953 -62.771297454833984 0
endloop
endfacet
facet normal 1 0 0
outer loop
vertex -149.90447998046875 -65.9363021850586 -1.5
vertex -149.90447998046875 -65.13986206054688 -1.5949000120162964
vertex -149.90447998046875 -65.13986206054688 -0.4050999879837036
endloop
endfacet
facet normal -1 0 0
outer loop
vertex -149.10447692871094 -65.13986206054688 -0.4050999879837036
vertex -149.10447692871094 -65.13986206054688 -1.5949000120162964
vertex -149.10447692871094 -65.9363021850586 -1.5
endloop
endfacet
facet normal 0 0 -1
outer loop
vertex -155.46641540527344 -62.96263885498047 -4
vertex -155.5044708251953 -64.46927642822266 -4
vertex -155.5044708251953 -62.771297454833984 -4
endloop
endfacet
facet normal 0 0 -1
outer loop
vertex -155.5044708251953 -64.46927642822266 -4
vertex -155.19581604003906 -63.233238220214844 -4
vertex -155.0044708251953 -63.271297454833984 -4
endloop
endfacet
facet normal 0 0 -1
outer loop
vertex -155.3580322265625 -63.12485122680664 -4
vertex -155.5044708251953 -64.46927642822266 -4
vertex -155.46641540527344 -62.96263885498047 -4
endloop
endfacet
facet normal 1 0 0
outer loop
vertex -149.90447998046875 -65.9363021850586 -0.5
vertex -149.90447998046875 -65.9363021850586 -1.5
vertex -149.90447998046875 -65.13986206054688 -0.4050999879837036
endloop
endfacet
facet normal 0 0 -1
outer loop
vertex -155.19581604003906 -63.233238220214844 -4
vertex -155.5044708251953 -64.46927642822266 -4
vertex -155.3580322265625 -63.12485122680664 -4
endloop
endfacet
facet normal -1 0 0
outer loop
vertex -149.10447692871094 -65.13986206054688 -0.4050999879837036
vertex -149.10447692871094 -65.9363021850586 -1.5
vertex -149.10447692871094 -65.9363021850586 -0.5
endloop
endfacet
facet normal 0 0 -1
outer loop
vertex -155.0044708251953 -63.271297454833984 -4
vertex -149.90447998046875 -64.47116088867188 -4
vertex -155.5044708251953 -64.46927642822266 -4
endloop
endfacet
facet normal -1 0 0
outer loop
vertex -149.10447692871094 -65.13986206054688 -0.4050999879837036
vertex -149.10447692871094 -64.34229278564453 -0.32014966011047363
vertex -149.10447692871094 -64.471435546875 -1.666095495223999
endloop
endfacet
facet normal 1 0 0
outer loop
vertex -155.5044708251953 -62.771297454833984 -4
vertex -155.5044708251953 -61.771297454833984 -5
vertex -155.5044708251953 -62.075008392333984 -4.099999904632568
endloop
endfacet
facet normal -0.8314782854783427 -0.5555572524753821 0
outer loop
vertex -143.6509246826172 -61.41774368286133 -5
vertex -143.54254150390625 -61.5799560546875 -5
vertex -143.54254150390625 -61.5799560546875 -4.099999904632568
endloop
endfacet
facet normal 1 0 0
outer loop
vertex -149.90447998046875 -63.47116470336914 0
vertex -149.90447998046875 -64.47116088867188 -1.6661243438720703
vertex -149.90447998046875 -63.271297454833984 0
endloop
endfacet
facet normal 1 0 0
outer loop
vertex -149.90447998046875 -63.73421096801758 -0.26304900646209717
vertex -149.90447998046875 -64.47116088867188 -1.6661243438720703
vertex -149.90447998046875 -63.47116470336914 0
endloop
endfacet
facet normal -0.9807749732009802 -0.19514213266902813 0
outer loop
vertex -143.54254150390625 -61.5799560546875 -5
vertex -143.5044708251953 -61.771297454833984 -5
vertex -143.5044708251953 -61.771297454833984 -4.099999904632568
endloop
endfacet
facet normal 0 -1 0
outer loop
vertex -155.19581604003906 -61.30936050415039 -5
vertex -143.81314086914062 -61.30936050415039 -5
vertex -155.19581604003906 -61.30936050415039 -4.099999904632568
endloop
endfacet
facet normal 0 0 1
outer loop
vertex -143.81314086914062 -61.30936050415039 -5
vertex -155.5044708251953 -64.46927642822266 -5
vertex -143.6509246826172 -61.41774368286133 -5
endloop
endfacet
facet normal 0 0 1
outer loop
vertex -155.5044708251953 -64.46927642822266 -5
vertex -143.54254150390625 -61.5799560546875 -5
vertex -143.6509246826172 -61.41774368286133 -5
endloop
endfacet
facet normal 0 0 1
outer loop
vertex -155.5044708251953 -64.46927642822266 -5
vertex -155.46641540527344 -61.5799560546875 -5
vertex -155.5044708251953 -61.771297454833984 -5
endloop
endfacet
facet normal 0 0 1
outer loop
vertex -155.5044708251953 -64.46927642822266 -5
vertex -143.5044708251953 -61.771297454833984 -5
vertex -143.54254150390625 -61.5799560546875 -5
endloop
endfacet
facet normal 0 0 1
outer loop
vertex -143.5044708251953 -64.47332763671875 -5
vertex -143.5044708251953 -61.771297454833984 -5
vertex -155.5044708251953 -64.46927642822266 -5
endloop
endfacet
facet normal 0 0 1
outer loop
vertex -155.19581604003906 -61.30936050415039 -5
vertex -155.5044708251953 -64.46927642822266 -5
vertex -143.81314086914062 -61.30936050415039 -5
endloop
endfacet
facet normal -1 0 0
outer loop
vertex -149.10447692871094 -63.7345085144043 -0.2630769908428192
vertex -149.10447692871094 -64.471435546875 -1.666095495223999
vertex -149.10447692871094 -64.34229278564453 -0.32014966011047363
endloop
endfacet
facet normal 1 0 0
outer loop
vertex -149.90447998046875 -64.34229278564453 -0.32014966011047363
vertex -149.90447998046875 -64.47116088867188 -1.6661243438720703
vertex -149.90447998046875 -63.73421096801758 -0.26304900646209717
endloop
endfacet
facet normal 1 0 0
outer loop
vertex -149.90447998046875 -65.13986206054688 -0.4050999879837036
vertex -149.90447998046875 -65.13986206054688 -1.5949000120162964
vertex -149.90447998046875 -64.34229278564453 -0.32014966011047363
endloop
endfacet
facet normal 0.5555482201148602 -0.8314843204337715 0
outer loop
vertex -155.3580322265625 -61.41774368286133 -5
vertex -155.19581604003906 -61.30936050415039 -5
vertex -155.19581604003906 -61.30936050415039 -4.099999904632568
endloop
endfacet
facet normal 0.8314782854783427 -0.5555572524753821 0
outer loop
vertex -155.46641540527344 -61.5799560546875 -5
vertex -155.3580322265625 -61.41774368286133 -5
vertex -155.3580322265625 -61.41774368286133 -4.099999904632568
endloop
endfacet
facet normal 0.9807899398239572 -0.1950668960641918 0
outer loop
vertex -155.5044708251953 -61.771297454833984 -5
vertex -155.46641540527344 -61.5799560546875 -5
vertex -155.46641540527344 -61.5799560546875 -4.099999904632568
endloop
endfacet
facet normal 0 0 1
outer loop
vertex -155.3580322265625 -61.41774368286133 -5
vertex -155.5044708251953 -64.46927642822266 -5
vertex -155.19581604003906 -61.30936050415039 -5
endloop
endfacet
facet normal 1 0 0
outer loop
vertex -155.5044708251953 -64.46927642822266 -4
vertex -155.5044708251953 -61.771297454833984 -5
vertex -155.5044708251953 -62.771297454833984 -4
endloop
endfacet
facet normal -0.5555482201148602 -0.8314843204337715 0
outer loop
vertex -143.81314086914062 -61.30936050415039 -5
vertex -143.6509246826172 -61.41774368286133 -5
vertex -143.6509246826172 -61.41774368286133 -4.099999904632568
endloop
endfacet
facet normal 0.9807899398239573 0.19506689606419184 0
outer loop
vertex -155.46641540527344 -62.96263885498047 -4
vertex -155.5044708251953 -62.771297454833984 -4
vertex -155.5044708251953 -62.771297454833984 0
endloop
endfacet
facet normal -0.83146321751404 -0.5555798033776966 0
outer loop
vertex -51.65092468261719 -61.44880294799805 -5
vertex -51.542537689208984 -61.61101150512695 -5
vertex -51.542537689208984 -61.61101150512695 -4.099999904632568
endloop
endfacet
facet normal 0 0 -1
outer loop
vertex -57.10447692871094 -63.3023567199707 -4
vertex -51.504478454589844 -64.50437927246094 -4
vertex -57.10447692871094 -64.50248718261719 -4
endloop
endfacet
facet normal 1 0 0
outer loop
vertex -57.904476165771484 -64.37335205078125 -0.32014966011047363
vertex -57.904476165771484 -65.17091369628906 -1.5949000120162964
vertex -57.904476165771484 -63.7652702331543 -0.26304900646209717
endloop
endfacet
facet normal 0 -0.9991070585331039 0.04225027324561202
outer loop
vertex -63.19581985473633 -61.340415954589844 -5
vertex -51.813133239746094 -61.340415954589844 -5
vertex -63.004478454589844 -61.3023567199707 -4.099999904632568
endloop
endfacet
facet normal 1 0 0
outer loop
vertex -57.904476165771484 -63.7652702331543 -0.26304900646209717
vertex -57.904476165771484 -65.17091369628906 -1.5949000120162964
vertex -57.904476165771484 -63.3023567199707 0
endloop
endfacet
facet normal -1 0 0
outer loop
vertex -57.10447692871094 -64.50248718261719 -1.666095495223999
vertex -57.10447692871094 -65.17091369628906 -1.5949000120162964
vertex -57.10447692871094 -65.17091369628906 -0.4050999879837036
endloop
endfacet
facet normal 0 1 0
outer loop
vertex -57.904476165771484 -63.3023567199707 0
vertex -63.004478454589844 -63.3023567199707 -4
vertex -63.004478454589844 -63.3023567199707 0
endloop
endfacet
facet normal 0.5555798033776966 0.83146321751404 0
outer loop
vertex -63.19581985473633 -63.2642936706543 0
vertex -63.19581985473633 -63.2642936706543 -4
vertex -63.358028411865234 -63.155906677246094 0
endloop
endfacet
facet normal 0.19510451479714808 0.980782457176804 0
outer loop
vertex -63.19581985473633 -63.2642936706543 0
vertex -63.004478454589844 -63.3023567199707 0
vertex -63.004478454589844 -63.3023567199707 -4
endloop
endfacet
facet normal -1 0 0
outer loop
vertex -57.10447692871094 -63.765567779541016 -0.2630769908428192
vertex -57.10447692871094 -63.50249099731445 0
vertex -57.10447692871094 -63.3023567199707 -4
endloop
endfacet
facet normal -1 0 0
outer loop
vertex -57.10447692871094 -63.50249099731445 0
vertex -57.10447692871094 -63.3023567199707 0
vertex -57.10447692871094 -63.3023567199707 -4
endloop
endfacet
facet normal 1 0 0
outer loop
vertex -63.504478454589844 -62.075008392333984 0
vertex -63.504478454589844 -62.8023567199707 0
vertex -63.504478454589844 -62.075008392333984 -4.099999904632568
endloop
endfacet
facet normal 0.980782457176804 0.19510451479714808 0
outer loop
vertex -63.504478454589844 -62.8023567199707 0
vertex -63.46641540527344 -62.99369812011719 0
vertex -63.46641540527344 -62.99369812011719 -4
endloop
endfacet
facet normal 0.83146321751404 0.5555798033776966 0
outer loop
vertex -63.46641540527344 -62.99369812011719 0
vertex -63.358028411865234 -63.155906677246094 0
vertex -63.358028411865234 -63.155906677246094 -4
endloop
endfacet
facet normal -0.007193270138980207 0.9999741280976762 0
outer loop
vertex -51.813133239746094 -63.2642936706543 0
vertex -57.10447692871094 -63.3023567199707 -4
vertex -57.10447692871094 -63.3023567199707 0
endloop
endfacet
facet normal -0.5555798033776966 0.83146321751404 0
outer loop
vertex -51.65092468261719 -63.155906677246094 0
vertex -51.65092468261719 -63.155906677246094 -4
vertex -51.813133239746094 -63.2642936706543 0
endloop
endfacet
facet normal -0.83146321751404 0.5555798033776966 0
outer loop
vertex -51.542537689208984 -62.99369812011719 0
vertex -51.542537689208984 -62.99369812011719 -4
vertex -51.65092468261719 -63.155906677246094 0
endloop
endfacet
facet normal -0.9807861986664705 0.19508570553829574 0
outer loop
vertex -51.504478454589844 -62.8023567199707 -4
vertex -51.542537689208984 -62.99369812011719 0
vertex -51.504478454589844 -62.8023567199707 0
endloop
endfacet
facet normal -1 0 0
outer loop
vertex -51.504478454589844 -62.075008392333984 0
vertex -51.504478454589844 -62.8023567199707 -4
vertex -51.504478454589844 -62.8023567199707 0
endloop
endfacet
facet normal 1 0 0
outer loop
vertex -57.904476165771484 -65.96736145019531 -1.5
vertex -57.904476165771484 -65.17091369628906 -1.5949000120162964
vertex -57.904476165771484 -65.17091369628906 -0.4050999879837036
endloop
endfacet
facet normal -1 0 0
outer loop
vertex -57.10447692871094 -65.17091369628906 -0.4050999879837036
vertex -57.10447692871094 -65.17091369628906 -1.5949000120162964
vertex -57.10447692871094 -65.96736145019531 -1.5
endloop
endfacet
facet normal 1 0 0
outer loop
vertex -57.904476165771484 -65.17091369628906 -1.5949000120162964
vertex -57.904476165771484 -64.5022201538086 -1.6661243438720703
vertex -57.904476165771484 -63.3023567199707 0
endloop
endfacet
facet normal 1 0 0
outer loop
vertex -57.904476165771484 -64.5022201538086 -1.6661243438720703
vertex -57.904476165771484 -63.3023567199707 -4
vertex -57.904476165771484 -63.3023567199707 0
endloop
endfacet
facet normal 1 0 0
outer loop
vertex -57.904476165771484 -65.96736145019531 -0.5
vertex -57.904476165771484 -65.96736145019531 -1.5
vertex -57.904476165771484 -65.17091369628906 -0.4050999879837036
endloop
endfacet
facet normal -1 0 0
outer loop
vertex -57.10447692871094 -63.765567779541016 -0.2630769908428192
vertex -57.10447692871094 -64.50248718261719 -1.666095495223999
vertex -57.10447692871094 -64.37335205078125 -0.32014966011047363
endloop
endfacet
facet normal -1 0 0
outer loop
vertex -57.10447692871094 -65.17091369628906 -0.4050999879837036
vertex -57.10447692871094 -65.96736145019531 -1.5
vertex -57.10447692871094 -65.96736145019531 -0.5
endloop
endfacet
facet normal 1 0 0
outer loop
vertex -57.904476165771484 -65.17091369628906 -0.4050999879837036
vertex -57.904476165771484 -65.17091369628906 -1.5949000120162964
vertex -57.904476165771484 -64.37335205078125 -0.32014966011047363
endloop
endfacet
facet normal 1 0 0
outer loop
vertex -57.904476165771484 -63.3023567199707 0
vertex -57.904476165771484 -63.502220153808594 0
vertex -57.904476165771484 -63.7652702331543 -0.26304900646209717
endloop
endfacet
facet normal 0 0 1
outer loop
vertex -63.504478454589844 -64.50032806396484 -5
vertex -63.46641540527344 -61.61101150512695 -5
vertex -63.504478454589844 -61.8023567199707 -5
endloop
endfacet
facet normal -1 0 0
outer loop
vertex -57.10447692871094 -64.50248718261719 -1.666095495223999
vertex -57.10447692871094 -65.17091369628906 -0.4050999879837036
vertex -57.10447692871094 -64.37335205078125 -0.32014966011047363
endloop
endfacet
facet normal 0 0 1
outer loop
vertex -63.46641540527344 -61.61101150512695 -5
vertex -63.504478454589844 -64.50032806396484 -5
vertex -63.358028411865234 -61.44880294799805 -5
endloop
endfacet
facet normal 0 0 1
outer loop
vertex -63.358028411865234 -61.44880294799805 -5
vertex -63.504478454589844 -64.50032806396484 -5
vertex -63.19581985473633 -61.340415954589844 -5
endloop
endfacet
facet normal 0.9807832014732842 -0.19510077321173105 0
outer loop
vertex -63.504478454589844 -61.8023567199707 -5
vertex -63.46641540527344 -61.61101150512695 -5
vertex -63.46641540527344 -61.61101150512695 -4.099999904632568
endloop
endfacet
facet normal 0.83146321751404 -0.5555798033776966 0
outer loop
vertex -63.46641540527344 -61.61101150512695 -5
vertex -63.358028411865234 -61.44880294799805 -5
vertex -63.358028411865234 -61.44880294799805 -4.099999904632568
endloop
endfacet
facet normal 0.5555798033776966 -0.83146321751404 0
outer loop
vertex -63.358028411865234 -61.44880294799805 -5
vertex -63.19581985473633 -61.340415954589844 -5
vertex -63.19581985473633 -61.340415954589844 -4.099999904632568
endloop
endfacet
facet normal 0 0 1
outer loop
vertex -63.19581985473633 -61.340415954589844 -5
vertex -63.504478454589844 -64.50032806396484 -5
vertex -51.813133239746094 -61.340415954589844 -5
endloop
endfacet
facet normal 0 0 1
outer loop
vertex -51.504478454589844 -64.50437927246094 -5
vertex -51.504478454589844 -61.8023567199707 -5
vertex -63.504478454589844 -64.50032806396484 -5
endloop
endfacet
facet normal 0 0 1
outer loop
vertex -63.504478454589844 -64.50032806396484 -5
vertex -51.504478454589844 -61.8023567199707 -5
vertex -51.542537689208984 -61.61101150512695 -5
endloop
endfacet
facet normal 0 0 1
outer loop
vertex -63.504478454589844 -64.50032806396484 -5
vertex -51.542537689208984 -61.61101150512695 -5
vertex -51.65092468261719 -61.44880294799805 -5
endloop
endfacet
facet normal 0 0 1
outer loop
vertex -51.813133239746094 -61.340415954589844 -5
vertex -63.504478454589844 -64.50032806396484 -5
vertex -51.65092468261719 -61.44880294799805 -5
endloop
endfacet
facet normal -0.5555798033776966 -0.83146321751404 0
outer loop
vertex -51.813133239746094 -61.340415954589844 -5
vertex -51.65092468261719 -61.44880294799805 -5
vertex -51.65092468261719 -61.44880294799805 -4.099999904632568
endloop
endfacet
facet normal 1 0 0
outer loop
vertex -63.504478454589844 -64.50032806396484 -5
vertex -63.504478454589844 -61.8023567199707 -5
vertex -63.504478454589844 -62.8023567199707 -4
endloop
endfacet
facet normal 1 0 0
outer loop
vertex -63.504478454589844 -64.50032806396484 -4
vertex -63.504478454589844 -64.50032806396484 -5
vertex -63.504478454589844 -62.8023567199707 -4
endloop
endfacet
facet normal -1 0 0
outer loop
vertex -57.10447692871094 -64.50248718261719 -1.666095495223999
vertex -57.10447692871094 -63.765567779541016 -0.2630769908428192
vertex -57.10447692871094 -63.3023567199707 -4
endloop
endfacet
facet normal -1 0 0
outer loop
vertex -51.504478454589844 -62.8023567199707 -4
vertex -51.504478454589844 -62.075008392333984 0
vertex -51.504478454589844 -62.075008392333984 -4.099999904632568
endloop
endfacet
facet normal -0.9807861986664705 0.19508570553829574 0
outer loop
vertex -51.504478454589844 -62.8023567199707 -4
vertex -51.542537689208984 -62.99369812011719 -4
vertex -51.542537689208984 -62.99369812011719 0
endloop
endfacet
facet normal -0.83146321751404 0.5555798033776966 0
outer loop
vertex -51.542537689208984 -62.99369812011719 -4
vertex -51.65092468261719 -63.155906677246094 -4
vertex -51.65092468261719 -63.155906677246094 0
endloop
endfacet
facet normal -0.5555798033776966 0.83146321751404 0
outer loop
vertex -51.65092468261719 -63.155906677246094 -4
vertex -51.813133239746094 -63.2642936706543 -4
vertex -51.813133239746094 -63.2642936706543 0
endloop
endfacet
facet normal -0.007193270138980207 0.9999741280976762 0
outer loop
vertex -51.813133239746094 -63.2642936706543 -4
vertex -57.10447692871094 -63.3023567199707 -4
vertex -51.813133239746094 -63.2642936706543 0
endloop
endfacet
facet normal 0 1 0
outer loop
vertex -57.904476165771484 -63.3023567199707 -4
vertex -63.004478454589844 -63.3023567199707 -4
vertex -57.904476165771484 -63.3023567199707 0
endloop
endfacet
facet normal 0.19510451479714808 0.980782457176804 0
outer loop
vertex -63.004478454589844 -63.3023567199707 -4
vertex -63.19581985473633 -63.2642936706543 -4
vertex -63.19581985473633 -63.2642936706543 0
endloop
endfacet
facet normal 1 0 0
outer loop
vertex -63.504478454589844 -62.8023567199707 -4
vertex -63.504478454589844 -61.8023567199707 -5
vertex -63.504478454589844 -62.075008392333984 -4.099999904632568
endloop
endfacet
facet normal 0 0 -1
outer loop
vertex -57.904476165771484 -64.5022201538086 -4
vertex -63.504478454589844 -64.50032806396484 -4
vertex -63.004478454589844 -63.3023567199707 -4
endloop
endfacet
facet normal 0 0 -1
outer loop
vertex -63.19581985473633 -63.2642936706543 -4
vertex -63.504478454589844 -64.50032806396484 -4
vertex -63.358028411865234 -63.155906677246094 -4
endloop
endfacet
facet normal 0 0 -1
outer loop
vertex -63.358028411865234 -63.155906677246094 -4
vertex -63.504478454589844 -64.50032806396484 -4
vertex -63.46641540527344 -62.99369812011719 -4
endloop
endfacet
facet normal 0 0 -1
outer loop
vertex -63.46641540527344 -62.99369812011719 -4
vertex -63.504478454589844 -64.50032806396484 -4
vertex -63.504478454589844 -62.8023567199707 -4
endloop
endfacet
facet normal 0 0 -1
outer loop
vertex -63.504478454589844 -64.50032806396484 -4
vertex -63.19581985473633 -63.2642936706543 -4
vertex -63.004478454589844 -63.3023567199707 -4
endloop
endfacet
facet normal 0.980782457176804 0.19510451479714808 0
outer loop
vertex -63.46641540527344 -62.99369812011719 -4
vertex -63.504478454589844 -62.8023567199707 -4
vertex -63.504478454589844 -62.8023567199707 0
endloop
endfacet
facet normal 1 0 0
outer loop
vertex -63.504478454589844 -62.8023567199707 -4
vertex -63.504478454589844 -62.075008392333984 -4.099999904632568
vertex -63.504478454589844 -62.8023567199707 0
endloop
endfacet
facet normal 0.83146321751404 0.5555798033776966 0
outer loop
vertex -63.358028411865234 -63.155906677246094 -4
vertex -63.46641540527344 -62.99369812011719 -4
vertex -63.46641540527344 -62.99369812011719 0
endloop
endfacet
facet normal -0.9807869428222868 -0.19508196428504695 0
outer loop
vertex -51.542537689208984 -61.61101150512695 -5
vertex -51.504478454589844 -61.8023567199707 -5
vertex -51.504478454589844 -61.8023567199707 -4.099999904632568
endloop
endfacet
facet normal 0.5555798033776966 0.83146321751404 0
outer loop
vertex -63.19581985473633 -63.2642936706543 -4
vertex -63.358028411865234 -63.155906677246094 -4
vertex -63.358028411865234 -63.155906677246094 0
endloop
endfacet
facet normal 1 0 0
outer loop
vertex -63.504478454589844 -61.8023567199707 -4.099999904632568
vertex -63.504478454589844 -62.075008392333984 -4.099999904632568
vertex -63.504478454589844 -61.8023567199707 -5
endloop
endfacet
facet normal -1 0 0
outer loop
vertex -57.10447692871094 -63.3023567199707 -4
vertex -57.10447692871094 -64.50248718261719 -4
vertex -57.10447692871094 -64.50248718261719 -1.666095495223999
endloop
endfacet
facet normal 1 0 0
outer loop
vertex -57.904476165771484 -64.5022201538086 -1.6661243438720703
vertex -57.904476165771484 -64.5022201538086 -4
vertex -57.904476165771484 -63.3023567199707 -4
endloop
endfacet
facet normal -0.5555798033776966 -0.83146321751404 0
outer loop
vertex -51.813133239746094 -61.340415954589844 -4.099999904632568
vertex -51.813133239746094 -61.340415954589844 -5
vertex -51.65092468261719 -61.44880294799805 -4.099999904632568
endloop
endfacet
facet normal -0.9807869428222868 -0.19508196428504695 0
outer loop
vertex -51.542537689208984 -61.61101150512695 -4.099999904632568
vertex -51.542537689208984 -61.61101150512695 -5
vertex -51.504478454589844 -61.8023567199707 -4.099999904632568
endloop
endfacet
facet normal -0.83146321751404 -0.5555798033776966 0
outer loop
vertex -51.65092468261719 -61.44880294799805 -4.099999904632568
vertex -51.65092468261719 -61.44880294799805 -5
vertex -51.542537689208984 -61.61101150512695 -4.099999904632568
endloop
endfacet
facet normal -1 0 0
outer loop
vertex -51.504478454589844 -61.8023567199707 -4.099999904632568
vertex -51.504478454589844 -61.8023567199707 -5
vertex -51.504478454589844 -62.075008392333984 -4.099999904632568
endloop
endfacet
facet normal -0.0034007542264034075 -0.9999942174186266 0
outer loop
vertex -63.004478454589844 -61.3023567199707 -4.099999904632568
vertex -51.813133239746094 -61.340415954589844 -5
vertex -51.813133239746094 -61.340415954589844 -4.099999904632568
endloop
endfacet
facet normal 0 0 -1
outer loop
vertex -51.504478454589844 -62.8023567199707 -4
vertex -51.504478454589844 -64.50437927246094 -4
vertex -51.542537689208984 -62.99369812011719 -4
endloop
endfacet
facet normal 0 0 -1
outer loop
vertex -51.504478454589844 -64.50437927246094 -4
vertex -51.65092468261719 -63.155906677246094 -4
vertex -51.542537689208984 -62.99369812011719 -4
endloop
endfacet
facet normal 0.9807832014732842 -0.19510077321173105 0
outer loop
vertex -63.46641540527344 -61.61101150512695 -4.099999904632568
vertex -63.504478454589844 -61.8023567199707 -4.099999904632568
vertex -63.504478454589844 -61.8023567199707 -5
endloop
endfacet
facet normal 0 0 -1
outer loop
vertex -51.504478454589844 -64.50437927246094 -4
vertex -51.813133239746094 -63.2642936706543 -4
vertex -51.65092468261719 -63.155906677246094 -4
endloop
endfacet
facet normal 0.83146321751404 -0.5555798033776966 0
outer loop
vertex -63.358028411865234 -61.44880294799805 -4.099999904632568
vertex -63.46641540527344 -61.61101150512695 -4.099999904632568
vertex -63.46641540527344 -61.61101150512695 -5
endloop
endfacet
facet normal 0.5555798033776966 -0.83146321751404 0
outer loop
vertex -63.19581985473633 -61.340415954589844 -4.099999904632568
vertex -63.358028411865234 -61.44880294799805 -4.099999904632568
vertex -63.358028411865234 -61.44880294799805 -5
endloop
endfacet
facet normal 0.19508570553829574 -0.9807861986664705 0
outer loop
vertex -63.004478454589844 -61.3023567199707 -4.099999904632568
vertex -63.19581985473633 -61.340415954589844 -4.099999904632568
vertex -63.19581985473633 -61.340415954589844 -5
endloop
endfacet
facet normal -1 0 0
outer loop
vertex -51.504478454589844 -61.8023567199707 -5
vertex -51.504478454589844 -64.50437927246094 -5
vertex -51.504478454589844 -62.8023567199707 -4
endloop
endfacet
facet normal -1 0 0
outer loop
vertex -51.504478454589844 -62.8023567199707 -4
vertex -51.504478454589844 -64.50437927246094 -5
vertex -51.504478454589844 -64.50437927246094 -4
endloop
endfacet
facet normal -1 0 0
outer loop
vertex -51.504478454589844 -61.8023567199707 -5
vertex -51.504478454589844 -62.8023567199707 -4
vertex -51.504478454589844 -62.075008392333984 -4.099999904632568
endloop
endfacet
facet normal 0 0 -1
outer loop
vertex -57.904476165771484 -64.5022201538086 -4
vertex -63.004478454589844 -63.3023567199707 -4
vertex -57.904476165771484 -63.3023567199707 -4
endloop
endfacet
facet normal 0 0 -1
outer loop
vertex -51.504478454589844 -64.50437927246094 -4
vertex -57.10447692871094 -63.3023567199707 -4
vertex -51.813133239746094 -63.2642936706543 -4
endloop
endfacet
facet normal 0.47141119595445236 0.8819135356307857 0
outer loop
vertex -149.8871612548828 42.26538848876953 -3.5
vertex -149.8871612548828 42.26538848876953 -7.914895534515381
vertex -150.06004333496094 42.3577995300293 -3.5
endloop
endfacet
facet normal -0.956949415747014 0.2902547427716709 0
outer loop
vertex -148.52369689941406 42.994178771972656 -3.5
vertex -148.52369689941406 42.994178771972656 -7.179673194885254
vertex -148.58059692382812 42.806583404541016 -3.5
endloop
endfacet
facet normal 0 0 -1
outer loop
vertex -150.5044708251953 43.189266204833984 -3.5
vertex -150.33595275878906 42.633697509765625 -3.5
vertex -150.48526000976562 42.994178771972656 -3.5
endloop
endfacet
facet normal 0 0 -1
outer loop
vertex -150.33595275878906 42.633697509765625 -3.5
vertex -150.42835998535156 42.806583404541016 -3.5
vertex -150.48526000976562 42.994178771972656 -3.5
endloop
endfacet
facet normal 0 0 -1
outer loop
vertex -150.21157836914062 42.48216247558594 -3.5
vertex -150.33595275878906 42.633697509765625 -3.5
vertex -150.5044708251953 43.189266204833984 -3.5
endloop
endfacet
facet normal 0 0 -1
outer loop
vertex -148.79736328125 42.48216247558594 -3.5
vertex -148.94891357421875 42.3577995300293 -3.5
vertex -150.5044708251953 43.189266204833984 -3.5
endloop
endfacet
facet normal 0 0 -1
outer loop
vertex -148.94891357421875 42.3577995300293 -3.5
vertex -149.12179565429688 42.26538848876953 -3.5
vertex -150.5044708251953 43.189266204833984 -3.5
endloop
endfacet
facet normal 0 0 -1
outer loop
vertex -149.12179565429688 42.26538848876953 -3.5
vertex -149.30938720703125 42.20848083496094 -3.5
vertex -150.5044708251953 43.189266204833984 -3.5
endloop
endfacet
facet normal 0 0 -1
outer loop
vertex -149.30938720703125 42.20848083496094 -3.5
vertex -149.5044708251953 42.189266204833984 -3.5
vertex -150.5044708251953 43.189266204833984 -3.5
endloop
endfacet
facet normal 0 0 -1
outer loop
vertex -149.5044708251953 42.189266204833984 -3.5
vertex -149.69956970214844 42.20848083496094 -3.5
vertex -150.5044708251953 43.189266204833984 -3.5
endloop
endfacet
facet normal 0 0 -1
outer loop
vertex -149.8871612548828 42.26538848876953 -3.5
vertex -150.06004333496094 42.3577995300293 -3.5
vertex -150.5044708251953 43.189266204833984 -3.5
endloop
endfacet
facet normal 0 0 -1
outer loop
vertex -148.50460815429688 43.187984466552734 -3.5
vertex -148.52369689941406 42.994178771972656 -3.5
vertex -150.5044708251953 43.189266204833984 -3.5
endloop
endfacet
facet normal 0 0 -1
outer loop
vertex -148.52369689941406 42.994178771972656 -3.5
vertex -148.58059692382812 42.806583404541016 -3.5
vertex -150.5044708251953 43.189266204833984 -3.5
endloop
endfacet
facet normal 0 0 -1
outer loop
vertex -148.58059692382812 42.806583404541016 -3.5
vertex -148.67300415039062 42.633697509765625 -3.5
vertex -150.5044708251953 43.189266204833984 -3.5
endloop
endfacet
facet normal -0.995184451038556 0.09801993884454156 0
outer loop
vertex -148.50460815429688 43.187984466552734 -6.968142986297607
vertex -148.52369689941406 42.994178771972656 -7.179673194885254
vertex -148.52369689941406 42.994178771972656 -3.5
endloop
endfacet
facet normal -0.9569494157470139 0.29025474277167085 0
outer loop
vertex -148.52369689941406 42.994178771972656 -7.179673194885254
vertex -148.58059692382812 42.806583404541016 -7.384471416473389
vertex -148.58059692382812 42.806583404541016 -3.5
endloop
endfacet
facet normal 0.9953161029984473 0.09667393697105395 0.00007086960484081083
outer loop
vertex -150.48526000976562 42.994178771972656 -7.182308673858643
vertex -150.5043487548828 43.1905517578125 -6.968031406402588
vertex -150.5044708251953 43.189266204833984 -3.5
endloop
endfacet
facet normal 0.9569494157470139 0.2902547427716709 0
outer loop
vertex -150.42835998535156 42.806583404541016 -7.386953830718994
vertex -150.48526000976562 42.994178771972656 -7.182308673858643
vertex -150.48526000976562 42.994178771972656 -3.5
endloop
endfacet
facet normal 0.8819259499769285 0.47138797052671205 0
outer loop
vertex -150.33595275878906 42.633697509765625 -7.575502395629883
vertex -150.42835998535156 42.806583404541016 -7.386953830718994
vertex -150.42835998535156 42.806583404541016 -3.5
endloop
endfacet
facet normal 0 0 -1
outer loop
vertex -149.69956970214844 42.20848083496094 -3.5
vertex -149.8871612548828 42.26538848876953 -3.5
vertex -150.5044708251953 43.189266204833984 -3.5
endloop
endfacet
facet normal 0.6343974203505327 0.773007058863365 0
outer loop
vertex -150.06004333496094 42.3577995300293 -3.5
vertex -150.06004333496094 42.3577995300293 -7.876222610473633
vertex -150.21157836914062 42.48216247558594 -3.5
endloop
endfacet
facet normal -0.8819259499769285 0.47138797052671205 0
outer loop
vertex -148.58059692382812 42.806583404541016 -7.384471416473389
vertex -148.67300415039062 42.633697509765625 -7.573267936706543
vertex -148.67300415039062 42.633697509765625 -3.5
endloop
endfacet
facet normal -0.7730166016834488 0.6343857923391509 0
outer loop
vertex -148.79736328125 42.48216247558594 -7.7388081550598145
vertex -148.79736328125 42.48216247558594 -3.5
vertex -148.67300415039062 42.633697509765625 -7.573267936706543
endloop
endfacet
facet normal -0.634359250714869 0.7730383826385789 0
outer loop
vertex -148.79736328125 42.48216247558594 -7.7388081550598145
vertex -148.94891357421875 42.3577995300293 -7.874729633331299
vertex -148.94891357421875 42.3577995300293 -3.5
endloop
endfacet
facet normal -0.4714263381210519 0.881905441487791 0
outer loop
vertex -148.94891357421875 42.3577995300293 -7.874729633331299
vertex -149.01327514648438 42.323394775390625 -7.912363052368164
vertex -148.94891357421875 42.3577995300293 -3.5
endloop
endfacet
facet normal -0.47140221520930303 0.8819183360695945 0
outer loop
vertex -149.01327514648438 42.323394775390625 -7.912363052368164
vertex -149.12179565429688 42.26538848876953 -7.914895534515381
vertex -149.12179565429688 42.26538848876953 -3.5
endloop
endfacet
facet normal -0.2902957875711588 0.9569369653840532 0
outer loop
vertex -149.12179565429688 42.26538848876953 -7.914895534515381
vertex -149.30938720703125 42.20848083496094 -7.917379856109619
vertex -149.30938720703125 42.20848083496094 -3.5
endloop
endfacet
facet normal 0.7729784307673753 0.6344323018009139 0
outer loop
vertex -150.21157836914062 42.48216247558594 -7.740708351135254
vertex -150.33595275878906 42.633697509765625 -7.575502395629883
vertex -150.33595275878906 42.633697509765625 -3.5
endloop
endfacet
facet normal 0.6343974203505326 0.7730070588633648 0
outer loop
vertex -150.06004333496094 42.3577995300293 -7.876222610473633
vertex -150.21157836914062 42.48216247558594 -7.740708351135254
vertex -150.21157836914062 42.48216247558594 -3.5
endloop
endfacet
facet normal 0 0 -1
outer loop
vertex -150.5044708251953 43.189266204833984 -3.5
vertex -150.06004333496094 42.3577995300293 -3.5
vertex -150.21157836914062 42.48216247558594 -3.5
endloop
endfacet
facet normal -0.9951844510385561 0.09801993884454158 0
outer loop
vertex -148.50460815429688 43.187984466552734 -3.5
vertex -148.50460815429688 43.187984466552734 -6.968142986297607
vertex -148.52369689941406 42.994178771972656 -3.5
endloop
endfacet
facet normal -0.09802002419897403 0.9951844426316323 0
outer loop
vertex -149.30938720703125 42.20848083496094 -7.917379856109619
vertex -149.5044708251953 42.189266204833984 -7.918219089508057
vertex -149.5044708251953 42.189266204833984 -3.5
endloop
endfacet
facet normal 0.2902957875711588 0.9569369653840532 0
outer loop
vertex -149.69956970214844 42.20848083496094 -3.5
vertex -149.69956970214844 42.20848083496094 -7.917379856109619
vertex -149.8871612548828 42.26538848876953 -3.5
endloop
endfacet
facet normal 0.2902957875711588 0.9569369653840532 0
outer loop
vertex -149.69956970214844 42.20848083496094 -7.917379856109619
vertex -149.8871612548828 42.26538848876953 -7.914895534515381
vertex -149.8871612548828 42.26538848876953 -3.5
endloop
endfacet
facet normal 0.09801243164738917 0.9951851904256644 0
outer loop
vertex -149.5044708251953 42.189266204833984 -3.5
vertex -149.5044708251953 42.189266204833984 -7.918219089508057
vertex -149.69956970214844 42.20848083496094 -3.5
endloop
endfacet
facet normal -0.09802002419897403 0.9951844426316322 0
outer loop
vertex -149.30938720703125 42.20848083496094 -3.5
vertex -149.30938720703125 42.20848083496094 -7.917379856109619
vertex -149.5044708251953 42.189266204833984 -3.5
endloop
endfacet
facet normal 0.09801243164738917 0.9951851904256643 0
outer loop
vertex -149.5044708251953 42.189266204833984 -7.918219089508057
vertex -149.69956970214844 42.20848083496094 -7.917379856109619
vertex -149.69956970214844 42.20848083496094 -3.5
endloop
endfacet
facet normal 0.4714442182303786 0.8818958833655747 0
outer loop
vertex -150.06004333496094 42.3577995300293 -3.5
vertex -149.998046875 42.32465744018555 -7.9123077392578125
vertex -150.06004333496094 42.3577995300293 -7.876222610473633
endloop
endfacet
facet normal 0.4713927153541286 0.8819234138575728 -9.304459904333627e-7
outer loop
vertex -149.8871612548828 42.26538848876953 -7.914895534515381
vertex -149.998046875 42.32465744018555 -7.9123077392578125
vertex -150.06004333496094 42.3577995300293 -3.5
endloop
endfacet
facet normal 0.7729784307673753 0.6344323018009139 0
outer loop
vertex -150.21157836914062 42.48216247558594 -3.5
vertex -150.21157836914062 42.48216247558594 -7.740708351135254
vertex -150.33595275878906 42.633697509765625 -3.5
endloop
endfacet
facet normal -0.2902957875711588 0.9569369653840532 0
outer loop
vertex -149.12179565429688 42.26538848876953 -3.5
vertex -149.12179565429688 42.26538848876953 -7.914895534515381
vertex -149.30938720703125 42.20848083496094 -3.5
endloop
endfacet
facet normal -0.47141119595443337 0.88191353563075 -2.839862991144172e-7
outer loop
vertex -148.94891357421875 42.3577995300293 -3.5
vertex -149.01327514648438 42.323394775390625 -7.912363052368164
vertex -149.12179565429688 42.26538848876953 -3.5
endloop
endfacet
facet normal -0.6343592507148689 0.7730383826385789 0
outer loop
vertex -148.79736328125 42.48216247558594 -3.5
vertex -148.79736328125 42.48216247558594 -7.7388081550598145
vertex -148.94891357421875 42.3577995300293 -3.5
endloop
endfacet
facet normal 0.8819259499769284 0.471387970526712 0
outer loop
vertex -150.33595275878906 42.633697509765625 -3.5
vertex -150.33595275878906 42.633697509765625 -7.575502395629883
vertex -150.42835998535156 42.806583404541016 -3.5
endloop
endfacet
facet normal 0 0 -1
outer loop
vertex -148.67300415039062 42.633697509765625 -3.5
vertex -148.79736328125 42.48216247558594 -3.5
vertex -150.5044708251953 43.189266204833984 -3.5
endloop
endfacet
facet normal -0.7730166016834488 0.6343857923391509 0
outer loop
vertex -148.67300415039062 42.633697509765625 -3.5
vertex -148.67300415039062 42.633697509765625 -7.573267936706543
vertex -148.79736328125 42.48216247558594 -3.5
endloop
endfacet
facet normal 0.956949415747014 0.2902547427716709 0
outer loop
vertex -150.42835998535156 42.806583404541016 -3.5
vertex -150.42835998535156 42.806583404541016 -7.386953830718994
vertex -150.48526000976562 42.994178771972656 -3.5
endloop
endfacet
facet normal 0.9951865276244914 0.09799885323159381 0
outer loop
vertex -150.48526000976562 42.994178771972656 -3.5
vertex -150.48526000976562 42.994178771972656 -7.182308673858643
vertex -150.5044708251953 43.189266204833984 -3.5
endloop
endfacet
facet normal -0.8819259499769284 0.471387970526712 0
outer loop
vertex -148.58059692382812 42.806583404541016 -3.5
vertex -148.58059692382812 42.806583404541016 -7.384471416473389
vertex -148.67300415039062 42.633697509765625 -3.5
endloop
endfacet
facet normal 0 0 -1
outer loop
vertex 149.18284606933594 63.47587966918945 -3.5
vertex 148.98776245117188 63.495094299316406 -3.5
vertex 148.18284606933594 64.47587585449219 -3.5
endloop
endfacet
facet normal -0.4714120653053228 0.881913070934188 0
outer loop
vertex 149.67445373535156 63.6102180480957 -6.982960224151611
vertex 149.56553649902344 63.551998138427734 -6.985501766204834
vertex 149.56553649902344 63.551998138427734 -3.5
endloop
endfacet
facet normal -0.9569294337278706 0.29032061391719527 0
outer loop
vertex 150.16363525390625 64.28079223632812 -3.5
vertex 150.16363525390625 64.28079223632812 -6.250726222991943
vertex 150.10671997070312 64.09319305419922 -3.5
endloop
endfacet
facet normal -0.8819259499769284 0.471387970526712 0
outer loop
vertex 150.10671997070312 64.09319305419922 -3.5
vertex 150.10671997070312 64.09319305419922 -6.455498695373535
vertex 150.01431274414062 63.92030715942383 -3.5
endloop
endfacet
facet normal 0 0 -1
outer loop
vertex 148.98776245117188 63.495094299316406 -3.5
vertex 148.80015563964844 63.551998138427734 -3.5
vertex 148.18284606933594 64.47587585449219 -3.5
endloop
endfacet
facet normal 0 0 -1
outer loop
vertex 148.18284606933594 64.47587585449219 -3.5
vertex 148.80015563964844 63.551998138427734 -3.5
vertex 148.6272735595703 63.6444091796875 -3.5
endloop
endfacet
facet normal 0 0 -1
outer loop
vertex 148.18284606933594 64.47587585449219 -3.5
vertex 148.6272735595703 63.6444091796875 -3.5
vertex 148.47573852539062 63.76877212524414 -3.5
endloop
endfacet
facet normal 0 0 -1
outer loop
vertex 148.47573852539062 63.76877212524414 -3.5
vertex 148.35137939453125 63.92030715942383 -3.5
vertex 148.18284606933594 64.47587585449219 -3.5
endloop
endfacet
facet normal 0 0 -1
outer loop
vertex 148.35137939453125 63.92030715942383 -3.5
vertex 148.25897216796875 64.09319305419922 -3.5
vertex 148.20205688476562 64.28079223632812 -3.5
endloop
endfacet
facet normal 0 0 -1
outer loop
vertex 148.18284606933594 64.47587585449219 -3.5
vertex 148.35137939453125 63.92030715942383 -3.5
vertex 148.20205688476562 64.28079223632812 -3.5
endloop
endfacet
facet normal 0 0 -1
outer loop
vertex 149.3779296875 63.495094299316406 -3.5
vertex 149.18284606933594 63.47587966918945 -3.5
vertex 148.18284606933594 64.47587585449219 -3.5
endloop
endfacet
facet normal 0 0 -1
outer loop
vertex 149.56553649902344 63.551998138427734 -3.5
vertex 149.3779296875 63.495094299316406 -3.5
vertex 148.18284606933594 64.47587585449219 -3.5
endloop
endfacet
facet normal 0 0 -1
outer loop
vertex 149.73841857910156 63.6444091796875 -3.5
vertex 149.56553649902344 63.551998138427734 -3.5
vertex 148.18284606933594 64.47587585449219 -3.5
endloop
endfacet
facet normal 0 0 -1
outer loop
vertex 149.88995361328125 63.76877212524414 -3.5
vertex 149.73841857910156 63.6444091796875 -3.5
vertex 148.18284606933594 64.47587585449219 -3.5
endloop
endfacet
facet normal 0 0 -1
outer loop
vertex 150.01431274414062 63.92030715942383 -3.5
vertex 149.88995361328125 63.76877212524414 -3.5
vertex 148.18284606933594 64.47587585449219 -3.5
endloop
endfacet
facet normal 0 0 -1
outer loop
vertex 150.10671997070312 64.09319305419922 -3.5
vertex 150.01431274414062 63.92030715942383 -3.5
vertex 148.18284606933594 64.47587585449219 -3.5
endloop
endfacet
facet normal 0 0 -1
outer loop
vertex 150.16363525390625 64.28079223632812 -3.5
vertex 150.10671997070312 64.09319305419922 -3.5
vertex 148.18284606933594 64.47587585449219 -3.5
endloop
endfacet
facet normal 0 0 -1
outer loop
vertex 150.18276977539062 64.47502899169922 -3.5
vertex 150.16363525390625 64.28079223632812 -3.5
vertex 148.18284606933594 64.47587585449219 -3.5
endloop
endfacet
facet normal 0.9951863407328513 0.09800075111323112 0
outer loop
vertex 148.20205688476562 64.28079223632812 -3.5
vertex 148.20205688476562 64.28079223632812 -6.252468585968018
vertex 148.18284606933594 64.47587585449219 -3.5
endloop
endfacet
facet normal 0.9569294337278705 0.29032061391719527 0
outer loop
vertex 148.25897216796875 64.09319305419922 -3.5
vertex 148.25897216796875 64.09319305419922 -6.45713996887207
vertex 148.20205688476562 64.28079223632812 -3.5
endloop
endfacet
facet normal -0.7730166016834488 0.6343857923391509 0
outer loop
vertex 150.01431274414062 63.92030715942383 -3.5
vertex 150.01431274414062 63.92030715942383 -6.644253253936768
vertex 149.88995361328125 63.76877212524414 -3.5
endloop
endfacet
facet normal -0.6343974203505327 0.773007058863365 0
outer loop
vertex 149.88995361328125 63.76877212524414 -3.5
vertex 149.88995361328125 63.76877212524414 -6.809737205505371
vertex 149.73841857910156 63.6444091796875 -3.5
endloop
endfacet
facet normal -0.471411195954452 0.881913535630785 3.495356831839169e-8
outer loop
vertex 149.73841857910156 63.6444091796875 -3.5
vertex 149.67445373535156 63.6102180480957 -6.982960224151611
vertex 149.56553649902344 63.551998138427734 -3.5
endloop
endfacet
facet normal -0.29025634757470925 0.9569489289886841 0
outer loop
vertex 149.56553649902344 63.551998138427734 -3.5
vertex 149.56553649902344 63.551998138427734 -6.985501766204834
vertex 149.3779296875 63.495094299316406 -3.5
endloop
endfacet
facet normal -0.09802002419897403 0.9951844426316323 0
outer loop
vertex 149.3779296875 63.495094299316406 -3.5
vertex 149.3779296875 63.495094299316406 -6.9879865646362305
vertex 149.18284606933594 63.47587966918945 -3.5
endloop
endfacet
facet normal -0.6343974203505325 0.7730070588633647 0
outer loop
vertex 149.88995361328125 63.76877212524414 -6.809737205505371
vertex 149.73841857910156 63.6444091796875 -6.945589542388916
vertex 149.73841857910156 63.6444091796875 -3.5
endloop
endfacet
facet normal -0.4714097156491639 0.8819143269000536 0
outer loop
vertex 149.73841857910156 63.6444091796875 -6.945589542388916
vertex 149.67445373535156 63.6102180480957 -6.982960224151611
vertex 149.73841857910156 63.6444091796875 -3.5
endloop
endfacet
facet normal 0.8819259499769284 0.471387970526712 0
outer loop
vertex 148.35137939453125 63.92030715942383 -3.5
vertex 148.35137939453125 63.92030715942383 -6.645730495452881
vertex 148.25897216796875 64.09319305419922 -3.5
endloop
endfacet
facet normal 0.7730166016834489 0.6343857923391509 0
outer loop
vertex 148.47573852539062 63.76877212524414 -3.5
vertex 148.47573852539062 63.76877212524414 -6.810993194580078
vertex 148.35137939453125 63.92030715942383 -3.5
endloop
endfacet
facet normal 0.6343974203505326 0.7730070588633648 0
outer loop
vertex 148.6272735595703 63.6444091796875 -3.5
vertex 148.6272735595703 63.6444091796875 -6.9465765953063965
vertex 148.47573852539062 63.76877212524414 -3.5
endloop
endfacet
facet normal 0.09802002419897403 0.9951844426316322 0
outer loop
vertex 149.18284606933594 63.47587966918945 -3.5
vertex 149.18284606933594 63.47587966918945 -6.98882532119751
vertex 148.98776245117188 63.495094299316406 -3.5
endloop
endfacet
facet normal 0.4714111959544524 0.8819135356307857 0
outer loop
vertex 148.80015563964844 63.551998138427734 -3.5
vertex 148.80015563964844 63.551998138427734 -6.985501766204834
vertex 148.6272735595703 63.6444091796875 -3.5
endloop
endfacet
facet normal 0.29025634757470925 0.9569489289886841 0
outer loop
vertex 148.98776245117188 63.495094299316406 -3.5
vertex 148.98776245117188 63.495094299316406 -6.9879865646362305
vertex 148.80015563964844 63.551998138427734 -3.5
endloop
endfacet
facet normal -0.9951827919053531 0.09803678235981875 0
outer loop
vertex 150.18276977539062 64.47502899169922 -6.038730621337891
vertex 150.16363525390625 64.28079223632812 -6.250726222991943
vertex 150.16363525390625 64.28079223632812 -3.5
endloop
endfacet
facet normal 0.9952720988806592 0.09712592481206336 0.00006260262693803473
outer loop
vertex 148.20205688476562 64.28079223632812 -6.252468585968018
vertex 148.18292236328125 64.47673034667969 -6.038656711578369
vertex 148.18284606933594 64.47587585449219 -3.5
endloop
endfacet
facet normal -0.9569294337278705 0.29032061391719527 0
outer loop
vertex 150.16363525390625 64.28079223632812 -6.250726222991943
vertex 150.10671997070312 64.09319305419922 -6.455498695373535
vertex 150.10671997070312 64.09319305419922 -3.5
endloop
endfacet
facet normal 0.9569294337278704 0.2903206139171952 0
outer loop
vertex 148.25897216796875 64.09319305419922 -6.45713996887207
vertex 148.20205688476562 64.28079223632812 -6.252468585968018
vertex 148.20205688476562 64.28079223632812 -3.5
endloop
endfacet
facet normal -0.8819259499769284 0.471387970526712 0
outer loop
vertex 150.10671997070312 64.09319305419922 -6.455498695373535
vertex 150.01431274414062 63.92030715942383 -6.644253253936768
vertex 150.01431274414062 63.92030715942383 -3.5
endloop
endfacet
facet normal 0.7730166016834489 0.6343857923391509 0
outer loop
vertex 148.47573852539062 63.76877212524414 -6.810993194580078
vertex 148.35137939453125 63.92030715942383 -6.645730495452881
vertex 148.35137939453125 63.92030715942383 -3.5
endloop
endfacet
facet normal 0.09802002419897403 0.9951844426316323 0
outer loop
vertex 149.18284606933594 63.47587966918945 -6.98882532119751
vertex 148.98776245117188 63.495094299316406 -6.9879865646362305
vertex 148.98776245117188 63.495094299316406 -3.5
endloop
endfacet
facet normal -0.09802002419897403 0.9951844426316322 0
outer loop
vertex 149.3779296875 63.495094299316406 -6.9879865646362305
vertex 149.18284606933594 63.47587966918945 -6.98882532119751
vertex 149.18284606933594 63.47587966918945 -3.5
endloop
endfacet
facet normal 0.4713714877531304 0.8819347597942834 0
outer loop
vertex 148.68968200683594 63.611053466796875 -6.98292350769043
vertex 148.6272735595703 63.6444091796875 -6.9465765953063965
vertex 148.6272735595703 63.6444091796875 -3.5
endloop
endfacet
facet normal 0.29025634757470925 0.9569489289886841 0
outer loop
vertex 148.98776245117188 63.495094299316406 -6.9879865646362305
vertex 148.80015563964844 63.551998138427734 -6.985501766204834
vertex 148.80015563964844 63.551998138427734 -3.5
endloop
endfacet
facet normal 0.4714336525246169 0.8819015315018157 0.000001432118803492617
outer loop
vertex 148.80015563964844 63.551998138427734 -6.985501766204834
vertex 148.68968200683594 63.611053466796875 -6.98292350769043
vertex 148.6272735595703 63.6444091796875 -3.5
endloop
endfacet
facet normal -0.7730166016834489 0.6343857923391509 0
outer loop
vertex 150.01431274414062 63.92030715942383 -6.644253253936768
vertex 149.88995361328125 63.76877212524414 -6.809737205505371
vertex 149.88995361328125 63.76877212524414 -3.5
endloop
endfacet
facet normal 0.6343974203505327 0.773007058863365 0
outer loop
vertex 148.6272735595703 63.6444091796875 -6.9465765953063965
vertex 148.47573852539062 63.76877212524414 -6.810993194580078
vertex 148.47573852539062 63.76877212524414 -3.5
endloop
endfacet
facet normal -0.29025634757470925 0.9569489289886841 0
outer loop
vertex 149.56553649902344 63.551998138427734 -6.985501766204834
vertex 149.3779296875 63.495094299316406 -6.9879865646362305
vertex 149.3779296875 63.495094299316406 -3.5
endloop
endfacet
facet normal 0.8819259499769284 0.471387970526712 0
outer loop
vertex 148.35137939453125 63.92030715942383 -6.645730495452881
vertex 148.25897216796875 64.09319305419922 -6.45713996887207
vertex 148.25897216796875 64.09319305419922 -3.5
endloop
endfacet
facet normal -0.9951827919053532 0.09803678235981876 0
outer loop
vertex 150.18276977539062 64.47502899169922 -3.5
vertex 150.18276977539062 64.47502899169922 -6.038730621337891
vertex 150.16363525390625 64.28079223632812 -3.5
endloop
endfacet
facet normal 0.00015921615850326038 0.12403435558596937 -0.9922779113154682
outer loop
vertex -148.50344848632812 43.98798370361328 -2.4000000953674316
vertex -150.70448303222656 43.1908073425293 -2.5
vertex -150.50344848632812 43.99055099487305 -2.4000000953674316
endloop
endfacet
facet normal 0.00015909767635132014 0.12403467767172288 -0.9922778710738244
outer loop
vertex -150.70448303222656 43.1908073425293 -2.5
vertex -148.50344848632812 43.98798370361328 -2.4000000953674316
vertex -148.30447387695312 43.18772888183594 -2.5
endloop
endfacet
facet normal -0.9698282113817872 0.2437893361244571 0
outer loop
vertex -150.50344848632812 43.99055099487305 -2.4000000953674316
vertex -150.70448303222656 43.1908073425293 -2.5
vertex -150.70448303222656 43.1908073425293 -1.100000023841858
endloop
endfacet
facet normal 0.9704524624515312 0.24129239134659725 0
outer loop
vertex -148.50344848632812 43.98798370361328 -1.2000000476837158
vertex -148.30447387695312 43.18772888183594 -2.5
vertex -148.50344848632812 43.98798370361328 -2.4000000953674316
endloop
endfacet
facet normal 0.0012836445723230774 0.9999991761279666 0
outer loop
vertex -148.50344848632812 43.98798370361328 -2.4000000953674316
vertex -150.50344848632812 43.99055099487305 -2.4000000953674316
vertex -148.50344848632812 43.98798370361328 -1.2000000476837158
endloop
endfacet
facet normal -0.9698282113817872 0.2437893361244571 0
outer loop
vertex -150.50344848632812 43.99055099487305 -2.4000000953674316
vertex -150.70448303222656 43.1908073425293 -1.100000023841858
vertex -150.50344848632812 43.99055099487305 -1.2000000476837158
endloop
endfacet
facet normal 0.0012836445723230774 0.9999991761279666 0
outer loop
vertex -148.50344848632812 43.98798370361328 -1.2000000476837158
vertex -150.50344848632812 43.99055099487305 -2.4000000953674316
vertex -150.50344848632812 43.99055099487305 -1.2000000476837158
endloop
endfacet
facet normal 0.9704524624515312 0.24129239134659727 0
outer loop
vertex -148.30447387695312 43.18772888183594 -2.5
vertex -148.50344848632812 43.98798370361328 -1.2000000476837158
vertex -148.30447387695312 43.18772888183594 -1.100000023841858
endloop
endfacet
facet normal 0.00015909748769413773 0.12403453059205868 0.9922778894587934
outer loop
vertex -148.30447387695312 43.18772888183594 -1.100000023841858
vertex -150.50344848632812 43.99055099487305 -1.2000000476837158
vertex -150.70448303222656 43.1908073425293 -1.100000023841858
endloop
endfacet
facet normal 0.00015921679620073225 0.12403485237219837 0.9922778492171529
outer loop
vertex -150.50344848632812 43.99055099487305 -1.2000000476837158
vertex -148.30447387695312 43.18772888183594 -1.100000023841858
vertex -148.50344848632812 43.98798370361328 -1.2000000476837158
endloop
endfacet
facet normal 0.00010504015473298803 0.12403444289335322 0.9922779076159569
outer loop
vertex 148.1835174560547 65.27672576904297 -1.2000000476837158
vertex 150.38284301757812 64.47486114501953 -1.100000023841858
vertex 150.1835174560547 65.27503204345703 -1.2000000476837158
endloop
endfacet
facet normal 0.0001052775435429882 0.12403508399777109 0.9922778274527274
outer loop
vertex 150.38284301757812 64.47486114501953 -1.100000023841858
vertex 148.1835174560547 65.27672576904297 -1.2000000476837158
vertex 147.98284912109375 64.47689819335938 -1.100000023841858
endloop
endfacet
facet normal 0.9703467866854023 0.24171701133622062 0
outer loop
vertex 150.38284301757812 64.47486114501953 -2.5
vertex 150.1835174560547 65.27503204345703 -1.2000000476837158
vertex 150.38284301757812 64.47486114501953 -1.100000023841858
endloop
endfacet
facet normal 0.0008468624892938282 0.9999996414118978 0
outer loop
vertex 150.1835174560547 65.27503204345703 -1.2000000476837158
vertex 148.1835174560547 65.27672576904297 -2.4000000953674316
vertex 148.1835174560547 65.27672576904297 -1.2000000476837158
endloop
endfacet
facet normal -0.9699391593580087 0.24334754394462102 0
outer loop
vertex 147.98284912109375 64.47689819335938 -1.100000023841858
vertex 148.1835174560547 65.27672576904297 -1.2000000476837158
vertex 148.1835174560547 65.27672576904297 -2.4000000953674316
endloop
endfacet
facet normal 0.0008468624892938282 0.9999996414118978 0
outer loop
vertex 150.1835174560547 65.27503204345703 -2.4000000953674316
vertex 148.1835174560547 65.27672576904297 -2.4000000953674316
vertex 150.1835174560547 65.27503204345703 -1.2000000476837158
endloop
endfacet
facet normal 0.9703467866854021 0.2417170113362206 0
outer loop
vertex 150.1835174560547 65.27503204345703 -1.2000000476837158
vertex 150.38284301757812 64.47486114501953 -2.5
vertex 150.1835174560547 65.27503204345703 -2.4000000953674316
endloop
endfacet
facet normal -0.9699391593580088 0.24334754394462105 0
outer loop
vertex 148.1835174560547 65.27672576904297 -2.4000000953674316
vertex 147.98284912109375 64.47689819335938 -2.5
vertex 147.98284912109375 64.47689819335938 -1.100000023841858
endloop
endfacet
facet normal 0.00010527692513610599 0.12403435540792185 -0.9922779185265136
outer loop
vertex 147.98284912109375 64.47689819335938 -2.5
vertex 150.1835174560547 65.27503204345703 -2.4000000953674316
vertex 150.38284301757812 64.47486114501953 -2.5
endloop
endfacet
facet normal 0.00010504062390891036 0.1240349969098081 -0.9922778383638583
outer loop
vertex 150.1835174560547 65.27503204345703 -2.4000000953674316
vertex 147.98284912109375 64.47689819335938 -2.5
vertex 148.1835174560547 65.27672576904297 -2.4000000953674316
endloop
endfacet
endsolid auto-kdk-case
